name,locality,rating,reviews,mps_score,fee_range,specialization,top_praise,top_complaint,sentiment_pct,address,google_maps_url,source
JP Nagar Physiotherapy Clinic,JP Nagar,N/A,N/A,N/A,N/A (Contact Clinic),Physiotherapy & Rehabilitation,N/A,N/A,N/A,"JP Nagar Physiotherapy Clinic, JP Nagar, Bengaluru, Karnataka",https://www.google.com/maps/search/JP%20Nagar%20Physiotherapy%20Clinic%20JP%20Nagar%20Bengaluru,OpenStreetMap Real Spatial Node
Physio by Nightingales Welness Drive,Bengaluru Urban,N/A,N/A,N/A,N/A (Contact Clinic),Physiotherapy & Rehabilitation,N/A,N/A,N/A,"Physio by Nightingales Welness Drive, Bengaluru Urban, Bengaluru, Karnataka",https://www.google.com/maps/search/Physio%20by%20Nightingales%20Welness%20Drive%20Bengaluru%20Urban%20Bengaluru,OpenStreetMap Real Spatial Node
Physiotherapy clinic,Bengaluru Urban,N/A,N/A,N/A,N/A (Contact Clinic),Physiotherapy & Rehabilitation,N/A,N/A,N/A,"Physiotherapy clinic, Bengaluru Urban, Bengaluru, Karnataka",https://www.google.com/maps/search/Physiotherapy%20clinic%20Bengaluru%20Urban%20Bengaluru,OpenStreetMap Real Spatial Node
Physio,Bengaluru Urban,N/A,N/A,N/A,N/A (Contact Clinic),Physiotherapy & Rehabilitation,N/A,N/A,N/A,"Physio, Bengaluru Urban, Bengaluru, Karnataka",https://www.google.com/maps/search/Physio%20Bengaluru%20Urban%20Bengaluru,OpenStreetMap Real Spatial Node
Sri Krishna Physiotherapy Clinic,Bengaluru Urban,N/A,N/A,N/A,N/A (Contact Clinic),Physiotherapy & Rehabilitation,N/A,N/A,N/A,"Sri Krishna Physiotherapy Clinic,  Bengaluru Urban, Bengaluru 560036",https://www.google.com/maps/search/Sri%20Krishna%20Physiotherapy%20Clinic%20Bengaluru%20Urban%20Bengaluru,OpenStreetMap Real Spatial Node
Spectrum Physio Centre,Bengaluru Urban,N/A,N/A,N/A,N/A (Contact Clinic),Physiotherapy & Rehabilitation,N/A,N/A,N/A,"Spectrum Physio Centre,  Bengaluru Urban, Bengaluru 560093",https://www.google.com/maps/search/Spectrum%20Physio%20Centre%20Bengaluru%20Urban%20Bengaluru,OpenStreetMap Real Spatial Node
Premji Occupational Therapy & Rehabilitation Centre,Bengaluru Urban,N/A,N/A,N/A,N/A (Contact Clinic),Physiotherapy & Rehabilitation,N/A,N/A,N/A,"Premji Occupational Therapy & Rehabilitation Centre,  Bengaluru Urban, Bengaluru 560043",https://www.google.com/maps/search/Premji%20Occupational%20Therapy%20%26%20Rehabilitation%20Centre%20Bengaluru%20Urban%20Bengaluru,OpenStreetMap Real Spatial Node
Dr. Harsha's physiotherapy Clinic,Bengaluru Urban,N/A,N/A,N/A,N/A (Contact Clinic),Physiotherapy & Rehabilitation,N/A,N/A,N/A,"Dr. Harsha's physiotherapy Clinic,  Bengaluru Urban, Bengaluru 560043",https://www.google.com/maps/search/Dr.%20Harsha%27s%20physiotherapy%20Clinic%20Bengaluru%20Urban%20Bengaluru,OpenStreetMap Real Spatial Node
Synovium Physiotherapy Clinic,Bengaluru Urban,N/A,N/A,N/A,N/A (Contact Clinic),Physiotherapy & Rehabilitation,N/A,N/A,N/A,"Synovium Physiotherapy Clinic,  Bengaluru Urban, Bengaluru 560043",https://www.google.com/maps/search/Synovium%20Physiotherapy%20Clinic%20Bengaluru%20Urban%20Bengaluru,OpenStreetMap Real Spatial Node
Naina Polyclinic & Physiotherapy Centre,Bengaluru Urban,N/A,N/A,N/A,N/A (Contact Clinic),Physiotherapy & Rehabilitation,N/A,N/A,N/A,"Naina Polyclinic & Physiotherapy Centre,  Bengaluru Urban, Bengaluru 560064",https://www.google.com/maps/search/Naina%20Polyclinic%20%26%20Physiotherapy%20Centre%20Bengaluru%20Urban%20Bengaluru,OpenStreetMap Real Spatial Node
Healing Hands Advanced Physiotherapy Clinic,Bengaluru Urban,N/A,N/A,N/A,N/A (Contact Clinic),Physiotherapy & Rehabilitation,N/A,N/A,N/A,"Healing Hands Advanced Physiotherapy Clinic, 4th Cross Road , Bengaluru 560078",https://www.google.com/maps/search/Healing%20Hands%20Advanced%20Physiotherapy%20Clinic%20Bengaluru%20Urban%20Bengaluru,OpenStreetMap Real Spatial Node
Impact Physiotherapy,Bengaluru Urban,N/A,N/A,N/A,N/A (Contact Clinic),Physiotherapy & Rehabilitation,N/A,N/A,N/A,"Impact Physiotherapy, Bengaluru Urban, Bengaluru, Karnataka",https://www.google.com/maps/search/Impact%20Physiotherapy%20Bengaluru%20Urban%20Bengaluru,OpenStreetMap Real Spatial Node
Quantum Physiotherapy,Bengaluru Urban,N/A,N/A,N/A,N/A (Contact Clinic),Physiotherapy & Rehabilitation,N/A,N/A,N/A,"Quantum Physiotherapy, Bengaluru Urban, Bengaluru, Karnataka",https://www.google.com/maps/search/Quantum%20Physiotherapy%20Bengaluru%20Urban%20Bengaluru,OpenStreetMap Real Spatial Node
Gaur Physiotherapy,Bengaluru Urban,N/A,N/A,N/A,N/A (Contact Clinic),Physiotherapy & Rehabilitation,N/A,N/A,N/A,"Gaur Physiotherapy, Bengaluru Urban, Bengaluru, Karnataka",https://www.google.com/maps/search/Gaur%20Physiotherapy%20Bengaluru%20Urban%20Bengaluru,OpenStreetMap Real Spatial Node
NIMHANS Department Of Psychiatric and Neuro Rehabilitation,Bengaluru Urban,N/A,N/A,N/A,N/A (Contact Clinic),Physiotherapy & Rehabilitation,N/A,N/A,N/A,"NIMHANS Department Of Psychiatric and Neuro Rehabilitation, Bengaluru Urban, Bengaluru, Karnataka",https://www.google.com/maps/search/NIMHANS%20Department%20Of%20Psychiatric%20and%20Neuro%20Rehabilitation%20Bengaluru%20Urban%20Bengaluru,OpenStreetMap Real Spatial Node
NIMHANS Physiotherapy Center,Bengaluru Urban,N/A,N/A,N/A,N/A (Contact Clinic),Physiotherapy & Rehabilitation,N/A,N/A,N/A,"NIMHANS Physiotherapy Center, Bengaluru Urban, Bengaluru, Karnataka",https://www.google.com/maps/search/NIMHANS%20Physiotherapy%20Center%20Bengaluru%20Urban%20Bengaluru,OpenStreetMap Real Spatial Node
Elite Physiotherapy Clinic,Bengaluru Urban,N/A,N/A,N/A,N/A (Contact Clinic),Physiotherapy & Rehabilitation,N/A,N/A,N/A,"Elite Physiotherapy Clinic, Bengaluru Urban, Bengaluru, Karnataka",https://www.google.com/maps/search/Elite%20Physiotherapy%20Clinic%20Bengaluru%20Urban%20Bengaluru,OpenStreetMap Real Spatial Node
Oral rehabilitation center,Bengaluru Urban,N/A,N/A,N/A,N/A (Contact Clinic),Physiotherapy & Rehabilitation,N/A,N/A,N/A,"Oral rehabilitation center, Osbourne Road , Bengaluru 560042",https://www.google.com/maps/search/Oral%20rehabilitation%20center%20Bengaluru%20Urban%20Bengaluru,OpenStreetMap Real Spatial Node
Sri Gajanana Physiotherpy Clinic,Bengaluru Urban,N/A,N/A,N/A,N/A (Contact Clinic),Physiotherapy & Rehabilitation,N/A,N/A,N/A,"Sri Gajanana Physiotherpy Clinic, Bengaluru Urban, Bengaluru, Karnataka",https://www.google.com/maps/search/Sri%20Gajanana%20Physiotherpy%20Clinic%20Bengaluru%20Urban%20Bengaluru,OpenStreetMap Real Spatial Node
Amogha Physiotherapy Clinic,Bengaluru Urban,N/A,N/A,N/A,N/A (Contact Clinic),Physiotherapy & Rehabilitation,N/A,N/A,N/A,"Amogha Physiotherapy Clinic, Bengaluru Urban, Bengaluru, Karnataka",https://www.google.com/maps/search/Amogha%20Physiotherapy%20Clinic%20Bengaluru%20Urban%20Bengaluru,OpenStreetMap Real Spatial Node
BOSH Physiotherapy,Kalyan Nagar,N/A,N/A,N/A,N/A (Contact Clinic),Physiotherapy & Rehabilitation,N/A,N/A,N/A,"BOSH Physiotherapy, CMR Main Rd, 3rd Cross, 2nd Block HRBR Layout, Kalyan nagar Bengaluru Urban, Bengaluru 560043",https://www.google.com/maps/search/BOSH%20Physiotherapy%20Kalyan%20Nagar%20Bengaluru,OpenStreetMap Real Spatial Node
Sri Sai Physiotherapist Clinic,Bengaluru Urban,N/A,N/A,N/A,N/A (Contact Clinic),Physiotherapy & Rehabilitation,N/A,N/A,N/A,"Sri Sai Physiotherapist Clinic, Bengaluru Urban, Bengaluru, Karnataka",https://www.google.com/maps/search/Sri%20Sai%20Physiotherapist%20Clinic%20Bengaluru%20Urban%20Bengaluru,OpenStreetMap Real Spatial Node
Eva Physiotherapy Clinic,Whitefield,N/A,N/A,N/A,N/A (Contact Clinic),Physiotherapy & Rehabilitation,N/A,N/A,N/A,"Eva Physiotherapy Clinic, Whitefield Road , Bengaluru",https://www.google.com/maps/search/Eva%20Physiotherapy%20Clinic%20Whitefield%20Bengaluru,OpenStreetMap Real Spatial Node
Physio Reset,Bengaluru Urban,N/A,N/A,N/A,N/A (Contact Clinic),Physiotherapy & Rehabilitation,N/A,N/A,N/A,"Physio Reset, Bengaluru Urban, Bengaluru, Karnataka",https://www.google.com/maps/search/Physio%20Reset%20Bengaluru%20Urban%20Bengaluru,OpenStreetMap Real Spatial Node
Dr. Abhilipsa | AbhiGyan - Ortho Neuro Sports Rehab Physiotherapist | Physiotherapy Clinic | Back Pain | Neck Pain,Bengaluru Urban,N/A,N/A,N/A,N/A (Contact Clinic),Physiotherapy & Rehabilitation,N/A,N/A,N/A,"Dr. Abhilipsa | AbhiGyan - Ortho Neuro Sports Rehab Physiotherapist | Physiotherapy Clinic | Back Pain | Neck Pain, Kamala Ark, Judicial Layout Karnataka, Bengaluru 560109",https://www.google.com/maps/search/Dr.%20Abhilipsa%20%7C%20AbhiGyan%20-%20Ortho%20Neuro%20Sports%20Rehab%20Physiotherapist%20%7C%20Physiotherapy%20Clinic%20%7C%20Back%20Pain%20%7C%20Neck%20Pain%20Bengaluru%20Urban%20Bengaluru,OpenStreetMap Real Spatial Node
Fix and flex Physiotherapy Clinic | Best physiotherapy centre in Bangalore,Banashankari,N/A,N/A,N/A,N/A (Contact Clinic),Physiotherapy & Rehabilitation,N/A,N/A,N/A,"Fix and flex Physiotherapy Clinic | Best physiotherapy centre in Bangalore, Srinagar, 4th Cross Road, 5th Main road, Banashankari Stage I , Bengaluru 560050",https://www.google.com/maps/search/Fix%20and%20flex%20Physiotherapy%20Clinic%20%7C%20Best%20physiotherapy%20centre%20in%20Bangalore%20Banashankari%20Bengaluru,OpenStreetMap Real Spatial Node
Pristine physiotherapy and wellness clinic in Koramangala,Koramangala,N/A,N/A,N/A,N/A (Contact Clinic),Physiotherapy & Rehabilitation,N/A,N/A,N/A,"Pristine physiotherapy and wellness clinic in Koramangala, Prestine physiotherapy clinic , Bengaluru 560095",https://www.google.com/maps/search/Pristine%20physiotherapy%20and%20wellness%20clinic%20in%20Koramangala%20Koramangala%20Bengaluru,OpenStreetMap Real Spatial Node
Karnataka Rehabilitation Center,Bengaluru Urban,N/A,N/A,N/A,N/A (Contact Clinic),Physiotherapy & Rehabilitation,N/A,N/A,N/A,"Karnataka Rehabilitation Center, Bengaluru Urban, Bengaluru, Karnataka",https://www.google.com/maps/search/Karnataka%20Rehabilitation%20Center%20Bengaluru%20Urban%20Bengaluru,OpenStreetMap Real Spatial Node
Complete Physiotheraphy Clinic,Bengaluru Urban,N/A,N/A,N/A,N/A (Contact Clinic),Physiotherapy & Rehabilitation,N/A,N/A,N/A,"Complete Physiotheraphy Clinic, Bengaluru Urban, Bengaluru, Karnataka",https://www.google.com/maps/search/Complete%20Physiotheraphy%20Clinic%20Bengaluru%20Urban%20Bengaluru,OpenStreetMap Real Spatial Node
Jayanagar heart Centre,Jayanagar,N/A,N/A,N/A,N/A (Contact Clinic),General Healthcare & Rehab,N/A,N/A,N/A,"Jayanagar heart Centre, Jayanagar, Bengaluru, Karnataka",https://www.google.com/maps/search/Jayanagar%20heart%20Centre%20Jayanagar%20Bengaluru,OpenStreetMap Real Spatial Node
Yashomathi Hospitals,Varthur,N/A,N/A,N/A,N/A (Contact Clinic),General Healthcare & Rehab,N/A,N/A,N/A,"Yashomathi Hospitals, Varthur Road , Bengaluru",https://www.google.com/maps/search/Yashomathi%20Hospitals%20Varthur%20Bengaluru,OpenStreetMap Real Spatial Node
"The Apollo Clinic, Bengaluru Urban",Koramangala,N/A,N/A,N/A,N/A (Contact Clinic),General Healthcare & Rehab,N/A,N/A,N/A,"The Apollo Clinic, Bengaluru Urban, 1st Cross, 5th Block, Koramangala, Near Nagarjuna Hotel Bengaluru Urban, Bengaluru 560095",https://www.google.com/maps/search/The%20Apollo%20Clinic%2C%20Bengaluru%20Urban%20Koramangala%20Bengaluru,OpenStreetMap Real Spatial Node
Pushpa Medicals,Whitefield,N/A,N/A,N/A,N/A (Contact Clinic),General Healthcare & Rehab,N/A,N/A,N/A,"Pushpa Medicals, Whitefield Main Road , Bengaluru 560066",https://www.google.com/maps/search/Pushpa%20Medicals%20Whitefield%20Bengaluru,OpenStreetMap Real Spatial Node
"Vasan Eye Care Hospital, Koramangala",Koramangala,N/A,N/A,N/A,N/A (Contact Clinic),General Healthcare & Rehab,N/A,N/A,N/A,"Vasan Eye Care Hospital, Koramangala,  Bengaluru Urban, Bengaluru 560095",https://www.google.com/maps/search/Vasan%20Eye%20Care%20Hospital%2C%20Koramangala%20Koramangala%20Bengaluru,OpenStreetMap Real Spatial Node
Dr.Chandar Clinic,Whitefield,N/A,N/A,N/A,N/A (Contact Clinic),General Healthcare & Rehab,N/A,N/A,N/A,"Dr.Chandar Clinic, Whitefield Road , Bengaluru",https://www.google.com/maps/search/Dr.Chandar%20Clinic%20Whitefield%20Bengaluru,OpenStreetMap Real Spatial Node
Banashankari Referral Hospital,Banashankari,N/A,N/A,N/A,N/A (Contact Clinic),General Healthcare & Rehab,N/A,N/A,N/A,"Banashankari Referral Hospital,  Bengaluru Urban, Bengaluru 560070",https://www.google.com/maps/search/Banashankari%20Referral%20Hospital%20Banashankari%20Bengaluru,OpenStreetMap Real Spatial Node
Greenview Medical Center,HSR Layout,N/A,N/A,N/A,N/A (Contact Clinic),General Healthcare & Rehab,N/A,N/A,N/A,"Greenview Medical Center, 14th Main Rd, opposite Agara Lake, Sector 5, 1st Sector, HSR Layout Bengaluru, Bengaluru 560102",https://www.google.com/maps/search/Greenview%20Medical%20Center%20HSR%20Layout%20Bengaluru,OpenStreetMap Real Spatial Node
"Deepak Nursing Home, Jayanagar",Jayanagar,N/A,N/A,N/A,N/A (Contact Clinic),General Healthcare & Rehab,N/A,N/A,N/A,"Deepak Nursing Home, Jayanagar,  Bengaluru Rural, Bengaluru 560082",https://www.google.com/maps/search/Deepak%20Nursing%20Home%2C%20Jayanagar%20Jayanagar%20Bengaluru,OpenStreetMap Real Spatial Node
Telerad Rx Dx Health Care Whitefield,Whitefield,N/A,N/A,N/A,N/A (Contact Clinic),General Healthcare & Rehab,N/A,N/A,N/A,"Telerad Rx Dx Health Care Whitefield, Whitefield, Bengaluru, Karnataka",https://www.google.com/maps/search/Telerad%20Rx%20Dx%20Health%20Care%20Whitefield%20Whitefield%20Bengaluru,OpenStreetMap Real Spatial Node
Indiranagar Specialist Center,Indiranagar,N/A,N/A,N/A,N/A (Contact Clinic),General Healthcare & Rehab,N/A,N/A,N/A,"Indiranagar Specialist Center, Indiranagar, Bengaluru, Karnataka",https://www.google.com/maps/search/Indiranagar%20Specialist%20Center%20Indiranagar%20Bengaluru,OpenStreetMap Real Spatial Node
Mascot Speciality Dental Clinic,Indiranagar,N/A,N/A,N/A,N/A (Contact Clinic),General Healthcare & Rehab,N/A,N/A,N/A,"Mascot Speciality Dental Clinic, Indiranagar Double Road , Bengaluru",https://www.google.com/maps/search/Mascot%20Speciality%20Dental%20Clinic%20Indiranagar%20Bengaluru,OpenStreetMap Real Spatial Node
Rashmi Hospital,Indiranagar,N/A,N/A,N/A,N/A (Contact Clinic),General Healthcare & Rehab,N/A,N/A,N/A,"Rashmi Hospital, Indiranagar Double Road (Paramahansa Yogananda road) , Bengaluru",https://www.google.com/maps/search/Rashmi%20Hospital%20Indiranagar%20Bengaluru,OpenStreetMap Real Spatial Node
Speciality Clinic,Indiranagar,N/A,N/A,N/A,N/A (Contact Clinic),General Healthcare & Rehab,N/A,N/A,N/A,"Speciality Clinic, Indiranagar Double Road , Bengaluru",https://www.google.com/maps/search/Speciality%20Clinic%20Indiranagar%20Bengaluru,OpenStreetMap Real Spatial Node
Dr.Spine Clinic,Indiranagar,N/A,N/A,N/A,N/A (Contact Clinic),Orthopedic & Spine Care,N/A,N/A,N/A,"Dr.Spine Clinic, Indiranagar Double Road (Paramahansa Yogananda road) , Bengaluru",https://www.google.com/maps/search/Dr.Spine%20Clinic%20Indiranagar%20Bengaluru,OpenStreetMap Real Spatial Node
JP Nagar Diagnostic Centre,JP Nagar,N/A,N/A,N/A,N/A (Contact Clinic),General Healthcare & Rehab,N/A,N/A,N/A,"JP Nagar Diagnostic Centre, JP Nagar, Bengaluru, Karnataka",https://www.google.com/maps/search/JP%20Nagar%20Diagnostic%20Centre%20JP%20Nagar%20Bengaluru,OpenStreetMap Real Spatial Node
Gulecha Dental Care,Jayanagar,N/A,N/A,N/A,N/A (Contact Clinic),General Healthcare & Rehab,N/A,N/A,N/A,"Gulecha Dental Care, 4th Cross Road, KV Layout, Jayanagar 4th Block Bengaluru Urban, Bengaluru 560011",https://www.google.com/maps/search/Gulecha%20Dental%20Care%20Jayanagar%20Bengaluru,OpenStreetMap Real Spatial Node
Stanford Speciality Hospital,Sarjapur,N/A,N/A,N/A,N/A (Contact Clinic),General Healthcare & Rehab,N/A,N/A,N/A,"Stanford Speciality Hospital, Kasvanahalli Road, Behind State Bank of Mysore, Sarjapur Road, Kaikondrahalli , Bengaluru 560035",https://www.google.com/maps/search/Stanford%20Speciality%20Hospital%20Sarjapur%20Bengaluru,OpenStreetMap Real Spatial Node
Raksha Orthopaedic And Multi Speciality Centre,Sarjapur,N/A,N/A,N/A,N/A (Contact Clinic),Orthopedic & Spine Care,N/A,N/A,N/A,"Raksha Orthopaedic And Multi Speciality Centre, Lake Shore HomesRoad, Amrita college road, off sarjapur road, Kasavanahalli , Bengaluru 560035",https://www.google.com/maps/search/Raksha%20Orthopaedic%20And%20Multi%20Speciality%20Centre%20Sarjapur%20Bengaluru,OpenStreetMap Real Spatial Node
Piles and Fistula Clinic,Varthur,N/A,N/A,N/A,N/A (Contact Clinic),General Healthcare & Rehab,N/A,N/A,N/A,"Piles and Fistula Clinic, Varthur Road, Marathahalli , Bengaluru 560037",https://www.google.com/maps/search/Piles%20and%20Fistula%20Clinic%20Varthur%20Bengaluru,OpenStreetMap Real Spatial Node
Kottakkal Arya Vaidya Sala,Bellandur,N/A,N/A,N/A,N/A (Contact Clinic),General Healthcare & Rehab,N/A,N/A,N/A,"Kottakkal Arya Vaidya Sala, Service Rd, Agara, Iblur Village, Bellandur , Bengaluru 560103",https://www.google.com/maps/search/Kottakkal%20Arya%20Vaidya%20Sala%20Bellandur%20Bengaluru,OpenStreetMap Real Spatial Node
Sri Sai Dental & Medical Care,Bellandur,N/A,N/A,N/A,N/A (Contact Clinic),General Healthcare & Rehab,N/A,N/A,N/A,"Sri Sai Dental & Medical Care, Chandra Mension, Bellandur, Sarjapur Main Road , Bengaluru 560035",https://www.google.com/maps/search/Sri%20Sai%20Dental%20%26%20Medical%20Care%20Bellandur%20Bengaluru,OpenStreetMap Real Spatial Node
Ittina Wellness Centre,Sarjapur,N/A,N/A,N/A,N/A (Contact Clinic),General Healthcare & Rehab,N/A,N/A,N/A,"Ittina Wellness Centre, Ambalipura, Sarjapur Main Road , Bengaluru 560102",https://www.google.com/maps/search/Ittina%20Wellness%20Centre%20Sarjapur%20Bengaluru,OpenStreetMap Real Spatial Node
Carewell Homoeo Clinic,Sarjapur,N/A,N/A,N/A,N/A (Contact Clinic),General Healthcare & Rehab,N/A,N/A,N/A,"Carewell Homoeo Clinic, Sarjapur Main Road, Carmelaram, Hadosiddapura, Chikkakannalli , Bengaluru 560035",https://www.google.com/maps/search/Carewell%20Homoeo%20Clinic%20Sarjapur%20Bengaluru,OpenStreetMap Real Spatial Node
Dr. Arpita Agarwal Clinic,Sarjapur,N/A,N/A,N/A,N/A (Contact Clinic),General Healthcare & Rehab,N/A,N/A,N/A,"Dr. Arpita Agarwal Clinic, Mahaveer Cottage, Off Sarjapur Road , Bengaluru 560068",https://www.google.com/maps/search/Dr.%20Arpita%20Agarwal%20Clinic%20Sarjapur%20Bengaluru,OpenStreetMap Real Spatial Node
Vaatsalya Homeopathy Clinic,Sarjapur,N/A,N/A,N/A,N/A (Contact Clinic),General Healthcare & Rehab,N/A,N/A,N/A,"Vaatsalya Homeopathy Clinic, Kaikondrahalli,Sarjapur main road, , Bengaluru 560035",https://www.google.com/maps/search/Vaatsalya%20Homeopathy%20Clinic%20Sarjapur%20Bengaluru,OpenStreetMap Real Spatial Node
32Smiles Multispecialty Dental clinic,Bellandur,N/A,N/A,N/A,N/A (Contact Clinic),General Healthcare & Rehab,N/A,N/A,N/A,"32Smiles Multispecialty Dental clinic, Bellandur Gate, Sarjapura Road , Bengaluru 560103",https://www.google.com/maps/search/32Smiles%20Multispecialty%20Dental%20clinic%20Bellandur%20Bengaluru,OpenStreetMap Real Spatial Node
Bright Smiles Family dental Care,Panathur,N/A,N/A,N/A,N/A (Contact Clinic),General Healthcare & Rehab,N/A,N/A,N/A,"Bright Smiles Family dental Care, Panathur Main Road , Bengaluru 560087",https://www.google.com/maps/search/Bright%20Smiles%20Family%20dental%20Care%20Panathur%20Bengaluru,OpenStreetMap Real Spatial Node
Aditi Dental Care,Sarjapur,N/A,N/A,N/A,N/A (Contact Clinic),General Healthcare & Rehab,N/A,N/A,N/A,"Aditi Dental Care, Ambalipura, Sarjapura Road , Bengaluru 560102",https://www.google.com/maps/search/Aditi%20Dental%20Care%20Sarjapur%20Bengaluru,OpenStreetMap Real Spatial Node
Banashankari Medicals,Varthur,N/A,N/A,N/A,N/A (Contact Clinic),General Healthcare & Rehab,N/A,N/A,N/A,"Banashankari Medicals, Amruth College Main Road, Varthur Hobli, Kasavanahalli , Bengaluru 560035",https://www.google.com/maps/search/Banashankari%20Medicals%20Varthur%20Bengaluru,OpenStreetMap Real Spatial Node
Krishna Medical & General Stores,Sarjapur,N/A,N/A,N/A,N/A (Contact Clinic),General Healthcare & Rehab,N/A,N/A,N/A,"Krishna Medical & General Stores, CSB Layout, Kasavanahalli, Sarjapur Road , Bengaluru 560034",https://www.google.com/maps/search/Krishna%20Medical%20%26%20General%20Stores%20Sarjapur%20Bengaluru,OpenStreetMap Real Spatial Node
Dr. Dhirendra H Deshpande,Jayanagar,N/A,N/A,N/A,N/A (Contact Clinic),General Healthcare & Rehab,N/A,N/A,N/A,"Dr. Dhirendra H Deshpande, Chintal Plaza, 10th Main, 33rd Cross, 4th Block, Jayanagar , Bengaluru 560011",https://www.google.com/maps/search/Dr.%20Dhirendra%20H%20Deshpande%20Jayanagar%20Bengaluru,OpenStreetMap Real Spatial Node
Ganesh Medicals,Sarjapur,N/A,N/A,N/A,N/A (Contact Clinic),General Healthcare & Rehab,N/A,N/A,N/A,"Ganesh Medicals, Sarjapur Road , Bengaluru 562125",https://www.google.com/maps/search/Ganesh%20Medicals%20Sarjapur%20Bengaluru,OpenStreetMap Real Spatial Node
SK Eye and Skin Clinic,Bellandur,N/A,N/A,N/A,N/A (Contact Clinic),General Healthcare & Rehab,N/A,N/A,N/A,"SK Eye and Skin Clinic, ARB Complex, Ambalipura, Bellandur Gate, Bellandur Main Road Off Sarjapur Main Road , Bengaluru 560102",https://www.google.com/maps/search/SK%20Eye%20and%20Skin%20Clinic%20Bellandur%20Bengaluru,OpenStreetMap Real Spatial Node
A & J Ayur Care,Sarjapur,N/A,N/A,N/A,N/A (Contact Clinic),General Healthcare & Rehab,N/A,N/A,N/A,"A & J Ayur Care, Chikkanayakanahalli Road, Doddakanahalli Junction, Sarjapur Road , Bengaluru 560035",https://www.google.com/maps/search/A%20%26%20J%20Ayur%20Care%20Sarjapur%20Bengaluru,OpenStreetMap Real Spatial Node
Addresshealth Child Health Clinic,Sarjapur,N/A,N/A,N/A,N/A (Contact Clinic),General Healthcare & Rehab,N/A,N/A,N/A,"Addresshealth Child Health Clinic, Kaikondrahalli, Sarjapur Road , Bengaluru 560034",https://www.google.com/maps/search/Addresshealth%20Child%20Health%20Clinic%20Sarjapur%20Bengaluru,OpenStreetMap Real Spatial Node
Alpha Clinics,Sarjapur,N/A,N/A,N/A,N/A (Contact Clinic),General Healthcare & Rehab,N/A,N/A,N/A,"Alpha Clinics, Kasavanahalli main road, sarjapur road , Bengaluru 560035",https://www.google.com/maps/search/Alpha%20Clinics%20Sarjapur%20Bengaluru,OpenStreetMap Real Spatial Node
Esthetix Orthodontic and Cosmetic Dental Clinic,Sarjapur,N/A,N/A,N/A,N/A (Contact Clinic),Orthopedic & Spine Care,N/A,N/A,N/A,"Esthetix Orthodontic and Cosmetic Dental Clinic, Kristal Jasper Commercial Complex, Kasavanahalli Main Road, Sarjapur Road , Bengaluru 560035",https://www.google.com/maps/search/Esthetix%20Orthodontic%20and%20Cosmetic%20Dental%20Clinic%20Sarjapur%20Bengaluru,OpenStreetMap Real Spatial Node
Murthy Health and Research Centre,Sarjapur,N/A,N/A,N/A,N/A (Contact Clinic),General Healthcare & Rehab,N/A,N/A,N/A,"Murthy Health and Research Centre, Sarjapura Road, Jakkasandra Extension Bengaluru Urban, Bengaluru 560034",https://www.google.com/maps/search/Murthy%20Health%20and%20Research%20Centre%20Sarjapur%20Bengaluru,OpenStreetMap Real Spatial Node
Annayya Healthcare Pvt Ltd,HSR Layout,N/A,N/A,N/A,N/A (Contact Clinic),General Healthcare & Rehab,N/A,N/A,N/A,"Annayya Healthcare Pvt Ltd, 14th Main, 5th Sector, HSR Layout Bengaluru Urban, Bengaluru 560034",https://www.google.com/maps/search/Annayya%20Healthcare%20Pvt%20Ltd%20HSR%20Layout%20Bengaluru,OpenStreetMap Real Spatial Node
Dental Clinic,Indiranagar,N/A,N/A,N/A,N/A (Contact Clinic),General Healthcare & Rehab,N/A,N/A,N/A,"Dental Clinic, 12th Main, Hal 2nd Stage, Indiranagar , Bengaluru 560008",https://www.google.com/maps/search/Dental%20Clinic%20Indiranagar%20Bengaluru,OpenStreetMap Real Spatial Node
Anurag Medical Centre,Jayanagar,N/A,N/A,N/A,N/A (Contact Clinic),General Healthcare & Rehab,N/A,N/A,N/A,"Anurag Medical Centre, Main Road, Chandra Layout, Vijayanagar, , Bengaluru 560070",https://www.google.com/maps/search/Anurag%20Medical%20Centre%20Jayanagar%20Bengaluru,OpenStreetMap Real Spatial Node
Dr Rachna - Homeopathy,Bellandur,N/A,N/A,N/A,N/A (Contact Clinic),General Healthcare & Rehab,N/A,N/A,N/A,"Dr Rachna - Homeopathy, Sarjapur Main Rd, Bellandur , Bengaluru 560034",https://www.google.com/maps/search/Dr%20Rachna%20-%20Homeopathy%20Bellandur%20Bengaluru,OpenStreetMap Real Spatial Node
Divine Medical Centre,Kammanahalli,N/A,N/A,N/A,N/A (Contact Clinic),General Healthcare & Rehab,N/A,N/A,N/A,"Divine Medical Centre, Kammanahalli Main Road, HRBR Layout 2nd Block , Bengaluru 560043",https://www.google.com/maps/search/Divine%20Medical%20Centre%20Kammanahalli%20Bengaluru,OpenStreetMap Real Spatial Node
Kubra Maternity And Nursing Home,BTM Layout,N/A,N/A,N/A,N/A (Contact Clinic),General Healthcare & Rehab,N/A,N/A,N/A,"Kubra Maternity And Nursing Home, Bismillanagar, BTM Layout 1st Stage , Bengaluru 560029",https://www.google.com/maps/search/Kubra%20Maternity%20And%20Nursing%20Home%20BTM%20Layout%20Bengaluru,OpenStreetMap Real Spatial Node
Clumax Diagnostic Center,HSR Layout,N/A,N/A,N/A,N/A (Contact Clinic),General Healthcare & Rehab,N/A,N/A,N/A,"Clumax Diagnostic Center, Ground Floor, 19th Main, Opposite to BMTC bus depot, Sector 1, HSR Layout, 1st Sector, HSR Layout, , Bengaluru 560102",https://www.google.com/maps/search/Clumax%20Diagnostic%20Center%20HSR%20Layout%20Bengaluru,OpenStreetMap Real Spatial Node
Welnext,HSR Layout,N/A,N/A,N/A,N/A (Contact Clinic),General Healthcare & Rehab,N/A,N/A,N/A,"Welnext, Third Floor, H.S.R Agara Circle, Sarjapura, Outer Ring Rd, Agara Village, HSR Layout, , Bengaluru 560102",https://www.google.com/maps/search/Welnext%20HSR%20Layout%20Bengaluru,OpenStreetMap Real Spatial Node
Kaya Skin Clinic,Indiranagar,N/A,N/A,N/A,N/A (Contact Clinic),General Healthcare & Rehab,N/A,N/A,N/A,"Kaya Skin Clinic, 80 feet Road, 12th Main Road, HAL 2nd Stage, Indiranagar, 80 Feet Road(Sir C.V. Raman Hospital Road) , Bengaluru 560008",https://www.google.com/maps/search/Kaya%20Skin%20Clinic%20Indiranagar%20Bengaluru,OpenStreetMap Real Spatial Node
Employees State Insurance Dispensary,Jayanagar,N/A,N/A,N/A,N/A (Contact Clinic),General Healthcare & Rehab,N/A,N/A,N/A,"Employees State Insurance Dispensary, 17th Cross Rd, Service Road, Opp. Maruthi Mandir, TTMC Bus Stop, Govindaraja Nagar Ward, PF Layout, Vijayanagar , Bengaluru 560040",https://www.google.com/maps/search/Employees%20State%20Insurance%20Dispensary%20Jayanagar%20Bengaluru,OpenStreetMap Real Spatial Node
Sri Ranga Pulmonary Clinic,Malleshwaram,N/A,N/A,N/A,N/A (Contact Clinic),General Healthcare & Rehab,N/A,N/A,N/A,"Sri Ranga Pulmonary Clinic, 17th Cross, Sampige Road, Malleshwaram , Bengaluru 560003",https://www.google.com/maps/search/Sri%20Ranga%20Pulmonary%20Clinic%20Malleshwaram%20Bengaluru,OpenStreetMap Real Spatial Node
Sri Ganesh Medicals And Surgicals,Malleshwaram,N/A,N/A,N/A,N/A (Contact Clinic),General Healthcare & Rehab,N/A,N/A,N/A,"Sri Ganesh Medicals And Surgicals, 8th Main, 18th Cross, H V Nanjundaiah Rd, Malleshwaram , Bengaluru 560055",https://www.google.com/maps/search/Sri%20Ganesh%20Medicals%20And%20Surgicals%20Malleshwaram%20Bengaluru,OpenStreetMap Real Spatial Node
Koramangala Poly Clinic,Koramangala,N/A,N/A,N/A,N/A (Contact Clinic),General Healthcare & Rehab,N/A,N/A,N/A,"Koramangala Poly Clinic, 17th E Main Road Koramangala, Bengaluru 560095",https://www.google.com/maps/search/Koramangala%C2%A0Poly%20Clinic%20Koramangala%20Bengaluru,OpenStreetMap Real Spatial Node
Dr. Bhargavi Reddy Women & Children Hospital,Indiranagar,N/A,N/A,N/A,N/A (Contact Clinic),General Healthcare & Rehab,N/A,N/A,N/A,"Dr. Bhargavi Reddy Women & Children Hospital, Indiranagar 80ft Road, New Thippasandra, Hal 3rd Stage, Via Indira Nagar 80ft Road , Bengaluru 560075",https://www.google.com/maps/search/Dr.%20Bhargavi%20Reddy%20Women%20%26%20Children%20Hospital%20Indiranagar%20Bengaluru,OpenStreetMap Real Spatial Node
Shri Siddhanth Pharma,Indiranagar,N/A,N/A,N/A,N/A (Contact Clinic),General Healthcare & Rehab,N/A,N/A,N/A,"Shri Siddhanth Pharma, Service Road, Hal 2nd Stage, Near-ESI Hospital, Indiranagar , Bengaluru 560038",https://www.google.com/maps/search/Shri%20Siddhanth%20Pharma%20Indiranagar%20Bengaluru,OpenStreetMap Real Spatial Node
NationWide Primary Healthcare Services,Whitefield,N/A,N/A,N/A,N/A (Contact Clinic),General Healthcare & Rehab,N/A,N/A,N/A,"NationWide Primary Healthcare Services, Whitefield Road,Garudachar Palya, Mahadevapura , Bengaluru 560048",https://www.google.com/maps/search/NationWide%20Primary%20Healthcare%20Services%20Whitefield%20Bengaluru,OpenStreetMap Real Spatial Node
Vignesh Medicals,Varthur,N/A,N/A,N/A,N/A (Contact Clinic),General Healthcare & Rehab,N/A,N/A,N/A,"Vignesh Medicals, Shop No 5 Varthur Main Road, Ramagondanahalli, Whitefield, Karnataka , Bengaluru 560066",https://www.google.com/maps/search/Vignesh%20Medicals%20Varthur%20Bengaluru,OpenStreetMap Real Spatial Node
Rajeshwari Pharma Shop,Varthur,N/A,N/A,N/A,N/A (Contact Clinic),General Healthcare & Rehab,N/A,N/A,N/A,"Rajeshwari Pharma Shop, Varthur Main Rd, Thubarahalli, Brookefield, Karnataka , Bengaluru 560066",https://www.google.com/maps/search/Rajeshwari%20Pharma%20Shop%20Varthur%20Bengaluru,OpenStreetMap Real Spatial Node
Kosmoderma Skin & Hair Clinics,Indiranagar,N/A,N/A,N/A,N/A (Contact Clinic),General Healthcare & Rehab,N/A,N/A,N/A,"Kosmoderma Skin & Hair Clinics, 3rd Cross Road, Defence Colony, Indiranagar Stage 2, , Bengaluru 560008",https://www.google.com/maps/search/Kosmoderma%20Skin%20%26%20Hair%20Clinics%20Indiranagar%20Bengaluru,OpenStreetMap Real Spatial Node
New Look Laser Clinic,Indiranagar,N/A,N/A,N/A,N/A (Contact Clinic),General Healthcare & Rehab,N/A,N/A,N/A,"New Look Laser Clinic, 1st Floor, 1st Main, Domlur 2nd Stage, Indiranagar , Bengaluru 560071",https://www.google.com/maps/search/New%20Look%20Laser%20Clinic%20Indiranagar%20Bengaluru,OpenStreetMap Real Spatial Node
Angels Advanced Clinic Pvt Ltd.,Indiranagar,N/A,N/A,N/A,N/A (Contact Clinic),General Healthcare & Rehab,N/A,N/A,N/A,"Angels Advanced Clinic Pvt Ltd., 9th A Main Rd, Binnamangala, Hoysala Nagar, Indiranagar , Bengaluru 560038",https://www.google.com/maps/search/Angels%20Advanced%20Clinic%20Pvt%20Ltd.%20Indiranagar%20Bengaluru,OpenStreetMap Real Spatial Node
The Family Doctor & The Family Pharma Indiranagar,Indiranagar,N/A,N/A,N/A,N/A (Contact Clinic),General Healthcare & Rehab,N/A,N/A,N/A,"The Family Doctor & The Family Pharma Indiranagar, Ground Floor, 5th Main, 9th Cross, Indira Nagar 1st Stage, Binnamangala, Stage 1, Indiranagar , Bengaluru 560038",https://www.google.com/maps/search/The%20Family%20Doctor%20%26%20The%20Family%20Pharma%20Indiranagar%20Indiranagar%20Bengaluru,OpenStreetMap Real Spatial Node
Sri Lakshmi Diagnostic Center,Hebbal,N/A,N/A,N/A,N/A (Contact Clinic),General Healthcare & Rehab,N/A,N/A,N/A,"Sri Lakshmi Diagnostic Center, Hebbal Flyover, Sri Krishna Complex,Bayanna Layout, , Bengaluru 560024",https://www.google.com/maps/search/Sri%20Lakshmi%20Diagnostic%20Center%20Hebbal%20Bengaluru,OpenStreetMap Real Spatial Node
Yemaluru Primary Health Centre,Bellandur,N/A,N/A,N/A,N/A (Contact Clinic),General Healthcare & Rehab,N/A,N/A,N/A,"Yemaluru Primary Health Centre, Bellandur , Bengaluru 560037",https://www.google.com/maps/search/Yemaluru%20Primary%20Health%20Centre%20Bellandur%20Bengaluru,OpenStreetMap Real Spatial Node
Megha Medicals,Malleshwaram,N/A,N/A,N/A,N/A (Contact Clinic),General Healthcare & Rehab,N/A,N/A,N/A,"Megha Medicals, 12th Cross, Kodandarampura, Near-Prasidh Clinic, Malleshwaram , Bengaluru 560003",https://www.google.com/maps/search/Megha%20Medicals%20Malleshwaram%20Bengaluru,OpenStreetMap Real Spatial Node
Sri Venkateshwara Medical & General Store,Rajajinagar,N/A,N/A,N/A,N/A (Contact Clinic),General Healthcare & Rehab,N/A,N/A,N/A,"Sri Venkateshwara Medical & General Store, 3rd Block, Rajajinagar , Bengaluru 560010,",https://www.google.com/maps/search/Sri%20Venkateshwara%20Medical%20%26%20General%20Store%20Rajajinagar%20Bengaluru,OpenStreetMap Real Spatial Node
Fj Merrit Hydrotherapy And Wellness,Koramangala,N/A,N/A,N/A,N/A (Contact Clinic),General Healthcare & Rehab,N/A,N/A,N/A,"Fj Merrit Hydrotherapy And Wellness, KAY ARR CORNER STONE 2nd Floor 80 Feet Road 4th Block, Koramangala,Karnataka , Bengaluru 560034",https://www.google.com/maps/search/Fj%20Merrit%20Hydrotherapy%20And%20Wellness%20Koramangala%20Bengaluru,OpenStreetMap Real Spatial Node
Dr Priyas Skin And Hair Clinic,Varthur,N/A,N/A,N/A,N/A (Contact Clinic),General Healthcare & Rehab,N/A,N/A,N/A,"Dr Priyas Skin And Hair Clinic, 1st Floor, CRM Sowbhagya Enclave, Near Spice Garden Bus Stop, HAL-Airport-Varthur Main Road , Marathahalli, Karnataka , Bengaluru 560037",https://www.google.com/maps/search/Dr%20Priyas%20Skin%20And%20Hair%20Clinic%20Varthur%20Bengaluru,OpenStreetMap Real Spatial Node
Derma Solutions,Marathahalli,N/A,N/A,N/A,N/A (Contact Clinic),General Healthcare & Rehab,N/A,N/A,N/A,"Derma Solutions, 3rd floor, Outer Ring Road Chandra Layout, Opp Innovative Multiplex, Marathahalli, Karnataka , Bengaluru 560037",https://www.google.com/maps/search/Derma%20Solutions%20Marathahalli%20Bengaluru,OpenStreetMap Real Spatial Node
Sofiyacare Skin And Hair Clinic,Varthur,N/A,N/A,N/A,N/A (Contact Clinic),General Healthcare & Rehab,N/A,N/A,N/A,"Sofiyacare Skin And Hair Clinic, 3rd Floor,Saroj Studio, Varthur Main Road, Marathahalli , Bengaluru 560037",https://www.google.com/maps/search/Sofiyacare%20Skin%20And%20Hair%20Clinic%20Varthur%20Bengaluru,OpenStreetMap Real Spatial Node
Revive Aesthetic Clinic Skin Hair And Laser Center,Varthur,N/A,N/A,N/A,N/A (Contact Clinic),General Healthcare & Rehab,N/A,N/A,N/A,"Revive Aesthetic Clinic Skin Hair And Laser Center, Opp. Jagrithi Apartment,, Varthur Main Road, Whitefield Main Rd, Ramagondanahalli, Whitefield , Bengaluru 560066",https://www.google.com/maps/search/Revive%20Aesthetic%20Clinic%20Skin%20Hair%20And%20Laser%20Center%20Varthur%20Bengaluru,OpenStreetMap Real Spatial Node
Dr Batra's HealthCare Clinics,HSR Layout,N/A,N/A,N/A,N/A (Contact Clinic),General Healthcare & Rehab,N/A,N/A,N/A,"Dr Batra's HealthCare Clinics, 27th Main Road HSR Layout, Bengaluru 560034",https://www.google.com/maps/search/Dr%20Batra%27s%20HealthCare%20Clinics%20HSR%20Layout%20Bengaluru,OpenStreetMap Real Spatial Node
Shradha Nursing Home,Koramangala,N/A,N/A,N/A,N/A (Contact Clinic),General Healthcare & Rehab,N/A,N/A,N/A,"Shradha Nursing Home, , 8th Block, 1st Main, Opposite Shiva Theater, 2nd C Cross Rd, Koramangala 8th Block, Koramangala , Bengaluru 560095",https://www.google.com/maps/search/Shradha%20Nursing%20Home%20Koramangala%20Bengaluru,OpenStreetMap Real Spatial Node
Newtown Childrens Clinic,Yelahanka,N/A,N/A,N/A,N/A (Contact Clinic),General Healthcare & Rehab,N/A,N/A,N/A,"Newtown Childrens Clinic, New Town Main Rd, Yelahanka Satellite Town, Yelahanka New Town , Bengaluru 560064",https://www.google.com/maps/search/Newtown%20Childrens%20Clinic%20Yelahanka%20Bengaluru,OpenStreetMap Real Spatial Node
Trinetraalaya Eye Care and Surgical Centre,Banashankari,N/A,N/A,N/A,N/A (Contact Clinic),General Healthcare & Rehab,N/A,N/A,N/A,"Trinetraalaya Eye Care and Surgical Centre, 13th Main Srinagar, Banashankari Bengaluru Urban, Bengaluru 560050",https://www.google.com/maps/search/Trinetraalaya%20Eye%20Care%20and%20Surgical%20Centre%20Banashankari%20Bengaluru,OpenStreetMap Real Spatial Node
Sri Srinivasa Clinic,Banashankari,N/A,N/A,N/A,N/A (Contact Clinic),General Healthcare & Rehab,N/A,N/A,N/A,"Sri Srinivasa Clinic, 4th Main Road, Chennamanakere Achukatte, BSK 3rd Stage, Banashankari , Bengaluru 560085",https://www.google.com/maps/search/Sri%20Srinivasa%20Clinic%20Banashankari%20Bengaluru,OpenStreetMap Real Spatial Node
Wellness Ever,Whitefield,N/A,N/A,N/A,N/A (Contact Clinic),General Healthcare & Rehab,N/A,N/A,N/A,"Wellness Ever, Whitefield Main Road , Bengaluru 560066",https://www.google.com/maps/search/Wellness%20Ever%20Whitefield%20Bengaluru,OpenStreetMap Real Spatial Node
Hair Loss Treatment in Bangalore - Hairline International,Varthur,N/A,N/A,N/A,N/A (Contact Clinic),General Healthcare & Rehab,N/A,N/A,N/A,"Hair Loss Treatment in Bangalore - Hairline International, MCC Tower, Opposite Sigma Tech Park, Varthur Kodi, Varthur Main Rd, Ramagondanahalli, Whitefield , Bengaluru 560066",https://www.google.com/maps/search/Hair%20Loss%20Treatment%20in%20Bangalore%20-%20Hairline%20International%20Varthur%20Bengaluru,OpenStreetMap Real Spatial Node
add-on Scans & Labs,Sarjapur,N/A,N/A,N/A,N/A (Contact Clinic),General Healthcare & Rehab,N/A,N/A,N/A,"add-on Scans & Labs, MGR Complex, Sarjapur Road , Bengaluru 560035",https://www.google.com/maps/search/add-on%20Scans%20%26%20Labs%20Sarjapur%20Bengaluru,OpenStreetMap Real Spatial Node
Upadhya Ayurveda Bhandara,Jayanagar,N/A,N/A,N/A,N/A (Contact Clinic),General Healthcare & Rehab,N/A,N/A,N/A,"Upadhya Ayurveda Bhandara, 26th Main Road, 4th Block, Jayanagar , Bengaluru 560041",https://www.google.com/maps/search/Upadhya%20Ayurveda%20Bhandara%20Jayanagar%20Bengaluru,OpenStreetMap Real Spatial Node
Prashanth Pharma,Rajajinagar,N/A,N/A,N/A,N/A (Contact Clinic),General Healthcare & Rehab,N/A,N/A,N/A,"Prashanth Pharma, rajajinagar , Bengaluru 560010",https://www.google.com/maps/search/Prashanth%20Pharma%20Rajajinagar%20Bengaluru,OpenStreetMap Real Spatial Node
Health Shopee by Manjushree Medicals,Rajajinagar,N/A,N/A,N/A,N/A (Contact Clinic),General Healthcare & Rehab,N/A,N/A,N/A,"Health Shopee by Manjushree Medicals, Mahakavi Kuvempu Road, 2nd Stage, Rajajinagar , Bengaluru 560010",https://www.google.com/maps/search/Health%20Shopee%20by%20Manjushree%20Medicals%20Rajajinagar%20Bengaluru,OpenStreetMap Real Spatial Node
Lifeken Medicines,Jayanagar,N/A,N/A,N/A,N/A (Contact Clinic),General Healthcare & Rehab,N/A,N/A,N/A,"Lifeken Medicines, 36 A Cross Road, 4th T Block East, Jayanagara , Bengaluru 560069",https://www.google.com/maps/search/Lifeken%20Medicines%20Jayanagar%20Bengaluru,OpenStreetMap Real Spatial Node
Amplifon,Jayanagar,N/A,N/A,N/A,N/A (Contact Clinic),General Healthcare & Rehab,N/A,N/A,N/A,"Amplifon, 26th Main Road, 4th T Block East, Jayanagara 9th Block , Bengaluru 560041",https://www.google.com/maps/search/Amplifon%20Jayanagar%20Bengaluru,OpenStreetMap Real Spatial Node
Ragavs Diagnostics And Research Centre Private Limited,Jayanagar,N/A,N/A,N/A,N/A (Contact Clinic),General Healthcare & Rehab,N/A,N/A,N/A,"Ragavs Diagnostics And Research Centre Private Limited, 27th Cross, 4th Block, Jayanagar , Bengaluru 560011",https://www.google.com/maps/search/Ragavs%20Diagnostics%20And%20Research%20Centre%20Private%20Limited%20Jayanagar%20Bengaluru,OpenStreetMap Real Spatial Node
Malathi Polyclinic,Banashankari,N/A,N/A,N/A,N/A (Contact Clinic),General Healthcare & Rehab,N/A,N/A,N/A,"Malathi Polyclinic, 1st Floor, 10th Main, 2nd Block, Srinivas Nagar, Near Ayyappaswamy Temple, Banashankari Stage I, Banashankari , Bengaluru 560050",https://www.google.com/maps/search/Malathi%20Polyclinic%20Banashankari%20Bengaluru,OpenStreetMap Real Spatial Node
Sun Diagnostic Laboratory,Jayanagar,N/A,N/A,N/A,N/A (Contact Clinic),General Healthcare & Rehab,N/A,N/A,N/A,"Sun Diagnostic Laboratory, 14 Main, 4th T Block East, Pattabhirama Nagar, Jayanagara , Bengaluru 560041",https://www.google.com/maps/search/Sun%20Diagnostic%20Laboratory%20Jayanagar%20Bengaluru,OpenStreetMap Real Spatial Node
Sunrise Diagnostics,Jayanagar,N/A,N/A,N/A,N/A (Contact Clinic),General Healthcare & Rehab,N/A,N/A,N/A,"Sunrise Diagnostics, 28th Main Road, 4th T Block East, Jayanagara Jaya , Bengaluru 560041",https://www.google.com/maps/search/Sunrise%20Diagnostics%20Jayanagar%20Bengaluru,OpenStreetMap Real Spatial Node
Janhavi Medicals Malleshwaram,Malleshwaram,N/A,N/A,N/A,N/A (Contact Clinic),General Healthcare & Rehab,N/A,N/A,N/A,"Janhavi Medicals Malleshwaram, Vyalikaval, 2nd Main, Opposite-Rajesh Hotel, Sadashiv Nagar , Bengaluru 560003",https://www.google.com/maps/search/Janhavi%20Medicals%20Malleshwaram%20Malleshwaram%20Bengaluru,OpenStreetMap Real Spatial Node
K C G Pharma And Generals,Malleshwaram,N/A,N/A,N/A,N/A (Contact Clinic),General Healthcare & Rehab,N/A,N/A,N/A,"K C G Pharma And Generals, 1, 3rd Cross Rd, Malleshwaram , Bengaluru 560003",https://www.google.com/maps/search/K%20C%20G%20Pharma%20And%20Generals%20Malleshwaram%20Bengaluru,OpenStreetMap Real Spatial Node
Mera Health Care Private Limited,Malleshwaram,N/A,N/A,N/A,N/A (Contact Clinic),General Healthcare & Rehab,N/A,N/A,N/A,"Mera Health Care Private Limited, , Soundarya Apartment, 5, Malleshwaram , Bengaluru 560003",https://www.google.com/maps/search/Mera%20Health%20Care%20Private%20Limited%20Malleshwaram%20Bengaluru,OpenStreetMap Real Spatial Node
Diabetacare,Koramangala,N/A,N/A,N/A,N/A (Contact Clinic),General Healthcare & Rehab,N/A,N/A,N/A,"Diabetacare, Venkateshwara Complex, 80 Feet Main Road, 6th Block, Venkappa Garden, Koramangala, Venkappa Garden, Ejipura , Bengaluru 560095",https://www.google.com/maps/search/Diabetacare%20Koramangala%20Bengaluru,OpenStreetMap Real Spatial Node
Shreyaas Diagnostics,Jayanagar,N/A,N/A,N/A,N/A (Contact Clinic),General Healthcare & Rehab,N/A,N/A,N/A,"Shreyaas Diagnostics, 4th Cross LIC Colony, KV Layout, Jayanagara , Bengaluru 560011",https://www.google.com/maps/search/Shreyaas%20Diagnostics%20Jayanagar%20Bengaluru,OpenStreetMap Real Spatial Node
Apollo Diagnostics,Koramangala,N/A,N/A,N/A,N/A (Contact Clinic),General Healthcare & Rehab,N/A,N/A,N/A,"Apollo Diagnostics, 17th C main, 6th Block, Near Koramangala Club, Koramangala, 6th Block, Koramangala , Bengaluru 560034",https://www.google.com/maps/search/Apollo%20Diagnostics%20Koramangala%20Bengaluru,OpenStreetMap Real Spatial Node
Bombay Surgicals,Jayanagar,N/A,N/A,N/A,N/A (Contact Clinic),General Healthcare & Rehab,N/A,N/A,N/A,"Bombay Surgicals, 9th Main Road, 4th Block, Jayanagara , Bengaluru 560011",https://www.google.com/maps/search/Bombay%20Surgicals%20Jayanagar%20Bengaluru,OpenStreetMap Real Spatial Node
Ruth Medicals,Koramangala,N/A,N/A,N/A,N/A (Contact Clinic),General Healthcare & Rehab,N/A,N/A,N/A,"Ruth Medicals, Koramangala BDA, 6th B Cross Road, Koramangala 3 Block, Koramangala , Bengaluru 560034",https://www.google.com/maps/search/Ruth%20Medicals%20Koramangala%20Bengaluru,OpenStreetMap Real Spatial Node
Maxwell Pharma,Koramangala,N/A,N/A,N/A,N/A (Contact Clinic),General Healthcare & Rehab,N/A,N/A,N/A,"Maxwell Pharma, BDA Complex, Koramangala 4th Block, Koramangala , Bengaluru 560034",https://www.google.com/maps/search/Maxwell%20Pharma%20Koramangala%20Bengaluru,OpenStreetMap Real Spatial Node
Roots Advanced Hair Transplant Center,Malleshwaram,N/A,N/A,N/A,N/A (Contact Clinic),General Healthcare & Rehab,N/A,N/A,N/A,"Roots Advanced Hair Transplant Center, 12th cross, Palace Guttahalli main road, Malleshwaram , Bengaluru 560003",https://www.google.com/maps/search/Roots%20Advanced%20Hair%20Transplant%20Center%20Malleshwaram%20Bengaluru,OpenStreetMap Real Spatial Node
Cutis Academy of Cutaneous Sciences,Jayanagar,N/A,N/A,N/A,N/A (Contact Clinic),General Healthcare & Rehab,N/A,N/A,N/A,"Cutis Academy of Cutaneous Sciences, 4th Main, MRCR Layout, Vijayanagar, Behind Godrej Interio, Near Veeresh Theatre, Govindaraja Nagar Ward, MC Layout, Vijayanagar , Bengaluru 560040",https://www.google.com/maps/search/Cutis%20Academy%20of%20Cutaneous%20Sciences%20Jayanagar%20Bengaluru,OpenStreetMap Real Spatial Node
Nirmal Skin & Hair Clinic,Jayanagar,N/A,N/A,N/A,N/A (Contact Clinic),General Healthcare & Rehab,N/A,N/A,N/A,"Nirmal Skin & Hair Clinic, 1st Main Rd, Hosahalli Extension, Vijayanagar , Bengaluru 560040",https://www.google.com/maps/search/Nirmal%20Skin%20%26%20Hair%20Clinic%20Jayanagar%20Bengaluru,OpenStreetMap Real Spatial Node
Nova IVI Fertility,Koramangala,N/A,N/A,N/A,N/A (Contact Clinic),General Healthcare & Rehab,N/A,N/A,N/A,"Nova IVI Fertility, 4th Floor, 1st Cross, 5th Block, Koramangala , Bengaluru 560034",https://www.google.com/maps/search/Nova%20IVI%20Fertility%20Koramangala%20Bengaluru,OpenStreetMap Real Spatial Node
Trust Chemist and Drugs,Whitefield,N/A,N/A,N/A,N/A (Contact Clinic),General Healthcare & Rehab,N/A,N/A,N/A,"Trust Chemist and Drugs, Thubarahalli, Whitefield , Bengaluru 560066",https://www.google.com/maps/search/Trust%20Chemist%20and%20Drugs%20Whitefield%20Bengaluru,OpenStreetMap Real Spatial Node
"Apollo Bengaluru Cradle Limited, Jayanagar",Jayanagar,N/A,N/A,N/A,N/A (Contact Clinic),General Healthcare & Rehab,N/A,N/A,N/A,"Apollo Bengaluru Cradle Limited, Jayanagar,  Bengaluru Urban, Bengaluru 560011",https://www.google.com/maps/search/Apollo%20Bengaluru%20Cradle%20Limited%2C%20Jayanagar%20Jayanagar%20Bengaluru,OpenStreetMap Real Spatial Node
"Nethradhama Superspeciality Eye Hospital, Rajajinagar",Rajajinagar,N/A,N/A,N/A,N/A (Contact Clinic),General Healthcare & Rehab,N/A,N/A,N/A,"Nethradhama Superspeciality Eye Hospital, Rajajinagar,  Bengaluru Urban, Bengaluru 560021",https://www.google.com/maps/search/Nethradhama%20Superspeciality%20Eye%20Hospital%2C%20Rajajinagar%20Rajajinagar%20Bengaluru,OpenStreetMap Real Spatial Node
Sai Dental Clinic,Whitefield,N/A,N/A,N/A,N/A (Contact Clinic),General Healthcare & Rehab,N/A,N/A,N/A,"Sai Dental Clinic, Whitefield Main Road , Bengaluru",https://www.google.com/maps/search/Sai%20Dental%20Clinic%20Whitefield%20Bengaluru,OpenStreetMap Real Spatial Node
Nature Cure Hospital,Jayanagar,N/A,N/A,N/A,N/A (Contact Clinic),General Healthcare & Rehab,N/A,N/A,N/A,"Nature Cure Hospital, 9th Main Road Jayanagar 3rd Block, Bengaluru 560011",https://www.google.com/maps/search/Nature%20Cure%20Hospital%20Jayanagar%20Bengaluru,OpenStreetMap Real Spatial Node
Hebbal Medical Center,Hebbal,N/A,N/A,N/A,N/A (Contact Clinic),General Healthcare & Rehab,N/A,N/A,N/A,"Hebbal Medical Center, Hebbal, Bengaluru, Karnataka",https://www.google.com/maps/search/Hebbal%20Medical%20Center%20Hebbal%20Bengaluru,OpenStreetMap Real Spatial Node
Sri Banashankari Medicals,Banashankari,N/A,N/A,N/A,N/A (Contact Clinic),General Healthcare & Rehab,N/A,N/A,N/A,"Sri Banashankari Medicals, Banashankari, Bengaluru, Karnataka",https://www.google.com/maps/search/Sri%20Banashankari%20Medicals%20Banashankari%20Bengaluru,OpenStreetMap Real Spatial Node
Sri Balaji Speciality Clinic & Diagnostic Center,JP Nagar,N/A,N/A,N/A,N/A (Contact Clinic),General Healthcare & Rehab,N/A,N/A,N/A,"Sri Balaji Speciality Clinic & Diagnostic Center, 23rd main, Ramanna road, JP nagar, 5th phase , Bengaluru",https://www.google.com/maps/search/Sri%20Balaji%20Speciality%20Clinic%20%26%20Diagnostic%20Center%20JP%20Nagar%20Bengaluru,OpenStreetMap Real Spatial Node
JP Nagar Clinic,JP Nagar,N/A,N/A,N/A,N/A (Contact Clinic),General Healthcare & Rehab,N/A,N/A,N/A,"JP Nagar Clinic, 22nd B Main, Ramanna Road, JP Nagar 5th Phase , Bengaluru",https://www.google.com/maps/search/JP%20Nagar%20Clinic%20JP%20Nagar%20Bengaluru,OpenStreetMap Real Spatial Node
Sahasrara Neurosciences Clinic,JP Nagar,N/A,N/A,N/A,N/A (Contact Clinic),General Healthcare & Rehab,N/A,N/A,N/A,"Sahasrara Neurosciences Clinic, 24th main road, 5th phase, JP Nagar , Bengaluru",https://www.google.com/maps/search/Sahasrara%20Neurosciences%20Clinic%20JP%20Nagar%20Bengaluru,OpenStreetMap Real Spatial Node
Smile Dental,JP Nagar,N/A,N/A,N/A,N/A (Contact Clinic),General Healthcare & Rehab,N/A,N/A,N/A,"Smile Dental, 18th Cross Road, JP Nagar, 5th Phase , Bengaluru 560078",https://www.google.com/maps/search/Smile%20Dental%20JP%20Nagar%20Bengaluru,OpenStreetMap Real Spatial Node
Arya Vaidya Sala Kottakkal,Jayanagar,N/A,N/A,N/A,N/A (Contact Clinic),General Healthcare & Rehab,N/A,N/A,N/A,"Arya Vaidya Sala Kottakkal, 2nd block, Jayanagar , Bengaluru",https://www.google.com/maps/search/Arya%20Vaidya%20Sala%20Kottakkal%20Jayanagar%20Bengaluru,OpenStreetMap Real Spatial Node
Kengeri Upanagara Government Hospital,Kengeri,N/A,N/A,N/A,N/A (Contact Clinic),General Healthcare & Rehab,N/A,N/A,N/A,"Kengeri Upanagara Government Hospital,  Bangalore, Bengaluru 560060",https://www.google.com/maps/search/Kengeri%20Upanagara%20Government%20Hospital%20Kengeri%20Bengaluru,OpenStreetMap Real Spatial Node
"Cloud Nine, Jayanagar",Jayanagar,N/A,N/A,N/A,N/A (Contact Clinic),General Healthcare & Rehab,N/A,N/A,N/A,"Cloud Nine, Jayanagar, 3rd block Bengaluru Urban, Bengaluru 560011",https://www.google.com/maps/search/Cloud%20Nine%2C%20Jayanagar%20Jayanagar%20Bengaluru,OpenStreetMap Real Spatial Node
The Alternative Story,JP Nagar,N/A,N/A,N/A,N/A (Contact Clinic),General Healthcare & Rehab,N/A,N/A,N/A,"The Alternative Story, 11th Cross Road JP Nagar, Bengaluru 560078",https://www.google.com/maps/search/The%20Alternative%20Story%20JP%20Nagar%20Bengaluru,OpenStreetMap Real Spatial Node
"Shekhar Hospital, Jayanagar",Jayanagar,N/A,N/A,N/A,N/A (Contact Clinic),General Healthcare & Rehab,N/A,N/A,N/A,"Shekhar Hospital, Jayanagar,  Bengaluru Urban, Bengaluru 560039",https://www.google.com/maps/search/Shekhar%20Hospital%2C%20Jayanagar%20Jayanagar%20Bengaluru,OpenStreetMap Real Spatial Node
Vasan Eye Care Hospital HSR Layout,HSR Layout,N/A,N/A,N/A,N/A (Contact Clinic),General Healthcare & Rehab,N/A,N/A,N/A,"Vasan Eye Care Hospital HSR Layout,  Bengaluru Urban, Bengaluru 560102",https://www.google.com/maps/search/Vasan%20Eye%20Care%20Hospital%20HSR%20Layout%20HSR%20Layout%20Bengaluru,OpenStreetMap Real Spatial Node
Vijayanagar Hospital,Jayanagar,N/A,N/A,N/A,N/A (Contact Clinic),General Healthcare & Rehab,N/A,N/A,N/A,"Vijayanagar Hospital,  Bengaluru Urban, Bengaluru 560040",https://www.google.com/maps/search/Vijayanagar%20Hospital%20Jayanagar%20Bengaluru,OpenStreetMap Real Spatial Node
"Divya Drishti Eye Hospital, Vijayanagar",Jayanagar,N/A,N/A,N/A,N/A (Contact Clinic),General Healthcare & Rehab,N/A,N/A,N/A,"Divya Drishti Eye Hospital, Vijayanagar,  Bengaluru Urban, Bengaluru 560104",https://www.google.com/maps/search/Divya%20Drishti%20Eye%20Hospital%2C%20Vijayanagar%20Jayanagar%20Bengaluru,OpenStreetMap Real Spatial Node
"Akshaya Nursing Home, Yelahanka",Yelahanka,N/A,N/A,N/A,N/A (Contact Clinic),General Healthcare & Rehab,N/A,N/A,N/A,"Akshaya Nursing Home, Yelahanka,  Bengaluru Urban, Bengaluru 560064",https://www.google.com/maps/search/Akshaya%20Nursing%20Home%2C%20Yelahanka%20Yelahanka%20Bengaluru,OpenStreetMap Real Spatial Node
Kengeri Community Health Centre,Kengeri,N/A,N/A,N/A,N/A (Contact Clinic),General Healthcare & Rehab,N/A,N/A,N/A,"Kengeri Community Health Centre,  Bangalore, Bengaluru 560060",https://www.google.com/maps/search/Kengeri%20Community%20Health%20Centre%20Kengeri%20Bengaluru,OpenStreetMap Real Spatial Node
Vijayanagar ENT Care Centre,Jayanagar,N/A,N/A,N/A,N/A (Contact Clinic),General Healthcare & Rehab,N/A,N/A,N/A,"Vijayanagar ENT Care Centre,  Bengaluru Urban, Bengaluru 560040",https://www.google.com/maps/search/Vijayanagar%20ENT%20Care%20Centre%20Jayanagar%20Bengaluru,OpenStreetMap Real Spatial Node
Dr. Hebbal Homeo and Polyclinic,Hebbal,N/A,N/A,N/A,N/A (Contact Clinic),General Healthcare & Rehab,N/A,N/A,N/A,"Dr. Hebbal Homeo and Polyclinic,  Bengaluru Urban, Bengaluru 560076",https://www.google.com/maps/search/Dr.%20Hebbal%20Homeo%20and%20Polyclinic%20Hebbal%20Bengaluru,OpenStreetMap Real Spatial Node
Banashankari Poly Clinic,Banashankari,N/A,N/A,N/A,N/A (Contact Clinic),General Healthcare & Rehab,N/A,N/A,N/A,"Banashankari Poly Clinic,  Bengaluru Urban, Bengaluru 560041",https://www.google.com/maps/search/Banashankari%20Poly%20Clinic%20Banashankari%20Bengaluru,OpenStreetMap Real Spatial Node
Sri Balaji Specialist clinic,Banashankari,N/A,N/A,N/A,N/A (Contact Clinic),General Healthcare & Rehab,N/A,N/A,N/A,"Sri Balaji Specialist clinic, 2nd Main Rd, 6th Block, Banashankari 3rd Stage, Banashankari , Bengaluru 560085",https://www.google.com/maps/search/Sri%20Balaji%20Specialist%20clinic%20Banashankari%20Bengaluru,OpenStreetMap Real Spatial Node
Janani Clinic,Panathur,N/A,N/A,N/A,N/A (Contact Clinic),General Healthcare & Rehab,N/A,N/A,N/A,"Janani Clinic, Panathur Main Road , Bengaluru 560103",https://www.google.com/maps/search/Janani%20Clinic%20Panathur%20Bengaluru,OpenStreetMap Real Spatial Node
Yelahanka new standard diagnostic centre,Yelahanka,N/A,N/A,N/A,N/A (Contact Clinic),General Healthcare & Rehab,N/A,N/A,N/A,"Yelahanka new standard diagnostic centre, Yelahanka, Bengaluru, Karnataka",https://www.google.com/maps/search/Yelahanka%20new%20standard%20diagnostic%20centre%20Yelahanka%20Bengaluru,OpenStreetMap Real Spatial Node
Whitefield Spine Clinic,Whitefield,N/A,N/A,N/A,N/A (Contact Clinic),Orthopedic & Spine Care,N/A,N/A,N/A,"Whitefield Spine Clinic, Whitefield, Bengaluru, Karnataka",https://www.google.com/maps/search/Whitefield%20Spine%20Clinic%20Whitefield%20Bengaluru,OpenStreetMap Real Spatial Node
Ram Medicals HSR Layout,HSR Layout,N/A,N/A,N/A,N/A (Contact Clinic),General Healthcare & Rehab,N/A,N/A,N/A,"Ram Medicals HSR Layout, HSR Layout, Bengaluru, Karnataka",https://www.google.com/maps/search/Ram%20Medicals%20HSR%20Layout%20HSR%20Layout%20Bengaluru,OpenStreetMap Real Spatial Node
Janani Clinics,Basaveshwaranagar,N/A,N/A,N/A,N/A (Contact Clinic),General Healthcare & Rehab,N/A,N/A,N/A,"Janani Clinics, 8th B Main Road, 3rd Stage, 2nd Block, Basaveshwaranagara , Bengaluru 560079",https://www.google.com/maps/search/Janani%20Clinics%20Basaveshwaranagar%20Bengaluru,OpenStreetMap Real Spatial Node
Lotus Hospital,HSR Layout,N/A,N/A,N/A,N/A (Contact Clinic),General Healthcare & Rehab,N/A,N/A,N/A,"Lotus Hospital, 24th Main Rd, Vanganahalli, 1st Sector, HSR Layout 5th Sector, Bengaluru, , Bengaluru 560103",https://www.google.com/maps/search/Lotus%20Hospital%20HSR%20Layout%20Bengaluru,OpenStreetMap Real Spatial Node
Saphire Heart Care,JP Nagar,N/A,N/A,N/A,N/A (Contact Clinic),General Healthcare & Rehab,N/A,N/A,N/A,"Saphire Heart Care, 24th Main Road, JP Nagar, 6th Phase, Bengaluru , Bengaluru",https://www.google.com/maps/search/Saphire%20Heart%20Care%20JP%20Nagar%20Bengaluru,OpenStreetMap Real Spatial Node
Banashankari Heart Clinic,Banashankari,N/A,N/A,N/A,N/A (Contact Clinic),General Healthcare & Rehab,N/A,N/A,N/A,"Banashankari Heart Clinic, Banashankari, Bengaluru, Karnataka",https://www.google.com/maps/search/Banashankari%20Heart%20Clinic%20Banashankari%20Bengaluru,OpenStreetMap Real Spatial Node
"Fortis Hospital, Nagarbhavi",Nagarbhavi,N/A,N/A,N/A,N/A (Contact Clinic),General Healthcare & Rehab,N/A,N/A,N/A,"Fortis Hospital, Nagarbhavi,  Bengaluru Urban, Bengaluru 560072",https://www.google.com/maps/search/Fortis%20Hospital%2C%20Nagarbhavi%20Nagarbhavi%20Bengaluru,OpenStreetMap Real Spatial Node
Tata MD,Whitefield,N/A,N/A,N/A,N/A (Contact Clinic),General Healthcare & Rehab,N/A,N/A,N/A,"Tata MD, Whitefield Main Road , Bengaluru",https://www.google.com/maps/search/Tata%20MD%20Whitefield%20Bengaluru,OpenStreetMap Real Spatial Node
Varthur Pharma,Varthur,N/A,N/A,N/A,N/A (Contact Clinic),General Healthcare & Rehab,N/A,N/A,N/A,"Varthur Pharma, Halasahalli Road , Bengaluru",https://www.google.com/maps/search/Varthur%20Pharma%20Varthur%20Bengaluru,OpenStreetMap Real Spatial Node
Apollo Medical Center,Varthur,N/A,N/A,N/A,N/A (Contact Clinic),General Healthcare & Rehab,N/A,N/A,N/A,"Apollo Medical Center, Near Kundanahalli Gate, Varthur Main Road, Thubarahalli, Whitefield , Bengaluru 560066",https://www.google.com/maps/search/Apollo%20Medical%20Center%20Varthur%20Bengaluru,OpenStreetMap Real Spatial Node
Baby Sciences IVF Clinic Pvt Ltd,Varthur,N/A,N/A,N/A,N/A (Contact Clinic),General Healthcare & Rehab,N/A,N/A,N/A,"Baby Sciences IVF Clinic Pvt Ltd, Varthur Main Road, Brookefield, Opposite D Mart, Whitefield , Bengaluru 560066",https://www.google.com/maps/search/Baby%20Sciences%20IVF%20Clinic%20Pvt%20Ltd%20Varthur%20Bengaluru,OpenStreetMap Real Spatial Node
Beams Hospitals Private Limited,Koramangala,N/A,N/A,N/A,N/A (Contact Clinic),General Healthcare & Rehab,N/A,N/A,N/A,"Beams Hospitals Private Limited, 640, 12Th Main, 80 Ft Road, 4Th Block, Koramangala Bengaluru Urban, Bengaluru 560034",https://www.google.com/maps/search/Beams%20Hospitals%20Private%20Limited%20Koramangala%20Bengaluru,OpenStreetMap Real Spatial Node
Dental Solutions,Indiranagar,N/A,N/A,N/A,N/A (Contact Clinic),General Healthcare & Rehab,N/A,N/A,N/A,"Dental Solutions, 15th Cross Road, 2nd Stage, Indira Nagar II Stage, Hoysala Nagar, Indiranagar , Bengaluru 560038",https://www.google.com/maps/search/Dental%20Solutions%20Indiranagar%20Bengaluru,OpenStreetMap Real Spatial Node
Dentalign,Indiranagar,N/A,N/A,N/A,N/A (Contact Clinic),General Healthcare & Rehab,N/A,N/A,N/A,"Dentalign, 80 Feet Rd, Kalyan Nagar, Indira Nagar 1st Stage, H Colony, Indiranagar , Bengaluru 560038",https://www.google.com/maps/search/Dentalign%20Indiranagar%20Bengaluru,OpenStreetMap Real Spatial Node
D.A Dental lab,Jayanagar,N/A,N/A,N/A,N/A (Contact Clinic),General Healthcare & Rehab,N/A,N/A,N/A,"D.A Dental lab, 5th Cross, 1st Block, jayanagar East , Bengaluru 560011",https://www.google.com/maps/search/D.A%20Dental%20lab%20Jayanagar%20Bengaluru,OpenStreetMap Real Spatial Node
Narayana Clinic,Electronic City,N/A,N/A,N/A,N/A (Contact Clinic),General Healthcare & Rehab,N/A,N/A,N/A,"Narayana Clinic, Neeladri Rd, Neeladri Nagar, Electronics City Phase 1, Electronic City , Bengaluru 560100",https://www.google.com/maps/search/Narayana%20Clinic%20Electronic%20City%20Bengaluru,OpenStreetMap Real Spatial Node
The Dental Crafts,Varthur,N/A,N/A,N/A,N/A (Contact Clinic),General Healthcare & Rehab,N/A,N/A,N/A,"The Dental Crafts, Varthur Road , Bengaluru",https://www.google.com/maps/search/The%20Dental%20Crafts%20Varthur%20Bengaluru,OpenStreetMap Real Spatial Node
Whitefield Eye Clinic,Whitefield,N/A,N/A,N/A,N/A (Contact Clinic),General Healthcare & Rehab,N/A,N/A,N/A,"Whitefield Eye Clinic, Whitefield, Bengaluru, Karnataka",https://www.google.com/maps/search/Whitefield%20Eye%20Clinic%20Whitefield%20Bengaluru,OpenStreetMap Real Spatial Node
Dr Rai's Skin And Hair Clinic,Whitefield,N/A,N/A,N/A,N/A (Contact Clinic),General Healthcare & Rehab,N/A,N/A,N/A,"Dr Rai's Skin And Hair Clinic, Whitefield Main Road , Bengaluru",https://www.google.com/maps/search/Dr%20Rai%27s%20Skin%20And%20Hair%20Clinic%20Whitefield%20Bengaluru,OpenStreetMap Real Spatial Node
CosMediQ,Whitefield,N/A,N/A,N/A,N/A (Contact Clinic),General Healthcare & Rehab,N/A,N/A,N/A,"CosMediQ, Whitefield Main Road , Bengaluru",https://www.google.com/maps/search/CosMediQ%20Whitefield%20Bengaluru,OpenStreetMap Real Spatial Node
Aitone Diagnostics & Clinics,Varthur,N/A,N/A,N/A,N/A (Contact Clinic),General Healthcare & Rehab,N/A,N/A,N/A,"Aitone Diagnostics & Clinics, Varthur Main Road , Bengaluru",https://www.google.com/maps/search/Aitone%20Diagnostics%20%26%20Clinics%20Varthur%20Bengaluru,OpenStreetMap Real Spatial Node
Sri Surya Ayurvedic Clinic & Center,Varthur,N/A,N/A,N/A,N/A (Contact Clinic),General Healthcare & Rehab,N/A,N/A,N/A,"Sri Surya Ayurvedic Clinic & Center, Varthur Road , Bengaluru",https://www.google.com/maps/search/Sri%20Surya%20Ayurvedic%20Clinic%20%26%20Center%20Varthur%20Bengaluru,OpenStreetMap Real Spatial Node
Whitefield Clinic of Nephro-Urology,Whitefield,N/A,N/A,N/A,N/A (Contact Clinic),General Healthcare & Rehab,N/A,N/A,N/A,"Whitefield Clinic of Nephro-Urology, Whitefield, Bengaluru, Karnataka",https://www.google.com/maps/search/Whitefield%20Clinic%20of%20Nephro-Urology%20Whitefield%20Bengaluru,OpenStreetMap Real Spatial Node
Dr HK's Neuro and Parkinson's Clinic,Varthur,N/A,N/A,N/A,N/A (Contact Clinic),General Healthcare & Rehab,N/A,N/A,N/A,"Dr HK's Neuro and Parkinson's Clinic, Varthur Road , Bengaluru",https://www.google.com/maps/search/Dr%20HK%27s%20Neuro%20and%20Parkinson%27s%20Clinic%20Varthur%20Bengaluru,OpenStreetMap Real Spatial Node
Bangalore Orthopeadic And Surgical Hospital,Kalyan Nagar,N/A,N/A,N/A,N/A (Contact Clinic),Orthopedic & Spine Care,N/A,N/A,N/A,"Bangalore Orthopeadic And Surgical Hospital, CMR Main Rd, 3rd Cross,2nd Block HRBR Layout, Kalyan nagar Bengaluru Urban, Bengaluru 560043",https://www.google.com/maps/search/Bangalore%20Orthopeadic%20And%20Surgical%20Hospital%20Kalyan%20Nagar%20Bengaluru,OpenStreetMap Real Spatial Node
Dr Swarna Skin Hair & Laser Clinic,Panathur,N/A,N/A,N/A,N/A (Contact Clinic),General Healthcare & Rehab,N/A,N/A,N/A,"Dr Swarna Skin Hair & Laser Clinic, Panathur Main Road , Bengaluru 560103",https://www.google.com/maps/search/Dr%20Swarna%20Skin%20Hair%20%26%20Laser%20Clinic%20Panathur%20Bengaluru,OpenStreetMap Real Spatial Node
Sakra World Hospital,Varthur,N/A,N/A,N/A,N/A (Contact Clinic),General Healthcare & Rehab,N/A,N/A,N/A,"Sakra World Hospital, akra World Hospital - SY NO 52/2, 52/3, Devarabeesanahalli, Varthur Hobli Opp Intel, Outer Ring Rd, Marathahalli BENGALURU URBAN, Bengaluru 560103",https://www.google.com/maps/search/Sakra%20World%20Hospital%20Varthur%20Bengaluru,OpenStreetMap Real Spatial Node
"Healing Hands Clinic - Indiranagar, Bengaluru",Indiranagar,N/A,N/A,N/A,N/A (Contact Clinic),General Healthcare & Rehab,N/A,N/A,N/A,"Healing Hands Clinic - Indiranagar, Bengaluru, Chinmaya Mission Hospital Road Bengaluru Urban, Bengaluru 560038",https://www.google.com/maps/search/Healing%20Hands%20Clinic%20-%20Indiranagar%2C%20Bengaluru%20Indiranagar%20Bengaluru,OpenStreetMap Real Spatial Node
"Healing Hands Clinic - HSR Layout, Bengaluru",HSR Layout,N/A,N/A,N/A,N/A (Contact Clinic),General Healthcare & Rehab,N/A,N/A,N/A,"Healing Hands Clinic - HSR Layout, Bengaluru, 17th Cross Road , Bengaluru 560102",https://www.google.com/maps/search/Healing%20Hands%20Clinic%20-%20HSR%20Layout%2C%20Bengaluru%20HSR%20Layout%20Bengaluru,OpenStreetMap Real Spatial Node
"Healing Hands Clinic - Rajajinagar, Bengaluru",Rajajinagar,N/A,N/A,N/A,N/A (Contact Clinic),General Healthcare & Rehab,N/A,N/A,N/A,"Healing Hands Clinic - Rajajinagar, Bengaluru, Modi Hospital Main Road Bengaluru Urban, Bengaluru 560079",https://www.google.com/maps/search/Healing%20Hands%20Clinic%20-%20Rajajinagar%2C%20Bengaluru%20Rajajinagar%20Bengaluru,OpenStreetMap Real Spatial Node
"Healing Hands Clinic - Sarjapura, Bengaluru",Sarjapur,N/A,N/A,N/A,N/A (Contact Clinic),General Healthcare & Rehab,N/A,N/A,N/A,"Healing Hands Clinic - Sarjapura, Bengaluru, Sarjapura Main Road , Bengaluru 562125",https://www.google.com/maps/search/Healing%20Hands%20Clinic%20-%20Sarjapura%2C%20Bengaluru%20Sarjapur%20Bengaluru,OpenStreetMap Real Spatial Node
"Healing Hands Clinic - Whitefield, Bengaluru",Whitefield,N/A,N/A,N/A,N/A (Contact Clinic),General Healthcare & Rehab,N/A,N/A,N/A,"Healing Hands Clinic - Whitefield, Bengaluru, ITPL Main Road , Bengaluru 560066",https://www.google.com/maps/search/Healing%20Hands%20Clinic%20-%20Whitefield%2C%20Bengaluru%20Whitefield%20Bengaluru,OpenStreetMap Real Spatial Node
Dr Chaitra's Dental Clinic & Implant Centre,Banashankari,N/A,N/A,N/A,N/A (Contact Clinic),General Healthcare & Rehab,N/A,N/A,N/A,"Dr Chaitra's Dental Clinic & Implant Centre, 1223, 8th Main, 11th Cross Rd, Ashok Nagar, Banashankari 1st Stage Bengaluru, Bengaluru 560050",https://www.google.com/maps/search/Dr%20Chaitra%27s%20Dental%20Clinic%20%26%20Implant%20Centre%20Banashankari%20Bengaluru,OpenStreetMap Real Spatial Node
"AHIS Aesthetics - The Hair Transplant Specialist in HSR Layout, Bangalore",HSR Layout,N/A,N/A,N/A,N/A (Contact Clinic),General Healthcare & Rehab,N/A,N/A,N/A,"AHIS Aesthetics - The Hair Transplant Specialist in HSR Layout, Bangalore, AHIS Aesthetics, 2nd floor, 532, 23rd Main Road , 22 nd cross, , Parangi palya, Sector 2, HSR Layout, opp Airtel office , Bengaluru 560102",https://www.google.com/maps/search/AHIS%20Aesthetics%20-%20The%20Hair%20Transplant%20Specialist%20in%20HSR%20Layout%2C%20Bangalore%20HSR%20Layout%20Bengaluru,OpenStreetMap Real Spatial Node
Dr.Manohar's Orthopedic and Sports Injury Clinic,JP Nagar,N/A,N/A,N/A,N/A (Contact Clinic),Orthopedic & Spine Care,N/A,N/A,N/A,"Dr.Manohar's Orthopedic and Sports Injury Clinic, Gurukrupa Arcade , Royal Lakefront Residency, JP Nagar , 8th Phase , Bengaluru 560076",https://www.google.com/maps/search/Dr.Manohar%27s%20Orthopedic%20and%20Sports%20Injury%20Clinic%20JP%20Nagar%20Bengaluru,OpenStreetMap Real Spatial Node
Jayanagar General Hospital,Jayanagar,N/A,N/A,N/A,N/A (Contact Clinic),General Healthcare & Rehab,N/A,N/A,N/A,"Jayanagar General Hospital,  Mysore, Bengaluru 570014",https://www.google.com/maps/search/Jayanagar%20General%20Hospital%20Jayanagar%20Bengaluru,OpenStreetMap Real Spatial Node
Rajshekhar Hospital,JP Nagar,N/A,N/A,N/A,N/A (Contact Clinic),General Healthcare & Rehab,N/A,N/A,N/A,"Rajshekhar Hospital, 9th Cross Road, Phase 1, Sarakki Layout, JP Nagar Bengaluru Urban, Bengaluru 560078",https://www.google.com/maps/search/Rajshekhar%20Hospital%20JP%20Nagar%20Bengaluru,OpenStreetMap Real Spatial Node
Sankara Eye Hospital,Varthur,N/A,N/A,N/A,N/A (Contact Clinic),General Healthcare & Rehab,N/A,N/A,N/A,"Sankara Eye Hospital, Varthur Road Bengaluru Urban, Bengaluru 560037",https://www.google.com/maps/search/Sankara%20Eye%20Hospital%20Varthur%20Bengaluru,OpenStreetMap Real Spatial Node
Indiranagar Government Hospital,Indiranagar,N/A,N/A,N/A,N/A (Contact Clinic),General Healthcare & Rehab,N/A,N/A,N/A,"Indiranagar Government Hospital, Indiranagar, Bengaluru, Karnataka",https://www.google.com/maps/search/Indiranagar%20Government%20Hospital%20Indiranagar%20Bengaluru,OpenStreetMap Real Spatial Node
Ayaansh Hospital,Indiranagar,N/A,N/A,N/A,N/A (Contact Clinic),General Healthcare & Rehab,N/A,N/A,N/A,"Ayaansh Hospital, CMH Road, Indiranagar, Chinmaya Mission Hospital Road , Bengaluru 560038",https://www.google.com/maps/search/Ayaansh%20Hospital%20Indiranagar%20Bengaluru,OpenStreetMap Real Spatial Node
Facelit Skin Hair & Wellness,Kammanahalli,N/A,N/A,N/A,N/A (Contact Clinic),General Healthcare & Rehab,N/A,N/A,N/A,"Facelit Skin Hair & Wellness, Kammanahalli Main Rd, HRBR Layout 3rd Block Bengaluru Urban, Bengaluru 560043",https://www.google.com/maps/search/Facelit%20Skin%20Hair%20%26%20Wellness%20Kammanahalli%20Bengaluru,OpenStreetMap Real Spatial Node
Yelahanka Government Hospital,Yelahanka,N/A,N/A,N/A,N/A (Contact Clinic),General Healthcare & Rehab,N/A,N/A,N/A,"Yelahanka Government Hospital,  Bangalore, Bengaluru 560063",https://www.google.com/maps/search/Yelahanka%20Government%20Hospital%20Yelahanka%20Bengaluru,OpenStreetMap Real Spatial Node
Manipal Hospitals Whitefield,Whitefield,N/A,N/A,N/A,N/A (Contact Clinic),General Healthcare & Rehab,N/A,N/A,N/A,"Manipal Hospitals Whitefield, Whitefield Main Road , Bengaluru 560048",https://www.google.com/maps/search/Manipal%20Hospitals%20Whitefield%20Whitefield%20Bengaluru,OpenStreetMap Real Spatial Node
Homeocure Clinic,Bellandur,N/A,N/A,N/A,N/A (Contact Clinic),General Healthcare & Rehab,N/A,N/A,N/A,"Homeocure Clinic, 1st Floor, Bellandur Gate, Sarjapur Road , Bengaluru 560035",https://www.google.com/maps/search/Homeocure%20Clinic%20Bellandur%20Bengaluru,OpenStreetMap Real Spatial Node
Suvarnamukhi,Sarjapur,N/A,N/A,N/A,N/A (Contact Clinic),General Healthcare & Rehab,N/A,N/A,N/A,"Suvarnamukhi, Kaikondrahalli, Sarjapur Road , Bengaluru 560034",https://www.google.com/maps/search/Suvarnamukhi%20Sarjapur%20Bengaluru,OpenStreetMap Real Spatial Node
Svastha Hospital,Whitefield,N/A,N/A,N/A,N/A (Contact Clinic),General Healthcare & Rehab,N/A,N/A,N/A,"Svastha Hospital, Whitefield Main Road , Bengaluru",https://www.google.com/maps/search/Svastha%20Hospital%20Whitefield%20Bengaluru,OpenStreetMap Real Spatial Node
Sarjapura Urban Primary Health Centre,Sarjapur,N/A,N/A,N/A,N/A (Contact Clinic),General Healthcare & Rehab,N/A,N/A,N/A,"Sarjapura Urban Primary Health Centre,  Bangalore, Bengaluru 562125",https://www.google.com/maps/search/Sarjapura%20Urban%20Primary%20Health%20Centre%20Sarjapur%20Bengaluru,OpenStreetMap Real Spatial Node
Pushpa Nursing Home,Whitefield,N/A,N/A,N/A,N/A (Contact Clinic),General Healthcare & Rehab,N/A,N/A,N/A,"Pushpa Nursing Home, Whitefield Main road , Bengaluru 560066",https://www.google.com/maps/search/Pushpa%20Nursing%20Home%20Whitefield%20Bengaluru,OpenStreetMap Real Spatial Node
"HOSMAT Hospital, Kalyan Nagar",Kalyan Nagar,N/A,N/A,N/A,N/A (Contact Clinic),General Healthcare & Rehab,N/A,N/A,N/A,"HOSMAT Hospital, Kalyan Nagar, Hennur Main Road Kalyan Nagar, Bengaluru 560043",https://www.google.com/maps/search/HOSMAT%20Hospital%2C%20Kalyan%20Nagar%20Kalyan%20Nagar%20Bengaluru,OpenStreetMap Real Spatial Node
Soukya International Holistic Health Center,Whitefield,N/A,N/A,N/A,N/A (Contact Clinic),General Healthcare & Rehab,N/A,N/A,N/A,"Soukya International Holistic Health Center, Soukya Road Whitefield, Bengaluru 560117",https://www.google.com/maps/search/Soukya%20International%20Holistic%20Health%20Center%20Whitefield%20Bengaluru,OpenStreetMap Real Spatial Node
Motherhood Whitefield,Whitefield,N/A,N/A,N/A,N/A (Contact Clinic),General Healthcare & Rehab,N/A,N/A,N/A,"Motherhood Whitefield, Whitefield, Bengaluru, Karnataka",https://www.google.com/maps/search/Motherhood%20Whitefield%20Whitefield%20Bengaluru,OpenStreetMap Real Spatial Node
ESI Hospital Malleshwaram Branch,Malleshwaram,N/A,N/A,N/A,N/A (Contact Clinic),General Healthcare & Rehab,N/A,N/A,N/A,"ESI Hospital Malleshwaram Branch, Malleshwaram, Bengaluru, Karnataka",https://www.google.com/maps/search/ESI%20Hospital%20Malleshwaram%20Branch%20Malleshwaram%20Bengaluru,OpenStreetMap Real Spatial Node
"UPHC, Koramangala",Koramangala,N/A,N/A,N/A,N/A (Contact Clinic),General Healthcare & Rehab,N/A,N/A,N/A,"UPHC, Koramangala, Koramangala, Bengaluru, Karnataka",https://www.google.com/maps/search/UPHC%2C%20Koramangala%20Koramangala%20Bengaluru,OpenStreetMap Real Spatial Node
Rainbow Childrens Hospital,Sarjapur,N/A,N/A,N/A,N/A (Contact Clinic),General Healthcare & Rehab,N/A,N/A,N/A,"Rainbow Childrens Hospital, Sarjapura Road , Bengaluru 560103",https://www.google.com/maps/search/Rainbow%20Childrens%20Hospital%20Sarjapur%20Bengaluru,OpenStreetMap Real Spatial Node
Urban PHC Varthuru,Varthur,N/A,N/A,N/A,N/A (Contact Clinic),General Healthcare & Rehab,N/A,N/A,N/A,"Urban PHC Varthuru,  Bangalore, Bengaluru 560087",https://www.google.com/maps/search/Urban%20PHC%20Varthuru%20Varthur%20Bengaluru,OpenStreetMap Real Spatial Node
Aster Whitefield Hospital,Whitefield,N/A,N/A,N/A,N/A (Contact Clinic),General Healthcare & Rehab,N/A,N/A,N/A,"Aster Whitefield Hospital,  Bengaluru Urban, Bengaluru 560048",https://www.google.com/maps/search/Aster%20Whitefield%20Hospital%20Whitefield%20Bengaluru,OpenStreetMap Real Spatial Node
Clinic,Bengaluru Urban,N/A,N/A,N/A,N/A (Contact Clinic),General Healthcare & Rehab,N/A,N/A,N/A,"Clinic, Bengaluru Urban, Bengaluru, Karnataka",https://www.google.com/maps/search/Clinic%20Bengaluru%20Urban%20Bengaluru,OpenStreetMap Real Spatial Node
Apollo Hospital,Bengaluru Urban,N/A,N/A,N/A,N/A (Contact Clinic),General Healthcare & Rehab,N/A,N/A,N/A,"Apollo Hospital, Outer Ring Road , Bengaluru 560037",https://www.google.com/maps/search/Apollo%20Hospital%20Bengaluru%20Urban%20Bengaluru,OpenStreetMap Real Spatial Node
Dr Ganesh Medical and Diabetic Clinic,Bengaluru Urban,N/A,N/A,N/A,N/A (Contact Clinic),General Healthcare & Rehab,N/A,N/A,N/A,"Dr Ganesh Medical and Diabetic Clinic, Bengaluru Urban, Bengaluru, Karnataka",https://www.google.com/maps/search/Dr%20Ganesh%20Medical%20and%20Diabetic%20Clinic%20Bengaluru%20Urban%20Bengaluru,OpenStreetMap Real Spatial Node
Apollo Pharmacy,Bengaluru Urban,N/A,N/A,N/A,N/A (Contact Clinic),General Healthcare & Rehab,N/A,N/A,N/A,"Apollo Pharmacy, Bengaluru Urban, Bengaluru, Karnataka",https://www.google.com/maps/search/Apollo%20Pharmacy%20Bengaluru%20Urban%20Bengaluru,OpenStreetMap Real Spatial Node
MedPlus,Bengaluru Urban,N/A,N/A,N/A,N/A (Contact Clinic),General Healthcare & Rehab,N/A,N/A,N/A,"MedPlus, Bengaluru Urban, Bengaluru, Karnataka",https://www.google.com/maps/search/MedPlus%20Bengaluru%20Urban%20Bengaluru,OpenStreetMap Real Spatial Node
Pristline Hospital,Bengaluru Urban,N/A,N/A,N/A,N/A (Contact Clinic),General Healthcare & Rehab,N/A,N/A,N/A,"Pristline Hospital, Modi Hospital Road (West of Chord Road) , Bengaluru 560079",https://www.google.com/maps/search/Pristline%20Hospital%20Bengaluru%20Urban%20Bengaluru,OpenStreetMap Real Spatial Node
"Bengaluru Hospital, Susruta Medical Aid AndResearch Home Limited",Bengaluru Urban,N/A,N/A,N/A,N/A (Contact Clinic),General Healthcare & Rehab,N/A,N/A,N/A,"Bengaluru Hospital, Susruta Medical Aid AndResearch Home Limited, Rashtriya Vidyalaya Road Bengaluru Urban, Bengaluru 560001",https://www.google.com/maps/search/Bengaluru%20Hospital%2C%20Susruta%20Medical%20Aid%20AndResearch%20Home%20Limited%20Bengaluru%20Urban%20Bengaluru,OpenStreetMap Real Spatial Node
Arvind Diagnostics,Bengaluru Urban,N/A,N/A,N/A,N/A (Contact Clinic),General Healthcare & Rehab,N/A,N/A,N/A,"Arvind Diagnostics, Bengaluru Urban, Bengaluru, Karnataka",https://www.google.com/maps/search/Arvind%20Diagnostics%20Bengaluru%20Urban%20Bengaluru,OpenStreetMap Real Spatial Node
Dr. S. Shetty,Bengaluru Urban,N/A,N/A,N/A,N/A (Contact Clinic),General Healthcare & Rehab,N/A,N/A,N/A,"Dr. S. Shetty, Jeevaraj Alva Road , Bengaluru",https://www.google.com/maps/search/Dr.%20S.%20Shetty%20Bengaluru%20Urban%20Bengaluru,OpenStreetMap Real Spatial Node
Government Primary Health Centre,Bengaluru Urban,N/A,N/A,N/A,N/A (Contact Clinic),General Healthcare & Rehab,N/A,N/A,N/A,"Government Primary Health Centre, Bengaluru Urban, Bengaluru, Karnataka",https://www.google.com/maps/search/Government%20Primary%20Health%20Centre%20Bengaluru%20Urban%20Bengaluru,OpenStreetMap Real Spatial Node
Keshava Medical & General Stores,Bengaluru Urban,N/A,N/A,N/A,N/A (Contact Clinic),General Healthcare & Rehab,N/A,N/A,N/A,"Keshava Medical & General Stores, Bengaluru Urban, Bengaluru, Karnataka",https://www.google.com/maps/search/Keshava%20Medical%20%26%20General%20Stores%20Bengaluru%20Urban%20Bengaluru,OpenStreetMap Real Spatial Node
S. S. Pharma,Bengaluru Urban,N/A,N/A,N/A,N/A (Contact Clinic),General Healthcare & Rehab,N/A,N/A,N/A,"S. S. Pharma, Benson Cross Road , Bengaluru",https://www.google.com/maps/search/S.%20S.%20Pharma%20Bengaluru%20Urban%20Bengaluru,OpenStreetMap Real Spatial Node
Ramakrishna Nursing Home and Hospital,Bengaluru Urban,N/A,N/A,N/A,N/A (Contact Clinic),General Healthcare & Rehab,N/A,N/A,N/A,"Ramakrishna Nursing Home and Hospital, Bengaluru Urban, Bengaluru, Karnataka",https://www.google.com/maps/search/Ramakrishna%20Nursing%20Home%20and%20Hospital%20Bengaluru%20Urban%20Bengaluru,OpenStreetMap Real Spatial Node
Shilpa Homeopathic Clinic,Bengaluru Urban,N/A,N/A,N/A,N/A (Contact Clinic),General Healthcare & Rehab,N/A,N/A,N/A,"Shilpa Homeopathic Clinic, Bengaluru Urban, Bengaluru, Karnataka",https://www.google.com/maps/search/Shilpa%20Homeopathic%20Clinic%20Bengaluru%20Urban%20Bengaluru,OpenStreetMap Real Spatial Node
Amruth Medicals,Bengaluru Urban,N/A,N/A,N/A,N/A (Contact Clinic),General Healthcare & Rehab,N/A,N/A,N/A,"Amruth Medicals, Bengaluru Urban, Bengaluru, Karnataka",https://www.google.com/maps/search/Amruth%20Medicals%20Bengaluru%20Urban%20Bengaluru,OpenStreetMap Real Spatial Node
"SBF Health, Bengaluru Urban",Bengaluru Urban,N/A,N/A,N/A,N/A (Contact Clinic),General Healthcare & Rehab,N/A,N/A,N/A,"SBF Health, Bengaluru Urban,  Bengaluru Urban, Bengaluru 560037",https://www.google.com/maps/search/SBF%20Health%2C%20Bengaluru%20Urban%20Bengaluru%20Urban%20Bengaluru,OpenStreetMap Real Spatial Node
Shashi Clinic,Bengaluru Urban,N/A,N/A,N/A,N/A (Contact Clinic),General Healthcare & Rehab,N/A,N/A,N/A,"Shashi Clinic, Bengaluru Urban, Bengaluru, Karnataka",https://www.google.com/maps/search/Shashi%20Clinic%20Bengaluru%20Urban%20Bengaluru,OpenStreetMap Real Spatial Node
RMV Hospital,Bengaluru Urban,N/A,N/A,N/A,N/A (Contact Clinic),General Healthcare & Rehab,N/A,N/A,N/A,"RMV Hospital, Bengaluru Urban, Bengaluru, Karnataka",https://www.google.com/maps/search/RMV%20Hospital%20Bengaluru%20Urban%20Bengaluru,OpenStreetMap Real Spatial Node
Vijay Medicals,Bengaluru Urban,N/A,N/A,N/A,N/A (Contact Clinic),General Healthcare & Rehab,N/A,N/A,N/A,"Vijay Medicals, Bengaluru Urban, Bengaluru, Karnataka",https://www.google.com/maps/search/Vijay%20Medicals%20Bengaluru%20Urban%20Bengaluru,OpenStreetMap Real Spatial Node
BGS Gleneagles Hospitals,Bengaluru Urban,N/A,N/A,N/A,N/A (Contact Clinic),General Healthcare & Rehab,N/A,N/A,N/A,"BGS Gleneagles Hospitals,  Bengaluru Urban, Bengaluru 560060",https://www.google.com/maps/search/BGS%20Gleneagles%20Hospitals%20Bengaluru%20Urban%20Bengaluru,OpenStreetMap Real Spatial Node
Queens Nursing Home,Bengaluru Urban,N/A,N/A,N/A,N/A (Contact Clinic),General Healthcare & Rehab,N/A,N/A,N/A,"Queens Nursing Home, Bengaluru Urban, Bengaluru, Karnataka",https://www.google.com/maps/search/Queens%20Nursing%20Home%20Bengaluru%20Urban%20Bengaluru,OpenStreetMap Real Spatial Node
Shivakumar Medicals & General Store,Bengaluru Urban,N/A,N/A,N/A,N/A (Contact Clinic),General Healthcare & Rehab,N/A,N/A,N/A,"Shivakumar Medicals & General Store, 27th main , Bengaluru 560102",https://www.google.com/maps/search/Shivakumar%20Medicals%20%26%20General%20Store%20Bengaluru%20Urban%20Bengaluru,OpenStreetMap Real Spatial Node
Sri Vinayaka Medicals,Bengaluru Urban,N/A,N/A,N/A,N/A (Contact Clinic),General Healthcare & Rehab,N/A,N/A,N/A,"Sri Vinayaka Medicals, Bengaluru Urban, Bengaluru, Karnataka",https://www.google.com/maps/search/Sri%20Vinayaka%20Medicals%20Bengaluru%20Urban%20Bengaluru,OpenStreetMap Real Spatial Node
Brookefield Hospital(A Unit Of Sanjeevani Hospital),Bengaluru Urban,N/A,N/A,N/A,N/A (Contact Clinic),General Healthcare & Rehab,N/A,N/A,N/A,"Brookefield Hospital(A Unit Of Sanjeevani Hospital),  Bengaluru Urban, Bengaluru 560037",https://www.google.com/maps/search/Brookefield%20Hospital%28A%20Unit%20Of%20Sanjeevani%20Hospital%29%20Bengaluru%20Urban%20Bengaluru,OpenStreetMap Real Spatial Node
Vita Life clinic,Bengaluru Urban,N/A,N/A,N/A,N/A (Contact Clinic),General Healthcare & Rehab,N/A,N/A,N/A,"Vita Life clinic, Bengaluru Urban, Bengaluru, Karnataka",https://www.google.com/maps/search/Vita%20Life%20clinic%20Bengaluru%20Urban%20Bengaluru,OpenStreetMap Real Spatial Node
Shakti Medical,Bengaluru Urban,N/A,N/A,N/A,N/A (Contact Clinic),General Healthcare & Rehab,N/A,N/A,N/A,"Shakti Medical, Bengaluru Urban, Bengaluru, Karnataka",https://www.google.com/maps/search/Shakti%20Medical%20Bengaluru%20Urban%20Bengaluru,OpenStreetMap Real Spatial Node
Health And Glow,Bengaluru Urban,N/A,N/A,N/A,N/A (Contact Clinic),General Healthcare & Rehab,N/A,N/A,N/A,"Health And Glow, Bengaluru Urban, Bengaluru, Karnataka",https://www.google.com/maps/search/Health%20And%20Glow%20Bengaluru%20Urban%20Bengaluru,OpenStreetMap Real Spatial Node
Aravind Medicals and General stores,Bengaluru Urban,N/A,N/A,N/A,N/A (Contact Clinic),General Healthcare & Rehab,N/A,N/A,N/A,"Aravind Medicals and General stores, Bengaluru Urban, Bengaluru, Karnataka",https://www.google.com/maps/search/Aravind%20Medicals%20and%20General%20stores%20Bengaluru%20Urban%20Bengaluru,OpenStreetMap Real Spatial Node
Ramdev Medicals,Bengaluru Urban,N/A,N/A,N/A,N/A (Contact Clinic),General Healthcare & Rehab,N/A,N/A,N/A,"Ramdev Medicals, Bengaluru Urban, Bengaluru, Karnataka",https://www.google.com/maps/search/Ramdev%20Medicals%20Bengaluru%20Urban%20Bengaluru,OpenStreetMap Real Spatial Node
Wellness Forever,Bengaluru Urban,N/A,N/A,N/A,N/A (Contact Clinic),General Healthcare & Rehab,N/A,N/A,N/A,"Wellness Forever, Bengaluru Urban, Bengaluru, Karnataka",https://www.google.com/maps/search/Wellness%20Forever%20Bengaluru%20Urban%20Bengaluru,OpenStreetMap Real Spatial Node
The Apollo Clinic,Bengaluru Urban,N/A,N/A,N/A,N/A (Contact Clinic),General Healthcare & Rehab,N/A,N/A,N/A,"The Apollo Clinic, 5th Cross , Bengaluru",https://www.google.com/maps/search/The%20Apollo%20Clinic%20Bengaluru%20Urban%20Bengaluru,OpenStreetMap Real Spatial Node
Chirag Hospital and Maternity Center,Bengaluru Urban,N/A,N/A,N/A,N/A (Contact Clinic),General Healthcare & Rehab,N/A,N/A,N/A,"Chirag Hospital and Maternity Center, 17th Main Road Bengaluru Urban, Bengaluru 560078",https://www.google.com/maps/search/Chirag%20Hospital%20and%20Maternity%20Center%20Bengaluru%20Urban%20Bengaluru,OpenStreetMap Real Spatial Node
Sagar Pharmacy,Bengaluru Urban,N/A,N/A,N/A,N/A (Contact Clinic),General Healthcare & Rehab,N/A,N/A,N/A,"Sagar Pharmacy, Bengaluru Urban, Bengaluru, Karnataka",https://www.google.com/maps/search/Sagar%20Pharmacy%20Bengaluru%20Urban%20Bengaluru,OpenStreetMap Real Spatial Node
Sharadha Nursing Home,Bengaluru Urban,N/A,N/A,N/A,N/A (Contact Clinic),General Healthcare & Rehab,N/A,N/A,N/A,"Sharadha Nursing Home,  Bengaluru Urban, Bengaluru 560034",https://www.google.com/maps/search/Sharadha%20Nursing%20Home%20Bengaluru%20Urban%20Bengaluru,OpenStreetMap Real Spatial Node
Srinivasa Nursing Home,Bengaluru Urban,N/A,N/A,N/A,N/A (Contact Clinic),General Healthcare & Rehab,N/A,N/A,N/A,"Srinivasa Nursing Home, Bengaluru Urban, Bengaluru, Karnataka",https://www.google.com/maps/search/Srinivasa%20Nursing%20Home%20Bengaluru%20Urban%20Bengaluru,OpenStreetMap Real Spatial Node
Karuna Clinic,Bengaluru Urban,N/A,N/A,N/A,N/A (Contact Clinic),General Healthcare & Rehab,N/A,N/A,N/A,"Karuna Clinic, Bengaluru Urban, Bengaluru, Karnataka",https://www.google.com/maps/search/Karuna%20Clinic%20Bengaluru%20Urban%20Bengaluru,OpenStreetMap Real Spatial Node
Sree Shakthi medicals,Bengaluru Urban,N/A,N/A,N/A,N/A (Contact Clinic),General Healthcare & Rehab,N/A,N/A,N/A,"Sree Shakthi medicals, 24th main hsr 2nd sector Bengaluru, Bengaluru 560102",https://www.google.com/maps/search/Sree%20Shakthi%20medicals%20Bengaluru%20Urban%20Bengaluru,OpenStreetMap Real Spatial Node
A K Clinic,Bengaluru Urban,N/A,N/A,N/A,N/A (Contact Clinic),General Healthcare & Rehab,N/A,N/A,N/A,"A K Clinic, Bengaluru Urban, Bengaluru, Karnataka",https://www.google.com/maps/search/A%20K%20Clinic%20Bengaluru%20Urban%20Bengaluru,OpenStreetMap Real Spatial Node
Santosh Diagnostic & Scan Center,Bengaluru Urban,N/A,N/A,N/A,N/A (Contact Clinic),General Healthcare & Rehab,N/A,N/A,N/A,"Santosh Diagnostic & Scan Center, Saint John's Church Road , Bengaluru",https://www.google.com/maps/search/Santosh%20Diagnostic%20%26%20Scan%20Center%20Bengaluru%20Urban%20Bengaluru,OpenStreetMap Real Spatial Node
Park View Clinic,Bengaluru Urban,N/A,N/A,N/A,N/A (Contact Clinic),General Healthcare & Rehab,N/A,N/A,N/A,"Park View Clinic, Saint John's Church Road , Bengaluru",https://www.google.com/maps/search/Park%20View%20Clinic%20Bengaluru%20Urban%20Bengaluru,OpenStreetMap Real Spatial Node
Kids Care Clinic,Bengaluru Urban,N/A,N/A,N/A,N/A (Contact Clinic),General Healthcare & Rehab,N/A,N/A,N/A,"Kids Care Clinic, Bengaluru Urban, Bengaluru, Karnataka",https://www.google.com/maps/search/Kids%20Care%20Clinic%20Bengaluru%20Urban%20Bengaluru,OpenStreetMap Real Spatial Node
Pristine Health care,Bengaluru Urban,N/A,N/A,N/A,N/A (Contact Clinic),General Healthcare & Rehab,N/A,N/A,N/A,"Pristine Health care, Bengaluru Urban, Bengaluru, Karnataka",https://www.google.com/maps/search/Pristine%20Health%20care%20Bengaluru%20Urban%20Bengaluru,OpenStreetMap Real Spatial Node
Mhaskars Srishti Clinic,Bengaluru Urban,N/A,N/A,N/A,N/A (Contact Clinic),General Healthcare & Rehab,N/A,N/A,N/A,"Mhaskars Srishti Clinic, Bengaluru Urban, Bengaluru, Karnataka",https://www.google.com/maps/search/Mhaskars%20Srishti%20Clinic%20Bengaluru%20Urban%20Bengaluru,OpenStreetMap Real Spatial Node
Diacon Hospital,Bengaluru Urban,N/A,N/A,N/A,N/A (Contact Clinic),General Healthcare & Rehab,N/A,N/A,N/A,"Diacon Hospital,  Bengaluru Urban, Bengaluru 560010",https://www.google.com/maps/search/Diacon%20Hospital%20Bengaluru%20Urban%20Bengaluru,OpenStreetMap Real Spatial Node
Nelamangala General Hospital,Bengaluru Urban,N/A,N/A,N/A,N/A (Contact Clinic),General Healthcare & Rehab,N/A,N/A,N/A,"Nelamangala General Hospital,  Bangalore Rural, Bengaluru 562123",https://www.google.com/maps/search/Nelamangala%20General%20Hospital%20Bengaluru%20Urban%20Bengaluru,OpenStreetMap Real Spatial Node
Agarwal Eye Hospital,Bengaluru Urban,N/A,N/A,N/A,N/A (Contact Clinic),General Healthcare & Rehab,N/A,N/A,N/A,"Agarwal Eye Hospital, Bengaluru Urban, Bengaluru, Karnataka",https://www.google.com/maps/search/Agarwal%20Eye%20Hospital%20Bengaluru%20Urban%20Bengaluru,OpenStreetMap Real Spatial Node
Vijaya Shree Diagnostics,Bengaluru Urban,N/A,N/A,N/A,N/A (Contact Clinic),General Healthcare & Rehab,N/A,N/A,N/A,"Vijaya Shree Diagnostics, Bengaluru Urban, Bengaluru, Karnataka",https://www.google.com/maps/search/Vijaya%20Shree%20Diagnostics%20Bengaluru%20Urban%20Bengaluru,OpenStreetMap Real Spatial Node
Medi House Pharma,Bengaluru Urban,N/A,N/A,N/A,N/A (Contact Clinic),General Healthcare & Rehab,N/A,N/A,N/A,"Medi House Pharma, Bengaluru Urban, Bengaluru, Karnataka",https://www.google.com/maps/search/Medi%20House%20Pharma%20Bengaluru%20Urban%20Bengaluru,OpenStreetMap Real Spatial Node
Prakash Clinic,Bengaluru Urban,N/A,N/A,N/A,N/A (Contact Clinic),General Healthcare & Rehab,N/A,N/A,N/A,"Prakash Clinic, Bengaluru Urban, Bengaluru, Karnataka",https://www.google.com/maps/search/Prakash%20Clinic%20Bengaluru%20Urban%20Bengaluru,OpenStreetMap Real Spatial Node
Balaji Medicals,Bengaluru Urban,N/A,N/A,N/A,N/A (Contact Clinic),General Healthcare & Rehab,N/A,N/A,N/A,"Balaji Medicals, Hosur Road , Bengaluru",https://www.google.com/maps/search/Balaji%20Medicals%20Bengaluru%20Urban%20Bengaluru,OpenStreetMap Real Spatial Node
Himalaya Health care - druggists,Bengaluru Urban,N/A,N/A,N/A,N/A (Contact Clinic),General Healthcare & Rehab,N/A,N/A,N/A,"Himalaya Health care - druggists, Bengaluru Urban, Bengaluru, Karnataka",https://www.google.com/maps/search/Himalaya%20Health%20care%20-%20druggists%20Bengaluru%20Urban%20Bengaluru,OpenStreetMap Real Spatial Node
Arathi medicals,Bengaluru Urban,N/A,N/A,N/A,N/A (Contact Clinic),General Healthcare & Rehab,N/A,N/A,N/A,"Arathi medicals, Bengaluru Urban, Bengaluru, Karnataka",https://www.google.com/maps/search/Arathi%20medicals%20Bengaluru%20Urban%20Bengaluru,OpenStreetMap Real Spatial Node
Punya Hospital,Bengaluru Urban,N/A,N/A,N/A,N/A (Contact Clinic),General Healthcare & Rehab,N/A,N/A,N/A,"Punya Hospital, Bengaluru Urban, Bengaluru, Karnataka",https://www.google.com/maps/search/Punya%20Hospital%20Bengaluru%20Urban%20Bengaluru,OpenStreetMap Real Spatial Node
Vasan Eye Care,Bengaluru Urban,N/A,N/A,N/A,N/A (Contact Clinic),General Healthcare & Rehab,N/A,N/A,N/A,"Vasan Eye Care, Hosur road , Bengaluru",https://www.google.com/maps/search/Vasan%20Eye%20Care%20Bengaluru%20Urban%20Bengaluru,OpenStreetMap Real Spatial Node
Heart lung clinic,Bengaluru Urban,N/A,N/A,N/A,N/A (Contact Clinic),General Healthcare & Rehab,N/A,N/A,N/A,"Heart lung clinic, Chinmaya Mission Hospital Road , Bengaluru",https://www.google.com/maps/search/Heart%20lung%20clinic%20Bengaluru%20Urban%20Bengaluru,OpenStreetMap Real Spatial Node
Amar Jyoti Nursing Home And P M P Medical Centre,Bengaluru Urban,N/A,N/A,N/A,N/A (Contact Clinic),General Healthcare & Rehab,N/A,N/A,N/A,"Amar Jyoti Nursing Home And P M P Medical Centre,  Bengaluru Urban, Bengaluru 560038",https://www.google.com/maps/search/Amar%20Jyoti%20Nursing%20Home%20And%20P%20M%20P%20Medical%20Centre%20Bengaluru%20Urban%20Bengaluru,OpenStreetMap Real Spatial Node
Lotus Diagnostic centre,Bengaluru Urban,N/A,N/A,N/A,N/A (Contact Clinic),General Healthcare & Rehab,N/A,N/A,N/A,"Lotus Diagnostic centre, Bengaluru Urban, Bengaluru, Karnataka",https://www.google.com/maps/search/Lotus%20Diagnostic%20centre%20Bengaluru%20Urban%20Bengaluru,OpenStreetMap Real Spatial Node
Sri Kirshna Pharmacy,Bengaluru Urban,N/A,N/A,N/A,N/A (Contact Clinic),General Healthcare & Rehab,N/A,N/A,N/A,"Sri Kirshna Pharmacy, Bengaluru Urban, Bengaluru, Karnataka",https://www.google.com/maps/search/Sri%20Kirshna%20Pharmacy%20Bengaluru%20Urban%20Bengaluru,OpenStreetMap Real Spatial Node
Ramkrishna Nursing Home,Bengaluru Urban,N/A,N/A,N/A,N/A (Contact Clinic),General Healthcare & Rehab,N/A,N/A,N/A,"Ramkrishna Nursing Home,  Bengaluru Urban, Bengaluru 560011",https://www.google.com/maps/search/Ramkrishna%20Nursing%20Home%20Bengaluru%20Urban%20Bengaluru,OpenStreetMap Real Spatial Node
Karanth Speciality Hospital,Bengaluru Urban,N/A,N/A,N/A,N/A (Contact Clinic),General Healthcare & Rehab,N/A,N/A,N/A,"Karanth Speciality Hospital,  Bengaluru Rural, Bengaluru 560068",https://www.google.com/maps/search/Karanth%20Speciality%20Hospital%20Bengaluru%20Urban%20Bengaluru,OpenStreetMap Real Spatial Node
Spurthy Hospital,Bengaluru Urban,N/A,N/A,N/A,N/A (Contact Clinic),General Healthcare & Rehab,N/A,N/A,N/A,"Spurthy Hospital,  Bengaluru Urban, Bengaluru 560029",https://www.google.com/maps/search/Spurthy%20Hospital%20Bengaluru%20Urban%20Bengaluru,OpenStreetMap Real Spatial Node
Prasad Eye Hospital,Bengaluru Urban,N/A,N/A,N/A,N/A (Contact Clinic),General Healthcare & Rehab,N/A,N/A,N/A,"Prasad Eye Hospital, Bengaluru Urban, Bengaluru, Karnataka",https://www.google.com/maps/search/Prasad%20Eye%20Hospital%20Bengaluru%20Urban%20Bengaluru,OpenStreetMap Real Spatial Node
NIMHANS Screening block,Bengaluru Urban,N/A,N/A,N/A,N/A (Contact Clinic),General Healthcare & Rehab,N/A,N/A,N/A,"NIMHANS Screening block, Bengaluru Urban, Bengaluru, Karnataka",https://www.google.com/maps/search/NIMHANS%20Screening%20block%20Bengaluru%20Urban%20Bengaluru,OpenStreetMap Real Spatial Node
NIMHANS OPD,Bengaluru Urban,N/A,N/A,N/A,N/A (Contact Clinic),General Healthcare & Rehab,N/A,N/A,N/A,"NIMHANS OPD, Bengaluru Urban, Bengaluru, Karnataka",https://www.google.com/maps/search/NIMHANS%20OPD%20Bengaluru%20Urban%20Bengaluru,OpenStreetMap Real Spatial Node
Manjunath Hospital,Bengaluru Urban,N/A,N/A,N/A,N/A (Contact Clinic),General Healthcare & Rehab,N/A,N/A,N/A,"Manjunath Hospital,  Bengaluru Urban, Bengaluru 560027",https://www.google.com/maps/search/Manjunath%20Hospital%20Bengaluru%20Urban%20Bengaluru,OpenStreetMap Real Spatial Node
Karthik Hospital,Bengaluru Urban,N/A,N/A,N/A,N/A (Contact Clinic),General Healthcare & Rehab,N/A,N/A,N/A,"Karthik Hospital, 8th Cross , Bengaluru",https://www.google.com/maps/search/Karthik%20Hospital%20Bengaluru%20Urban%20Bengaluru,OpenStreetMap Real Spatial Node
Sri Rama Medicals and General Stores,Bengaluru Urban,N/A,N/A,N/A,N/A (Contact Clinic),General Healthcare & Rehab,N/A,N/A,N/A,"Sri Rama Medicals and General Stores, Bengaluru Urban, Bengaluru, Karnataka",https://www.google.com/maps/search/Sri%20Rama%20Medicals%20and%20General%20Stores%20Bengaluru%20Urban%20Bengaluru,OpenStreetMap Real Spatial Node
Fortis Hospital,Bengaluru Urban,N/A,N/A,N/A,N/A (Contact Clinic),General Healthcare & Rehab,N/A,N/A,N/A,"Fortis Hospital,  Bengaluru Urban, Bengaluru 560086",https://www.google.com/maps/search/Fortis%20Hospital%20Bengaluru%20Urban%20Bengaluru,OpenStreetMap Real Spatial Node
"Vasan Eye Care Hospital, Rajaji Nagar",Bengaluru Urban,N/A,N/A,N/A,N/A (Contact Clinic),General Healthcare & Rehab,N/A,N/A,N/A,"Vasan Eye Care Hospital, Rajaji Nagar, 19th Cross Road Bengaluru Urban, Bengaluru 560010",https://www.google.com/maps/search/Vasan%20Eye%20Care%20Hospital%2C%20Rajaji%20Nagar%20Bengaluru%20Urban%20Bengaluru,OpenStreetMap Real Spatial Node
Ananya Hospital,Bengaluru Urban,N/A,N/A,N/A,N/A (Contact Clinic),General Healthcare & Rehab,N/A,N/A,N/A,"Ananya Hospital,  Bengaluru Urban, Bengaluru 560010",https://www.google.com/maps/search/Ananya%20Hospital%20Bengaluru%20Urban%20Bengaluru,OpenStreetMap Real Spatial Node
Religare Medicals,Bengaluru Urban,N/A,N/A,N/A,N/A (Contact Clinic),General Healthcare & Rehab,N/A,N/A,N/A,"Religare Medicals, Bengaluru Urban, Bengaluru, Karnataka",https://www.google.com/maps/search/Religare%20Medicals%20Bengaluru%20Urban%20Bengaluru,OpenStreetMap Real Spatial Node
Baptist,Bengaluru Urban,N/A,N/A,N/A,N/A (Contact Clinic),General Healthcare & Rehab,N/A,N/A,N/A,"Baptist, Bengaluru Urban, Bengaluru, Karnataka",https://www.google.com/maps/search/Baptist%20Bengaluru%20Urban%20Bengaluru,OpenStreetMap Real Spatial Node
Supra's Diagnostic Centre,Bengaluru Urban,N/A,N/A,N/A,N/A (Contact Clinic),General Healthcare & Rehab,N/A,N/A,N/A,"Supra's Diagnostic Centre, Bengaluru Urban, Bengaluru, Karnataka",https://www.google.com/maps/search/Supra%27s%20Diagnostic%20Centre%20Bengaluru%20Urban%20Bengaluru,OpenStreetMap Real Spatial Node
Ayurveda Clinic,Bengaluru Urban,N/A,N/A,N/A,N/A (Contact Clinic),General Healthcare & Rehab,N/A,N/A,N/A,"Ayurveda Clinic, Bengaluru Urban, Bengaluru, Karnataka",https://www.google.com/maps/search/Ayurveda%20Clinic%20Bengaluru%20Urban%20Bengaluru,OpenStreetMap Real Spatial Node
National Pharma,Bengaluru Urban,N/A,N/A,N/A,N/A (Contact Clinic),General Healthcare & Rehab,N/A,N/A,N/A,"National Pharma, Bengaluru Urban, Bengaluru, Karnataka",https://www.google.com/maps/search/National%20Pharma%20Bengaluru%20Urban%20Bengaluru,OpenStreetMap Real Spatial Node
Lakshmi Medicals,Bengaluru Urban,N/A,N/A,N/A,N/A (Contact Clinic),General Healthcare & Rehab,N/A,N/A,N/A,"Lakshmi Medicals, Bengaluru Urban, Bengaluru, Karnataka",https://www.google.com/maps/search/Lakshmi%20Medicals%20Bengaluru%20Urban%20Bengaluru,OpenStreetMap Real Spatial Node
"Sri Maruthi hospital, Sheshadripuram",Bengaluru Urban,N/A,N/A,N/A,N/A (Contact Clinic),General Healthcare & Rehab,N/A,N/A,N/A,"Sri Maruthi hospital, Sheshadripuram, Link Rd, Malleswaram, Jai Bheema Nagar, Seshadripuram Bengaluru Urban, Bengaluru 560020",https://www.google.com/maps/search/Sri%20Maruthi%20hospital%2C%20Sheshadripuram%20Bengaluru%20Urban%20Bengaluru,OpenStreetMap Real Spatial Node
Anjana Ramesh,Bengaluru Urban,N/A,N/A,N/A,N/A (Contact Clinic),General Healthcare & Rehab,N/A,N/A,N/A,"Anjana Ramesh, 1st Main Road , Bengaluru",https://www.google.com/maps/search/Anjana%20Ramesh%20Bengaluru%20Urban%20Bengaluru,OpenStreetMap Real Spatial Node
Vital Medi Health Care Pvt Ltd,Bengaluru Urban,N/A,N/A,N/A,N/A (Contact Clinic),General Healthcare & Rehab,N/A,N/A,N/A,"Vital Medi Health Care Pvt Ltd, 3rd Cross Road Bengaluru Urban, Bengaluru 560071",https://www.google.com/maps/search/Vital%20Medi%20Health%20Care%20Pvt%20Ltd%20Bengaluru%20Urban%20Bengaluru,OpenStreetMap Real Spatial Node
Prabha Eye Clinic and Research Centre,Bengaluru Urban,N/A,N/A,N/A,N/A (Contact Clinic),General Healthcare & Rehab,N/A,N/A,N/A,"Prabha Eye Clinic and Research Centre, 40th Cross Road Bengaluru Urban, Bengaluru 560070",https://www.google.com/maps/search/Prabha%20Eye%20Clinic%20and%20Research%20Centre%20Bengaluru%20Urban%20Bengaluru,OpenStreetMap Real Spatial Node
Sunny Medicals Hospital Clinic,Bengaluru Urban,N/A,N/A,N/A,N/A (Contact Clinic),General Healthcare & Rehab,N/A,N/A,N/A,"Sunny Medicals Hospital Clinic, Bengaluru Urban, Bengaluru, Karnataka",https://www.google.com/maps/search/Sunny%20Medicals%20Hospital%20Clinic%20Bengaluru%20Urban%20Bengaluru,OpenStreetMap Real Spatial Node
Maruthi Clinic,Bengaluru Urban,N/A,N/A,N/A,N/A (Contact Clinic),General Healthcare & Rehab,N/A,N/A,N/A,"Maruthi Clinic, Bengaluru Urban, Bengaluru, Karnataka",https://www.google.com/maps/search/Maruthi%20Clinic%20Bengaluru%20Urban%20Bengaluru,OpenStreetMap Real Spatial Node
Vikram Eye Clinic,Bengaluru Urban,N/A,N/A,N/A,N/A (Contact Clinic),General Healthcare & Rehab,N/A,N/A,N/A,"Vikram Eye Clinic,  Bengaluru Urban, Bengaluru 560011",https://www.google.com/maps/search/Vikram%20Eye%20Clinic%20Bengaluru%20Urban%20Bengaluru,OpenStreetMap Real Spatial Node
"Government Primary Healthcare Center, Begur",Bengaluru Urban,N/A,N/A,N/A,N/A (Contact Clinic),General Healthcare & Rehab,N/A,N/A,N/A,"Government Primary Healthcare Center, Begur,  Bangalore, Bengaluru 560068",https://www.google.com/maps/search/Government%20Primary%20Healthcare%20Center%2C%20Begur%20Bengaluru%20Urban%20Bengaluru,OpenStreetMap Real Spatial Node
Shakti Medicals,Bengaluru Urban,N/A,N/A,N/A,N/A (Contact Clinic),General Healthcare & Rehab,N/A,N/A,N/A,"Shakti Medicals, Bengaluru Urban, Bengaluru, Karnataka",https://www.google.com/maps/search/Shakti%20Medicals%20Bengaluru%20Urban%20Bengaluru,OpenStreetMap Real Spatial Node
Priyanka Pharma,Bengaluru Urban,N/A,N/A,N/A,N/A (Contact Clinic),General Healthcare & Rehab,N/A,N/A,N/A,"Priyanka Pharma, Wheeler Road Extension , Bengaluru 560084",https://www.google.com/maps/search/Priyanka%20Pharma%20Bengaluru%20Urban%20Bengaluru,OpenStreetMap Real Spatial Node
Apple Pharma,Bengaluru Urban,N/A,N/A,N/A,N/A (Contact Clinic),General Healthcare & Rehab,N/A,N/A,N/A,"Apple Pharma, Bengaluru Urban, Bengaluru, Karnataka",https://www.google.com/maps/search/Apple%20Pharma%20Bengaluru%20Urban%20Bengaluru,OpenStreetMap Real Spatial Node
Religare Wellness,Bengaluru Urban,N/A,N/A,N/A,N/A (Contact Clinic),General Healthcare & Rehab,N/A,N/A,N/A,"Religare Wellness, Bengaluru Urban, Bengaluru, Karnataka",https://www.google.com/maps/search/Religare%20Wellness%20Bengaluru%20Urban%20Bengaluru,OpenStreetMap Real Spatial Node
Shraddha Dental Care,Bengaluru Urban,N/A,N/A,N/A,N/A (Contact Clinic),General Healthcare & Rehab,N/A,N/A,N/A,"Shraddha Dental Care, Bengaluru Urban, Bengaluru, Karnataka",https://www.google.com/maps/search/Shraddha%20Dental%20Care%20Bengaluru%20Urban%20Bengaluru,OpenStreetMap Real Spatial Node
Samarth Clinical Laboratory,Bengaluru Urban,N/A,N/A,N/A,N/A (Contact Clinic),General Healthcare & Rehab,N/A,N/A,N/A,"Samarth Clinical Laboratory, Bengaluru Urban, Bengaluru, Karnataka",https://www.google.com/maps/search/Samarth%20Clinical%20Laboratory%20Bengaluru%20Urban%20Bengaluru,OpenStreetMap Real Spatial Node
Kasturi Medicals,Bengaluru Urban,N/A,N/A,N/A,N/A (Contact Clinic),General Healthcare & Rehab,N/A,N/A,N/A,"Kasturi Medicals, Bengaluru Urban, Bengaluru, Karnataka",https://www.google.com/maps/search/Kasturi%20Medicals%20Bengaluru%20Urban%20Bengaluru,OpenStreetMap Real Spatial Node
Cure N Care Homoeopathic clinic,Bengaluru Urban,N/A,N/A,N/A,N/A (Contact Clinic),General Healthcare & Rehab,N/A,N/A,N/A,"Cure N Care Homoeopathic clinic, Immidahalli road , Bengaluru 560066",https://www.google.com/maps/search/Cure%20N%20Care%20Homoeopathic%20clinic%20Bengaluru%20Urban%20Bengaluru,OpenStreetMap Real Spatial Node
Meenakshi ENT Speciality Centre,Bengaluru Urban,N/A,N/A,N/A,N/A (Contact Clinic),General Healthcare & Rehab,N/A,N/A,N/A,"Meenakshi ENT Speciality Centre, Bengaluru Urban, Bengaluru, Karnataka",https://www.google.com/maps/search/Meenakshi%20ENT%20Speciality%20Centre%20Bengaluru%20Urban%20Bengaluru,OpenStreetMap Real Spatial Node
Nagashree Medicals,Bengaluru Urban,N/A,N/A,N/A,N/A (Contact Clinic),General Healthcare & Rehab,N/A,N/A,N/A,"Nagashree Medicals, Bengaluru Urban, Bengaluru, Karnataka",https://www.google.com/maps/search/Nagashree%20Medicals%20Bengaluru%20Urban%20Bengaluru,OpenStreetMap Real Spatial Node
Narayana Hrudayalaya Dental Clinic,Bengaluru Urban,N/A,N/A,N/A,N/A (Contact Clinic),General Healthcare & Rehab,N/A,N/A,N/A,"Narayana Hrudayalaya Dental Clinic, Bengaluru Urban, Bengaluru, Karnataka",https://www.google.com/maps/search/Narayana%20Hrudayalaya%20Dental%20Clinic%20Bengaluru%20Urban%20Bengaluru,OpenStreetMap Real Spatial Node
Dental Art,Bengaluru Urban,N/A,N/A,N/A,N/A (Contact Clinic),General Healthcare & Rehab,N/A,N/A,N/A,"Dental Art, Bengaluru Urban, Bengaluru, Karnataka",https://www.google.com/maps/search/Dental%20Art%20Bengaluru%20Urban%20Bengaluru,OpenStreetMap Real Spatial Node
Rainbow Clinic and Diagnostic Laboratory,Bengaluru Urban,N/A,N/A,N/A,N/A (Contact Clinic),General Healthcare & Rehab,N/A,N/A,N/A,"Rainbow Clinic and Diagnostic Laboratory, Bengaluru Urban, Bengaluru, Karnataka",https://www.google.com/maps/search/Rainbow%20Clinic%20and%20Diagnostic%20Laboratory%20Bengaluru%20Urban%20Bengaluru,OpenStreetMap Real Spatial Node
Aryavaidyasala Ayurvedic Hospital,Bengaluru Urban,N/A,N/A,N/A,N/A (Contact Clinic),General Healthcare & Rehab,N/A,N/A,N/A,"Aryavaidyasala Ayurvedic Hospital, Bengaluru Urban, Bengaluru, Karnataka",https://www.google.com/maps/search/Aryavaidyasala%20Ayurvedic%20Hospital%20Bengaluru%20Urban%20Bengaluru,OpenStreetMap Real Spatial Node
DenTotal,Bengaluru Urban,N/A,N/A,N/A,N/A (Contact Clinic),General Healthcare & Rehab,N/A,N/A,N/A,"DenTotal, Bengaluru Urban, Bengaluru, Karnataka",https://www.google.com/maps/search/DenTotal%20Bengaluru%20Urban%20Bengaluru,OpenStreetMap Real Spatial Node
Sri Dental Clinic,Bengaluru Urban,N/A,N/A,N/A,N/A (Contact Clinic),General Healthcare & Rehab,N/A,N/A,N/A,"Sri Dental Clinic, Bengaluru Urban, Bengaluru, Karnataka",https://www.google.com/maps/search/Sri%20Dental%20Clinic%20Bengaluru%20Urban%20Bengaluru,OpenStreetMap Real Spatial Node
"Rajnandani Hospital, Bangalore",Bengaluru Urban,N/A,N/A,N/A,N/A (Contact Clinic),General Healthcare & Rehab,N/A,N/A,N/A,"Rajnandani Hospital, Bangalore,  Bengaluru Rural, Bengaluru 560062",https://www.google.com/maps/search/Rajnandani%20Hospital%2C%20Bangalore%20Bengaluru%20Urban%20Bengaluru,OpenStreetMap Real Spatial Node
Trupti Nursing Home,Bengaluru Urban,N/A,N/A,N/A,N/A (Contact Clinic),General Healthcare & Rehab,N/A,N/A,N/A,"Trupti Nursing Home,  Bengaluru Urban, Bengaluru 560079",https://www.google.com/maps/search/Trupti%20Nursing%20Home%20Bengaluru%20Urban%20Bengaluru,OpenStreetMap Real Spatial Node
Magnus Diagnostic Lab,Bengaluru Urban,N/A,N/A,N/A,N/A (Contact Clinic),General Healthcare & Rehab,N/A,N/A,N/A,"Magnus Diagnostic Lab, Bengaluru Urban, Bengaluru, Karnataka",https://www.google.com/maps/search/Magnus%20Diagnostic%20Lab%20Bengaluru%20Urban%20Bengaluru,OpenStreetMap Real Spatial Node
Ajit Medicals,Bengaluru Urban,N/A,N/A,N/A,N/A (Contact Clinic),General Healthcare & Rehab,N/A,N/A,N/A,"Ajit Medicals, Bengaluru Urban, Bengaluru, Karnataka",https://www.google.com/maps/search/Ajit%20Medicals%20Bengaluru%20Urban%20Bengaluru,OpenStreetMap Real Spatial Node
Trustx,Bengaluru Urban,N/A,N/A,N/A,N/A (Contact Clinic),General Healthcare & Rehab,N/A,N/A,N/A,"Trustx, Bengaluru Urban, Bengaluru, Karnataka",https://www.google.com/maps/search/Trustx%20Bengaluru%20Urban%20Bengaluru,OpenStreetMap Real Spatial Node
Pharma Plus,Bengaluru Urban,N/A,N/A,N/A,N/A (Contact Clinic),General Healthcare & Rehab,N/A,N/A,N/A,"Pharma Plus, 1st Cross Road , Bengaluru",https://www.google.com/maps/search/Pharma%20Plus%20Bengaluru%20Urban%20Bengaluru,OpenStreetMap Real Spatial Node
Krupa Medical center,Bengaluru Urban,N/A,N/A,N/A,N/A (Contact Clinic),General Healthcare & Rehab,N/A,N/A,N/A,"Krupa Medical center, Bengaluru Urban, Bengaluru, Karnataka",https://www.google.com/maps/search/Krupa%20Medical%20center%20Bengaluru%20Urban%20Bengaluru,OpenStreetMap Real Spatial Node
Janhavi Medicals,Bengaluru Urban,N/A,N/A,N/A,N/A (Contact Clinic),General Healthcare & Rehab,N/A,N/A,N/A,"Janhavi Medicals, Bengaluru Urban, Bengaluru, Karnataka",https://www.google.com/maps/search/Janhavi%20Medicals%20Bengaluru%20Urban%20Bengaluru,OpenStreetMap Real Spatial Node
Soukya Hospital,Bengaluru Urban,N/A,N/A,N/A,N/A (Contact Clinic),General Healthcare & Rehab,N/A,N/A,N/A,"Soukya Hospital,  Bengaluru Urban, Bengaluru 560097",https://www.google.com/maps/search/Soukya%20Hospital%20Bengaluru%20Urban%20Bengaluru,OpenStreetMap Real Spatial Node
Vaidyaratnam Oushadhasala,Bengaluru Urban,N/A,N/A,N/A,N/A (Contact Clinic),General Healthcare & Rehab,N/A,N/A,N/A,"Vaidyaratnam Oushadhasala, Bengaluru Urban, Bengaluru, Karnataka",https://www.google.com/maps/search/Vaidyaratnam%20Oushadhasala%20Bengaluru%20Urban%20Bengaluru,OpenStreetMap Real Spatial Node
Veterinary Hospital,Bengaluru Urban,N/A,N/A,N/A,N/A (Contact Clinic),General Healthcare & Rehab,N/A,N/A,N/A,"Veterinary Hospital, Bengaluru Urban, Bengaluru, Karnataka",https://www.google.com/maps/search/Veterinary%20Hospital%20Bengaluru%20Urban%20Bengaluru,OpenStreetMap Real Spatial Node
ESi Hospital,Bengaluru Urban,N/A,N/A,N/A,N/A (Contact Clinic),General Healthcare & Rehab,N/A,N/A,N/A,"ESi Hospital, Old Madras Road , Bengaluru",https://www.google.com/maps/search/ESi%20Hospital%20Bengaluru%20Urban%20Bengaluru,OpenStreetMap Real Spatial Node
Frank Ross Pharmacy,Bengaluru Urban,N/A,N/A,N/A,N/A (Contact Clinic),General Healthcare & Rehab,N/A,N/A,N/A,"Frank Ross Pharmacy, Chord Road , Bengaluru 560040",https://www.google.com/maps/search/Frank%20Ross%20Pharmacy%20Bengaluru%20Urban%20Bengaluru,OpenStreetMap Real Spatial Node
Ganesh Medicals & General Store,Bengaluru Urban,N/A,N/A,N/A,N/A (Contact Clinic),General Healthcare & Rehab,N/A,N/A,N/A,"Ganesh Medicals & General Store, Hosahalli Main Road , Bengaluru",https://www.google.com/maps/search/Ganesh%20Medicals%20%26%20General%20Store%20Bengaluru%20Urban%20Bengaluru,OpenStreetMap Real Spatial Node
Narayana Dental Hospital,Bengaluru Urban,N/A,N/A,N/A,N/A (Contact Clinic),General Healthcare & Rehab,N/A,N/A,N/A,"Narayana Dental Hospital, 1st Cross Road , Bengaluru 560079",https://www.google.com/maps/search/Narayana%20Dental%20Hospital%20Bengaluru%20Urban%20Bengaluru,OpenStreetMap Real Spatial Node
Positive Homeopathy,Bengaluru Urban,N/A,N/A,N/A,N/A (Contact Clinic),General Healthcare & Rehab,N/A,N/A,N/A,"Positive Homeopathy, Siddhaiah Puranik Road , Bengaluru 560079",https://www.google.com/maps/search/Positive%20Homeopathy%20Bengaluru%20Urban%20Bengaluru,OpenStreetMap Real Spatial Node
Sri Laxmi Medicals,Bengaluru Urban,N/A,N/A,N/A,N/A (Contact Clinic),General Healthcare & Rehab,N/A,N/A,N/A,"Sri Laxmi Medicals, Bengaluru Urban, Bengaluru, Karnataka",https://www.google.com/maps/search/Sri%20Laxmi%20Medicals%20Bengaluru%20Urban%20Bengaluru,OpenStreetMap Real Spatial Node
Vaidya Ratnam Ayurvedic Center,Bengaluru Urban,N/A,N/A,N/A,N/A (Contact Clinic),General Healthcare & Rehab,N/A,N/A,N/A,"Vaidya Ratnam Ayurvedic Center, 4th Cross , Bengaluru",https://www.google.com/maps/search/Vaidya%20Ratnam%20Ayurvedic%20Center%20Bengaluru%20Urban%20Bengaluru,OpenStreetMap Real Spatial Node
Tejas Ayurvedic Center,Bengaluru Urban,N/A,N/A,N/A,N/A (Contact Clinic),General Healthcare & Rehab,N/A,N/A,N/A,"Tejas Ayurvedic Center, 10th Main Road , Bengaluru 560040",https://www.google.com/maps/search/Tejas%20Ayurvedic%20Center%20Bengaluru%20Urban%20Bengaluru,OpenStreetMap Real Spatial Node
Anurag Medical Center,Bengaluru Urban,N/A,N/A,N/A,N/A (Contact Clinic),General Healthcare & Rehab,N/A,N/A,N/A,"Anurag Medical Center, 4th Main Road , Bengaluru",https://www.google.com/maps/search/Anurag%20Medical%20Center%20Bengaluru%20Urban%20Bengaluru,OpenStreetMap Real Spatial Node
Mohan Medicals,Bengaluru Urban,N/A,N/A,N/A,N/A (Contact Clinic),General Healthcare & Rehab,N/A,N/A,N/A,"Mohan Medicals, 4th Main Road , Bengaluru",https://www.google.com/maps/search/Mohan%20Medicals%20Bengaluru%20Urban%20Bengaluru,OpenStreetMap Real Spatial Node
Gentle Dentals,Bengaluru Urban,N/A,N/A,N/A,N/A (Contact Clinic),General Healthcare & Rehab,N/A,N/A,N/A,"Gentle Dentals, 9th Cross Road , Bengaluru 560040",https://www.google.com/maps/search/Gentle%20Dentals%20Bengaluru%20Urban%20Bengaluru,OpenStreetMap Real Spatial Node
Johnson Dental Clinic,Bengaluru Urban,N/A,N/A,N/A,N/A (Contact Clinic),General Healthcare & Rehab,N/A,N/A,N/A,"Johnson Dental Clinic, Bengaluru Urban, Bengaluru, Karnataka",https://www.google.com/maps/search/Johnson%20Dental%20Clinic%20Bengaluru%20Urban%20Bengaluru,OpenStreetMap Real Spatial Node
Raga's Skin Care,Bengaluru Urban,N/A,N/A,N/A,N/A (Contact Clinic),General Healthcare & Rehab,N/A,N/A,N/A,"Raga's Skin Care, Bengaluru Urban, Bengaluru, Karnataka",https://www.google.com/maps/search/Raga%27s%20Skin%20Care%20Bengaluru%20Urban%20Bengaluru,OpenStreetMap Real Spatial Node
Apoorva Dental Clinic,Bengaluru Urban,N/A,N/A,N/A,N/A (Contact Clinic),General Healthcare & Rehab,N/A,N/A,N/A,"Apoorva Dental Clinic, Bengaluru Urban, Bengaluru, Karnataka",https://www.google.com/maps/search/Apoorva%20Dental%20Clinic%20Bengaluru%20Urban%20Bengaluru,OpenStreetMap Real Spatial Node
Bhagwan Mahavir Jain Health Center,Bengaluru Urban,N/A,N/A,N/A,N/A (Contact Clinic),General Healthcare & Rehab,N/A,N/A,N/A,"Bhagwan Mahavir Jain Health Center, Bengaluru Urban, Bengaluru, Karnataka",https://www.google.com/maps/search/Bhagwan%20Mahavir%20Jain%20Health%20Center%20Bengaluru%20Urban%20Bengaluru,OpenStreetMap Real Spatial Node
Nethradarshana Eye Clinic,Bengaluru Urban,N/A,N/A,N/A,N/A (Contact Clinic),General Healthcare & Rehab,N/A,N/A,N/A,"Nethradarshana Eye Clinic, Bengaluru Urban, Bengaluru, Karnataka",https://www.google.com/maps/search/Nethradarshana%20Eye%20Clinic%20Bengaluru%20Urban%20Bengaluru,OpenStreetMap Real Spatial Node
Sanjeevini Clinic,Bengaluru Urban,N/A,N/A,N/A,N/A (Contact Clinic),General Healthcare & Rehab,N/A,N/A,N/A,"Sanjeevini Clinic, Bengaluru Urban, Bengaluru, Karnataka",https://www.google.com/maps/search/Sanjeevini%20Clinic%20Bengaluru%20Urban%20Bengaluru,OpenStreetMap Real Spatial Node
unknown clinic,Bengaluru Urban,N/A,N/A,N/A,N/A (Contact Clinic),General Healthcare & Rehab,N/A,N/A,N/A,"unknown clinic, Bengaluru Urban, Bengaluru, Karnataka",https://www.google.com/maps/search/unknown%20clinic%20Bengaluru%20Urban%20Bengaluru,OpenStreetMap Real Spatial Node
Hear2Speak Clinic,Bengaluru Urban,N/A,N/A,N/A,N/A (Contact Clinic),General Healthcare & Rehab,N/A,N/A,N/A,"Hear2Speak Clinic, Bengaluru Urban, Bengaluru, Karnataka",https://www.google.com/maps/search/Hear2Speak%20Clinic%20Bengaluru%20Urban%20Bengaluru,OpenStreetMap Real Spatial Node
Vatsalya Chidren's Clinic,Bengaluru Urban,N/A,N/A,N/A,N/A (Contact Clinic),General Healthcare & Rehab,N/A,N/A,N/A,"Vatsalya Chidren's Clinic, Bengaluru Urban, Bengaluru, Karnataka",https://www.google.com/maps/search/Vatsalya%20Chidren%27s%20Clinic%20Bengaluru%20Urban%20Bengaluru,OpenStreetMap Real Spatial Node
Manasa Medical Centre,Bengaluru Urban,N/A,N/A,N/A,N/A (Contact Clinic),General Healthcare & Rehab,N/A,N/A,N/A,"Manasa Medical Centre, Bengaluru Urban, Bengaluru, Karnataka",https://www.google.com/maps/search/Manasa%20Medical%20Centre%20Bengaluru%20Urban%20Bengaluru,OpenStreetMap Real Spatial Node
Laxmi Medicals,Bengaluru Urban,N/A,N/A,N/A,N/A (Contact Clinic),General Healthcare & Rehab,N/A,N/A,N/A,"Laxmi Medicals, Bengaluru Urban, Bengaluru, Karnataka",https://www.google.com/maps/search/Laxmi%20Medicals%20Bengaluru%20Urban%20Bengaluru,OpenStreetMap Real Spatial Node
Aditi Maternity and Genral Nursing Home,Bengaluru Urban,N/A,N/A,N/A,N/A (Contact Clinic),General Healthcare & Rehab,N/A,N/A,N/A,"Aditi Maternity and Genral Nursing Home,  Bengaluru Urban, Bengaluru 560076",https://www.google.com/maps/search/Aditi%20Maternity%20and%20Genral%20Nursing%20Home%20Bengaluru%20Urban%20Bengaluru,OpenStreetMap Real Spatial Node
Pavithra Medical & General Stores,Bengaluru Urban,N/A,N/A,N/A,N/A (Contact Clinic),General Healthcare & Rehab,N/A,N/A,N/A,"Pavithra Medical & General Stores, Bengaluru Urban, Bengaluru, Karnataka",https://www.google.com/maps/search/Pavithra%20Medical%20%26%20General%20Stores%20Bengaluru%20Urban%20Bengaluru,OpenStreetMap Real Spatial Node
Sharavathi Hospitals (P) Ltd.,Bengaluru Urban,N/A,N/A,N/A,N/A (Contact Clinic),General Healthcare & Rehab,N/A,N/A,N/A,"Sharavathi Hospitals (P) Ltd.,  Bengaluru Urban, Bengaluru 560040",https://www.google.com/maps/search/Sharavathi%20Hospitals%20%28P%29%20Ltd.%20Bengaluru%20Urban%20Bengaluru,OpenStreetMap Real Spatial Node
Ayush Children's Clinic (Dr.Murli),Bengaluru Urban,N/A,N/A,N/A,N/A (Contact Clinic),General Healthcare & Rehab,N/A,N/A,N/A,"Ayush Children's Clinic (Dr.Murli), Bengaluru Urban, Bengaluru, Karnataka",https://www.google.com/maps/search/Ayush%20Children%27s%20Clinic%20%28Dr.Murli%29%20Bengaluru%20Urban%20Bengaluru,OpenStreetMap Real Spatial Node
"Dr.Agarwal's Eye Hospital Ltd, Padmanabha Nagar",Bengaluru Urban,N/A,N/A,N/A,N/A (Contact Clinic),General Healthcare & Rehab,N/A,N/A,N/A,"Dr.Agarwal's Eye Hospital Ltd, Padmanabha Nagar,  Bengaluru Urban, Bengaluru 560070",https://www.google.com/maps/search/Dr.Agarwal%27s%20Eye%20Hospital%20Ltd%2C%20Padmanabha%20Nagar%20Bengaluru%20Urban%20Bengaluru,OpenStreetMap Real Spatial Node
Bharathi Medical Stores,Bengaluru Urban,N/A,N/A,N/A,N/A (Contact Clinic),General Healthcare & Rehab,N/A,N/A,N/A,"Bharathi Medical Stores, Bengaluru Urban, Bengaluru, Karnataka",https://www.google.com/maps/search/Bharathi%20Medical%20Stores%20Bengaluru%20Urban%20Bengaluru,OpenStreetMap Real Spatial Node
Prima Care,Bengaluru Urban,N/A,N/A,N/A,N/A (Contact Clinic),General Healthcare & Rehab,N/A,N/A,N/A,"Prima Care, Bengaluru Urban, Bengaluru, Karnataka",https://www.google.com/maps/search/Prima%20Care%20Bengaluru%20Urban%20Bengaluru,OpenStreetMap Real Spatial Node
Dr. Naline Jayaraj,Bengaluru Urban,N/A,N/A,N/A,N/A (Contact Clinic),General Healthcare & Rehab,N/A,N/A,N/A,"Dr. Naline Jayaraj, Bengaluru Urban, Bengaluru, Karnataka",https://www.google.com/maps/search/Dr.%20Naline%20Jayaraj%20Bengaluru%20Urban%20Bengaluru,OpenStreetMap Real Spatial Node
Vinayaka Medical & General Stores,Bengaluru Urban,N/A,N/A,N/A,N/A (Contact Clinic),General Healthcare & Rehab,N/A,N/A,N/A,"Vinayaka Medical & General Stores, Bengaluru Urban, Bengaluru, Karnataka",https://www.google.com/maps/search/Vinayaka%20Medical%20%26%20General%20Stores%20Bengaluru%20Urban%20Bengaluru,OpenStreetMap Real Spatial Node
Dr. Praveen's Orthopaedics Center,Bengaluru Urban,N/A,N/A,N/A,N/A (Contact Clinic),Orthopedic & Spine Care,N/A,N/A,N/A,"Dr. Praveen's Orthopaedics Center, Bengaluru Urban, Bengaluru, Karnataka",https://www.google.com/maps/search/Dr.%20Praveen%27s%20Orthopaedics%20Center%20Bengaluru%20Urban%20Bengaluru,OpenStreetMap Real Spatial Node
Medplus Path Labs,Bengaluru Urban,N/A,N/A,N/A,N/A (Contact Clinic),General Healthcare & Rehab,N/A,N/A,N/A,"Medplus Path Labs, Bengaluru Urban, Bengaluru, Karnataka",https://www.google.com/maps/search/Medplus%20Path%20Labs%20Bengaluru%20Urban%20Bengaluru,OpenStreetMap Real Spatial Node
"Vasan Eye Care Hospital, Rajarajeswari Nagar",Bengaluru Urban,N/A,N/A,N/A,N/A (Contact Clinic),General Healthcare & Rehab,N/A,N/A,N/A,"Vasan Eye Care Hospital, Rajarajeswari Nagar,  Bengaluru Urban, Bengaluru 560098",https://www.google.com/maps/search/Vasan%20Eye%20Care%20Hospital%2C%20Rajarajeswari%20Nagar%20Bengaluru%20Urban%20Bengaluru,OpenStreetMap Real Spatial Node
Anand Diagnostic Laboratory,Bengaluru Urban,N/A,N/A,N/A,N/A (Contact Clinic),General Healthcare & Rehab,N/A,N/A,N/A,"Anand Diagnostic Laboratory, Bengaluru Urban, Bengaluru, Karnataka",https://www.google.com/maps/search/Anand%20Diagnostic%20Laboratory%20Bengaluru%20Urban%20Bengaluru,OpenStreetMap Real Spatial Node
Dr. R Srinivasa,Bengaluru Urban,N/A,N/A,N/A,N/A (Contact Clinic),General Healthcare & Rehab,N/A,N/A,N/A,"Dr. R Srinivasa, 18th Cross , Bengaluru 560018",https://www.google.com/maps/search/Dr.%20R%20Srinivasa%20Bengaluru%20Urban%20Bengaluru,OpenStreetMap Real Spatial Node
Aikya Healthcare,Bengaluru Urban,N/A,N/A,N/A,N/A (Contact Clinic),General Healthcare & Rehab,N/A,N/A,N/A,"Aikya Healthcare, Kanakapura Road , Bengaluru 560062",https://www.google.com/maps/search/Aikya%20Healthcare%20Bengaluru%20Urban%20Bengaluru,OpenStreetMap Real Spatial Node
Bankapura Medicals,Bengaluru Urban,N/A,N/A,N/A,N/A (Contact Clinic),General Healthcare & Rehab,N/A,N/A,N/A,"Bankapura Medicals, Bengaluru Urban, Bengaluru, Karnataka",https://www.google.com/maps/search/Bankapura%20Medicals%20Bengaluru%20Urban%20Bengaluru,OpenStreetMap Real Spatial Node
Konanakunte Government Hospital,Bengaluru Urban,N/A,N/A,N/A,N/A (Contact Clinic),General Healthcare & Rehab,N/A,N/A,N/A,"Konanakunte Government Hospital,  Bangalore, Bengaluru 560062",https://www.google.com/maps/search/Konanakunte%20Government%20Hospital%20Bengaluru%20Urban%20Bengaluru,OpenStreetMap Real Spatial Node
Medical Shop,Bengaluru Urban,N/A,N/A,N/A,N/A (Contact Clinic),General Healthcare & Rehab,N/A,N/A,N/A,"Medical Shop, Bengaluru Urban, Bengaluru, Karnataka",https://www.google.com/maps/search/Medical%20Shop%20Bengaluru%20Urban%20Bengaluru,OpenStreetMap Real Spatial Node
Saptha Giri Clinic,Bengaluru Urban,N/A,N/A,N/A,N/A (Contact Clinic),General Healthcare & Rehab,N/A,N/A,N/A,"Saptha Giri Clinic, banjarapalya main road , Bengaluru",https://www.google.com/maps/search/Saptha%20Giri%20Clinic%20Bengaluru%20Urban%20Bengaluru,OpenStreetMap Real Spatial Node
Balaji Medical,Bengaluru Urban,N/A,N/A,N/A,N/A (Contact Clinic),General Healthcare & Rehab,N/A,N/A,N/A,"Balaji Medical, Bengaluru Urban, Bengaluru, Karnataka",https://www.google.com/maps/search/Balaji%20Medical%20Bengaluru%20Urban%20Bengaluru,OpenStreetMap Real Spatial Node
Anand Clinic,Bengaluru Urban,N/A,N/A,N/A,N/A (Contact Clinic),General Healthcare & Rehab,N/A,N/A,N/A,"Anand Clinic, Bengaluru Urban, Bengaluru, Karnataka",https://www.google.com/maps/search/Anand%20Clinic%20Bengaluru%20Urban%20Bengaluru,OpenStreetMap Real Spatial Node
Sanjeevani Clinic,Bengaluru Urban,N/A,N/A,N/A,N/A (Contact Clinic),General Healthcare & Rehab,N/A,N/A,N/A,"Sanjeevani Clinic, Bengaluru Urban, Bengaluru, Karnataka",https://www.google.com/maps/search/Sanjeevani%20Clinic%20Bengaluru%20Urban%20Bengaluru,OpenStreetMap Real Spatial Node
Government Hospital,Bengaluru Urban,N/A,N/A,N/A,N/A (Contact Clinic),General Healthcare & Rehab,N/A,N/A,N/A,"Government Hospital, Bengaluru Urban, Bengaluru, Karnataka",https://www.google.com/maps/search/Government%20Hospital%20Bengaluru%20Urban%20Bengaluru,OpenStreetMap Real Spatial Node
Narayanaswamy Medical Store,Bengaluru Urban,N/A,N/A,N/A,N/A (Contact Clinic),General Healthcare & Rehab,N/A,N/A,N/A,"Narayanaswamy Medical Store, bannerughatta road , Bengaluru",https://www.google.com/maps/search/Narayanaswamy%20Medical%20Store%20Bengaluru%20Urban%20Bengaluru,OpenStreetMap Real Spatial Node
Trupti Polly Nursing Home,Bengaluru Urban,N/A,N/A,N/A,N/A (Contact Clinic),General Healthcare & Rehab,N/A,N/A,N/A,"Trupti Polly Nursing Home, bannerughatta road , Bengaluru",https://www.google.com/maps/search/Trupti%20Polly%20Nursing%20Home%20Bengaluru%20Urban%20Bengaluru,OpenStreetMap Real Spatial Node
Ojus Medicare,Bengaluru Urban,N/A,N/A,N/A,N/A (Contact Clinic),General Healthcare & Rehab,N/A,N/A,N/A,"Ojus Medicare, 3rd Cross Road , Bengaluru",https://www.google.com/maps/search/Ojus%20Medicare%20Bengaluru%20Urban%20Bengaluru,OpenStreetMap Real Spatial Node
Apollo Clinic,Bengaluru Urban,N/A,N/A,N/A,N/A (Contact Clinic),General Healthcare & Rehab,N/A,N/A,N/A,"Apollo Clinic, Bengaluru Urban, Bengaluru, Karnataka",https://www.google.com/maps/search/Apollo%20Clinic%20Bengaluru%20Urban%20Bengaluru,OpenStreetMap Real Spatial Node
White Lotus,Bengaluru Urban,N/A,N/A,N/A,N/A (Contact Clinic),General Healthcare & Rehab,N/A,N/A,N/A,"White Lotus, 24th Main Road , Bengaluru 560078",https://www.google.com/maps/search/White%20Lotus%20Bengaluru%20Urban%20Bengaluru,OpenStreetMap Real Spatial Node
Kamaldeep Medicals,Bengaluru Urban,N/A,N/A,N/A,N/A (Contact Clinic),General Healthcare & Rehab,N/A,N/A,N/A,"Kamaldeep Medicals, Bengaluru Urban, Bengaluru, Karnataka",https://www.google.com/maps/search/Kamaldeep%20Medicals%20Bengaluru%20Urban%20Bengaluru,OpenStreetMap Real Spatial Node
Dr.Paul's Dental Healthcare,Bengaluru Urban,N/A,N/A,N/A,N/A (Contact Clinic),General Healthcare & Rehab,N/A,N/A,N/A,"Dr.Paul's Dental Healthcare, Bengaluru Urban, Bengaluru, Karnataka",https://www.google.com/maps/search/Dr.Paul%27s%20Dental%20Healthcare%20Bengaluru%20Urban%20Bengaluru,OpenStreetMap Real Spatial Node
Homeocare International,Bengaluru Urban,N/A,N/A,N/A,N/A (Contact Clinic),General Healthcare & Rehab,N/A,N/A,N/A,"Homeocare International, 17th Main , Bengaluru",https://www.google.com/maps/search/Homeocare%20International%20Bengaluru%20Urban%20Bengaluru,OpenStreetMap Real Spatial Node
Himalaya,Bengaluru Urban,N/A,N/A,N/A,N/A (Contact Clinic),General Healthcare & Rehab,N/A,N/A,N/A,"Himalaya, Bengaluru Urban, Bengaluru, Karnataka",https://www.google.com/maps/search/Himalaya%20Bengaluru%20Urban%20Bengaluru,OpenStreetMap Real Spatial Node
Motherhood Hospital(Unit Of Rhea Healthcare Pvt Ltd),Bengaluru Urban,N/A,N/A,N/A,N/A (Contact Clinic),General Healthcare & Rehab,N/A,N/A,N/A,"Motherhood Hospital(Unit Of Rhea Healthcare Pvt Ltd),  Bengaluru Urban, Bengaluru 560038",https://www.google.com/maps/search/Motherhood%20Hospital%28Unit%20Of%20Rhea%20Healthcare%20Pvt%20Ltd%29%20Bengaluru%20Urban%20Bengaluru,OpenStreetMap Real Spatial Node
ClinRad,Bengaluru Urban,N/A,N/A,N/A,N/A (Contact Clinic),General Healthcare & Rehab,N/A,N/A,N/A,"ClinRad, Bengaluru Urban, Bengaluru, Karnataka",https://www.google.com/maps/search/ClinRad%20Bengaluru%20Urban%20Bengaluru,OpenStreetMap Real Spatial Node
Nationwide,Bengaluru Urban,N/A,N/A,N/A,N/A (Contact Clinic),General Healthcare & Rehab,N/A,N/A,N/A,"Nationwide, 1st Floor, Chinmaya Mission Hospital Road, 1st Stage, Indira Nagar, Above Siemens Showroom , Bengaluru 560038",https://www.google.com/maps/search/Nationwide%20Bengaluru%20Urban%20Bengaluru,OpenStreetMap Real Spatial Node
Maple Clinic,Bengaluru Urban,N/A,N/A,N/A,N/A (Contact Clinic),General Healthcare & Rehab,N/A,N/A,N/A,"Maple Clinic, 4th Main Road , Bengaluru",https://www.google.com/maps/search/Maple%20Clinic%20Bengaluru%20Urban%20Bengaluru,OpenStreetMap Real Spatial Node
Rajan's Speech & Hearing Center,Bengaluru Urban,N/A,N/A,N/A,N/A (Contact Clinic),General Healthcare & Rehab,N/A,N/A,N/A,"Rajan's Speech & Hearing Center, Bengaluru Urban, Bengaluru, Karnataka",https://www.google.com/maps/search/Rajan%27s%20Speech%20%26%20Hearing%20Center%20Bengaluru%20Urban%20Bengaluru,OpenStreetMap Real Spatial Node
Retina Clinic,Bengaluru Urban,N/A,N/A,N/A,N/A (Contact Clinic),General Healthcare & Rehab,N/A,N/A,N/A,"Retina Clinic, Bengaluru Urban, Bengaluru, Karnataka",https://www.google.com/maps/search/Retina%20Clinic%20Bengaluru%20Urban%20Bengaluru,OpenStreetMap Real Spatial Node
Respiratory and womens health clinic.,Bengaluru Urban,N/A,N/A,N/A,N/A (Contact Clinic),General Healthcare & Rehab,N/A,N/A,N/A,"Respiratory and womens health clinic., Bengaluru Urban, Bengaluru, Karnataka",https://www.google.com/maps/search/Respiratory%20and%20womens%20health%20clinic.%20Bengaluru%20Urban%20Bengaluru,OpenStreetMap Real Spatial Node
Netradama Eye Hospital,Bengaluru Urban,N/A,N/A,N/A,N/A (Contact Clinic),General Healthcare & Rehab,N/A,N/A,N/A,"Netradama Eye Hospital, Bengaluru Urban, Bengaluru, Karnataka",https://www.google.com/maps/search/Netradama%20Eye%20Hospital%20Bengaluru%20Urban%20Bengaluru,OpenStreetMap Real Spatial Node
Healing Touch Pharma,Bengaluru Urban,N/A,N/A,N/A,N/A (Contact Clinic),General Healthcare & Rehab,N/A,N/A,N/A,"Healing Touch Pharma, Bengaluru Urban, Bengaluru, Karnataka",https://www.google.com/maps/search/Healing%20Touch%20Pharma%20Bengaluru%20Urban%20Bengaluru,OpenStreetMap Real Spatial Node
Qi Spine Clinic,Bengaluru Urban,N/A,N/A,N/A,N/A (Contact Clinic),Orthopedic & Spine Care,N/A,N/A,N/A,"Qi Spine Clinic, 100 Feet Road(S K Karim Khan Road) , Bengaluru",https://www.google.com/maps/search/Qi%20Spine%20Clinic%20Bengaluru%20Urban%20Bengaluru,OpenStreetMap Real Spatial Node
Dr. Mradula's Skin Clinic,Bengaluru Urban,N/A,N/A,N/A,N/A (Contact Clinic),General Healthcare & Rehab,N/A,N/A,N/A,"Dr. Mradula's Skin Clinic, Bengaluru Urban, Bengaluru, Karnataka",https://www.google.com/maps/search/Dr.%20Mradula%27s%20Skin%20Clinic%20Bengaluru%20Urban%20Bengaluru,OpenStreetMap Real Spatial Node
Anjana Diagnostics,Bengaluru Urban,N/A,N/A,N/A,N/A (Contact Clinic),General Healthcare & Rehab,N/A,N/A,N/A,"Anjana Diagnostics, Bengaluru Urban, Bengaluru, Karnataka",https://www.google.com/maps/search/Anjana%20Diagnostics%20Bengaluru%20Urban%20Bengaluru,OpenStreetMap Real Spatial Node
Samatvam Diabeties Center,Bengaluru Urban,N/A,N/A,N/A,N/A (Contact Clinic),General Healthcare & Rehab,N/A,N/A,N/A,"Samatvam Diabeties Center, 1st Main , Bengaluru",https://www.google.com/maps/search/Samatvam%20Diabeties%20Center%20Bengaluru%20Urban%20Bengaluru,OpenStreetMap Real Spatial Node
Mangesh Clinic,Bengaluru Urban,N/A,N/A,N/A,N/A (Contact Clinic),General Healthcare & Rehab,N/A,N/A,N/A,"Mangesh Clinic, Bengaluru Urban, Bengaluru, Karnataka",https://www.google.com/maps/search/Mangesh%20Clinic%20Bengaluru%20Urban%20Bengaluru,OpenStreetMap Real Spatial Node
The Oxford Children's Dental Clinic,Bengaluru Urban,N/A,N/A,N/A,N/A (Contact Clinic),General Healthcare & Rehab,N/A,N/A,N/A,"The Oxford Children's Dental Clinic, Bengaluru Urban, Bengaluru, Karnataka",https://www.google.com/maps/search/The%20Oxford%20Children%27s%20Dental%20Clinic%20Bengaluru%20Urban%20Bengaluru,OpenStreetMap Real Spatial Node
Shree Sai Ram Drug House,Bengaluru Urban,N/A,N/A,N/A,N/A (Contact Clinic),General Healthcare & Rehab,N/A,N/A,N/A,"Shree Sai Ram Drug House, Bengaluru Urban, Bengaluru, Karnataka",https://www.google.com/maps/search/Shree%20Sai%20Ram%20Drug%20House%20Bengaluru%20Urban%20Bengaluru,OpenStreetMap Real Spatial Node
Maruthi Medical Stores,Bengaluru Urban,N/A,N/A,N/A,N/A (Contact Clinic),General Healthcare & Rehab,N/A,N/A,N/A,"Maruthi Medical Stores, Bengaluru Urban, Bengaluru, Karnataka",https://www.google.com/maps/search/Maruthi%20Medical%20Stores%20Bengaluru%20Urban%20Bengaluru,OpenStreetMap Real Spatial Node
We Care Homeopathy,Bengaluru Urban,N/A,N/A,N/A,N/A (Contact Clinic),General Healthcare & Rehab,N/A,N/A,N/A,"We Care Homeopathy, Bengaluru Urban, Bengaluru, Karnataka",https://www.google.com/maps/search/We%20Care%20Homeopathy%20Bengaluru%20Urban%20Bengaluru,OpenStreetMap Real Spatial Node
Leela Hospital and Diagnostic Center,Bengaluru Urban,N/A,N/A,N/A,N/A (Contact Clinic),General Healthcare & Rehab,N/A,N/A,N/A,"Leela Hospital and Diagnostic Center,  Bengaluru Urban, Bengaluru 560003",https://www.google.com/maps/search/Leela%20Hospital%20and%20Diagnostic%20Center%20Bengaluru%20Urban%20Bengaluru,OpenStreetMap Real Spatial Node
Leela medicals,Bengaluru Urban,N/A,N/A,N/A,N/A (Contact Clinic),General Healthcare & Rehab,N/A,N/A,N/A,"Leela medicals, Bengaluru Urban, Bengaluru, Karnataka",https://www.google.com/maps/search/Leela%20medicals%20Bengaluru%20Urban%20Bengaluru,OpenStreetMap Real Spatial Node
Jnanakshi Eye Clinic,Bengaluru Urban,N/A,N/A,N/A,N/A (Contact Clinic),General Healthcare & Rehab,N/A,N/A,N/A,"Jnanakshi Eye Clinic, Bengaluru Urban, Bengaluru, Karnataka",https://www.google.com/maps/search/Jnanakshi%20Eye%20Clinic%20Bengaluru%20Urban%20Bengaluru,OpenStreetMap Real Spatial Node
CKV Clinic,Bengaluru Urban,N/A,N/A,N/A,N/A (Contact Clinic),General Healthcare & Rehab,N/A,N/A,N/A,"CKV Clinic, Bengaluru Urban, Bengaluru, Karnataka",https://www.google.com/maps/search/CKV%20Clinic%20Bengaluru%20Urban%20Bengaluru,OpenStreetMap Real Spatial Node
Santosh Clinic - Family Physician,Bengaluru Urban,N/A,N/A,N/A,N/A (Contact Clinic),General Healthcare & Rehab,N/A,N/A,N/A,"Santosh Clinic - Family Physician, Bengaluru Urban, Bengaluru, Karnataka",https://www.google.com/maps/search/Santosh%20Clinic%20-%20Family%20Physician%20Bengaluru%20Urban%20Bengaluru,OpenStreetMap Real Spatial Node
Sri Prasamshi Medical Stores,Bengaluru Urban,N/A,N/A,N/A,N/A (Contact Clinic),General Healthcare & Rehab,N/A,N/A,N/A,"Sri Prasamshi Medical Stores, Bengaluru Urban, Bengaluru, Karnataka",https://www.google.com/maps/search/Sri%20Prasamshi%20Medical%20Stores%20Bengaluru%20Urban%20Bengaluru,OpenStreetMap Real Spatial Node
Reddy's Pharma,Bengaluru Urban,N/A,N/A,N/A,N/A (Contact Clinic),General Healthcare & Rehab,N/A,N/A,N/A,"Reddy's Pharma, Bengaluru Urban, Bengaluru, Karnataka",https://www.google.com/maps/search/Reddy%27s%20Pharma%20Bengaluru%20Urban%20Bengaluru,OpenStreetMap Real Spatial Node
Supriya Diagnostic Center,Bengaluru Urban,N/A,N/A,N/A,N/A (Contact Clinic),General Healthcare & Rehab,N/A,N/A,N/A,"Supriya Diagnostic Center, Bengaluru Urban, Bengaluru, Karnataka",https://www.google.com/maps/search/Supriya%20Diagnostic%20Center%20Bengaluru%20Urban%20Bengaluru,OpenStreetMap Real Spatial Node
Dr Thomas,Bengaluru Urban,N/A,N/A,N/A,N/A (Contact Clinic),General Healthcare & Rehab,N/A,N/A,N/A,"Dr Thomas, Bengaluru Urban, Bengaluru, Karnataka",https://www.google.com/maps/search/Dr%20Thomas%20Bengaluru%20Urban%20Bengaluru,OpenStreetMap Real Spatial Node
Nile Hair and Skin Care,Bengaluru Urban,N/A,N/A,N/A,N/A (Contact Clinic),General Healthcare & Rehab,N/A,N/A,N/A,"Nile Hair and Skin Care, Bengaluru Urban, Bengaluru, Karnataka",https://www.google.com/maps/search/Nile%20Hair%20and%20Skin%20Care%20Bengaluru%20Urban%20Bengaluru,OpenStreetMap Real Spatial Node
Sculptura Aesthetic Centre,Bengaluru Urban,N/A,N/A,N/A,N/A (Contact Clinic),General Healthcare & Rehab,N/A,N/A,N/A,"Sculptura Aesthetic Centre, Bengaluru Urban, Bengaluru, Karnataka",https://www.google.com/maps/search/Sculptura%20Aesthetic%20Centre%20Bengaluru%20Urban%20Bengaluru,OpenStreetMap Real Spatial Node
Dr. Ravi Lab And Research Center,Bengaluru Urban,N/A,N/A,N/A,N/A (Contact Clinic),General Healthcare & Rehab,N/A,N/A,N/A,"Dr. Ravi Lab And Research Center, Bengaluru Urban, Bengaluru, Karnataka",https://www.google.com/maps/search/Dr.%20Ravi%20Lab%20And%20Research%20Center%20Bengaluru%20Urban%20Bengaluru,OpenStreetMap Real Spatial Node
Nelivigi Eye Hospital,Bengaluru Urban,N/A,N/A,N/A,N/A (Contact Clinic),General Healthcare & Rehab,N/A,N/A,N/A,"Nelivigi Eye Hospital,  Bengaluru Urban, Bengaluru 560103",https://www.google.com/maps/search/Nelivigi%20Eye%20Hospital%20Bengaluru%20Urban%20Bengaluru,OpenStreetMap Real Spatial Node
Smile Elements Dental,Bengaluru Urban,N/A,N/A,N/A,N/A (Contact Clinic),General Healthcare & Rehab,N/A,N/A,N/A,"Smile Elements Dental, Bengaluru Urban, Bengaluru, Karnataka",https://www.google.com/maps/search/Smile%20Elements%20Dental%20Bengaluru%20Urban%20Bengaluru,OpenStreetMap Real Spatial Node
Bhargavi Clinic,Bengaluru Urban,N/A,N/A,N/A,N/A (Contact Clinic),General Healthcare & Rehab,N/A,N/A,N/A,"Bhargavi Clinic, 4th Cross Road , Bengaluru 560038",https://www.google.com/maps/search/Bhargavi%20Clinic%20Bengaluru%20Urban%20Bengaluru,OpenStreetMap Real Spatial Node
Mannat Fertility Clinic,Bengaluru Urban,N/A,N/A,N/A,N/A (Contact Clinic),General Healthcare & Rehab,N/A,N/A,N/A,"Mannat Fertility Clinic, Bengaluru Urban, Bengaluru, Karnataka",https://www.google.com/maps/search/Mannat%20Fertility%20Clinic%20Bengaluru%20Urban%20Bengaluru,OpenStreetMap Real Spatial Node
Sanghi Medical Centre (P) Ltd,Bengaluru Urban,N/A,N/A,N/A,N/A (Contact Clinic),General Healthcare & Rehab,N/A,N/A,N/A,"Sanghi Medical Centre (P) Ltd, Bengaluru Urban, Bengaluru, Karnataka",https://www.google.com/maps/search/Sanghi%20Medical%20Centre%20%28P%29%20Ltd%20Bengaluru%20Urban%20Bengaluru,OpenStreetMap Real Spatial Node
"Sri Sai Krupa Hospital, Bengaluru Urban",Bengaluru Urban,N/A,N/A,N/A,N/A (Contact Clinic),General Healthcare & Rehab,N/A,N/A,N/A,"Sri Sai Krupa Hospital, Bengaluru Urban,  Bengaluru Urban, Bengaluru 560021",https://www.google.com/maps/search/Sri%20Sai%20Krupa%20Hospital%2C%20Bengaluru%20Urban%20Bengaluru%20Urban%20Bengaluru,OpenStreetMap Real Spatial Node
Swathi Medical Store,Bengaluru Urban,N/A,N/A,N/A,N/A (Contact Clinic),General Healthcare & Rehab,N/A,N/A,N/A,"Swathi Medical Store, Bengaluru Urban, Bengaluru, Karnataka",https://www.google.com/maps/search/Swathi%20Medical%20Store%20Bengaluru%20Urban%20Bengaluru,OpenStreetMap Real Spatial Node
Remuka Deltal Clinic,Bengaluru Urban,N/A,N/A,N/A,N/A (Contact Clinic),General Healthcare & Rehab,N/A,N/A,N/A,"Remuka Deltal Clinic, 17th F Cross , Bengaluru",https://www.google.com/maps/search/Remuka%20Deltal%20Clinic%20Bengaluru%20Urban%20Bengaluru,OpenStreetMap Real Spatial Node
Cosmetic Dental clinic,Bengaluru Urban,N/A,N/A,N/A,N/A (Contact Clinic),General Healthcare & Rehab,N/A,N/A,N/A,"Cosmetic Dental clinic, Bengaluru Urban, Bengaluru, Karnataka",https://www.google.com/maps/search/Cosmetic%20Dental%20clinic%20Bengaluru%20Urban%20Bengaluru,OpenStreetMap Real Spatial Node
Health Total,Bengaluru Urban,N/A,N/A,N/A,N/A (Contact Clinic),General Healthcare & Rehab,N/A,N/A,N/A,"Health Total, Bengaluru Urban, Bengaluru, Karnataka",https://www.google.com/maps/search/Health%20Total%20Bengaluru%20Urban%20Bengaluru,OpenStreetMap Real Spatial Node
NH Narayana municipal clinic,Bengaluru Urban,N/A,N/A,N/A,N/A (Contact Clinic),General Healthcare & Rehab,N/A,N/A,N/A,"NH Narayana municipal clinic, Bengaluru Urban, Bengaluru, Karnataka",https://www.google.com/maps/search/NH%20Narayana%20municipal%20clinic%20Bengaluru%20Urban%20Bengaluru,OpenStreetMap Real Spatial Node
Vijaya Ent Care Centre,Bengaluru Urban,N/A,N/A,N/A,N/A (Contact Clinic),General Healthcare & Rehab,N/A,N/A,N/A,"Vijaya Ent Care Centre,  Bengaluru Urban, Bengaluru 560003",https://www.google.com/maps/search/Vijaya%20Ent%20Care%20Centre%20Bengaluru%20Urban%20Bengaluru,OpenStreetMap Real Spatial Node
Wipro First Aid Clinic,Bengaluru Urban,N/A,N/A,N/A,N/A (Contact Clinic),General Healthcare & Rehab,N/A,N/A,N/A,"Wipro First Aid Clinic, Bengaluru Urban, Bengaluru, Karnataka",https://www.google.com/maps/search/Wipro%20First%20Aid%20Clinic%20Bengaluru%20Urban%20Bengaluru,OpenStreetMap Real Spatial Node
Krishna Nursing Home,Bengaluru Urban,N/A,N/A,N/A,N/A (Contact Clinic),General Healthcare & Rehab,N/A,N/A,N/A,"Krishna Nursing Home, Bengaluru Urban, Bengaluru, Karnataka",https://www.google.com/maps/search/Krishna%20Nursing%20Home%20Bengaluru%20Urban%20Bengaluru,OpenStreetMap Real Spatial Node
Padmavathi Medicals,Bengaluru Urban,N/A,N/A,N/A,N/A (Contact Clinic),General Healthcare & Rehab,N/A,N/A,N/A,"Padmavathi Medicals, Bengaluru Urban, Bengaluru, Karnataka",https://www.google.com/maps/search/Padmavathi%20Medicals%20Bengaluru%20Urban%20Bengaluru,OpenStreetMap Real Spatial Node
Roshni Nursing Home,Bengaluru Urban,N/A,N/A,N/A,N/A (Contact Clinic),General Healthcare & Rehab,N/A,N/A,N/A,"Roshni Nursing Home, BTS Main Road Bengaluru Urban, Bengaluru 560030",https://www.google.com/maps/search/Roshni%20Nursing%20Home%20Bengaluru%20Urban%20Bengaluru,OpenStreetMap Real Spatial Node
Sanjana Medicals,Bengaluru Urban,N/A,N/A,N/A,N/A (Contact Clinic),General Healthcare & Rehab,N/A,N/A,N/A,"Sanjana Medicals, Bengaluru Urban, Bengaluru, Karnataka",https://www.google.com/maps/search/Sanjana%20Medicals%20Bengaluru%20Urban%20Bengaluru,OpenStreetMap Real Spatial Node
Milann Fertility Center,Bengaluru Urban,N/A,N/A,N/A,N/A (Contact Clinic),General Healthcare & Rehab,N/A,N/A,N/A,"Milann Fertility Center,  Bengaluru Urban, Bengaluru 560041",https://www.google.com/maps/search/Milann%20Fertility%20Center%20Bengaluru%20Urban%20Bengaluru,OpenStreetMap Real Spatial Node
Dr. Supriya's Dental Clinic,Bengaluru Urban,N/A,N/A,N/A,N/A (Contact Clinic),General Healthcare & Rehab,N/A,N/A,N/A,"Dr. Supriya's Dental Clinic, 100 Feet Road(S K Karim Khan Road) , Bengaluru",https://www.google.com/maps/search/Dr.%20Supriya%27s%20Dental%20Clinic%20Bengaluru%20Urban%20Bengaluru,OpenStreetMap Real Spatial Node
Root Canal Center,Bengaluru Urban,N/A,N/A,N/A,N/A (Contact Clinic),General Healthcare & Rehab,N/A,N/A,N/A,"Root Canal Center, 100 Feet Road(S K Karim Khan Road) , Bengaluru",https://www.google.com/maps/search/Root%20Canal%20Center%20Bengaluru%20Urban%20Bengaluru,OpenStreetMap Real Spatial Node
Smile Lounge Dental Care,Bengaluru Urban,N/A,N/A,N/A,N/A (Contact Clinic),General Healthcare & Rehab,N/A,N/A,N/A,"Smile Lounge Dental Care, 100 Feet Road , Bengaluru",https://www.google.com/maps/search/Smile%20Lounge%20Dental%20Care%20Bengaluru%20Urban%20Bengaluru,OpenStreetMap Real Spatial Node
Supriya Dental Clinic,Bengaluru Urban,N/A,N/A,N/A,N/A (Contact Clinic),General Healthcare & Rehab,N/A,N/A,N/A,"Supriya Dental Clinic, Bengaluru Urban, Bengaluru, Karnataka",https://www.google.com/maps/search/Supriya%20Dental%20Clinic%20Bengaluru%20Urban%20Bengaluru,OpenStreetMap Real Spatial Node
Ittina Welness,Bengaluru Urban,N/A,N/A,N/A,N/A (Contact Clinic),General Healthcare & Rehab,N/A,N/A,N/A,"Ittina Welness, Bengaluru Urban, Bengaluru, Karnataka",https://www.google.com/maps/search/Ittina%20Welness%20Bengaluru%20Urban%20Bengaluru,OpenStreetMap Real Spatial Node
Nurture IVF,Bengaluru Urban,N/A,N/A,N/A,N/A (Contact Clinic),General Healthcare & Rehab,N/A,N/A,N/A,"Nurture IVF, Bengaluru Urban, Bengaluru, Karnataka",https://www.google.com/maps/search/Nurture%20IVF%20Bengaluru%20Urban%20Bengaluru,OpenStreetMap Real Spatial Node
Oasis Artificial Kidney Care (P) Ltd,Bengaluru Urban,N/A,N/A,N/A,N/A (Contact Clinic),General Healthcare & Rehab,N/A,N/A,N/A,"Oasis Artificial Kidney Care (P) Ltd, Bengaluru Urban, Bengaluru, Karnataka",https://www.google.com/maps/search/Oasis%20Artificial%20Kidney%20Care%20%28P%29%20Ltd%20Bengaluru%20Urban%20Bengaluru,OpenStreetMap Real Spatial Node
Neuro Centre,Bengaluru Urban,N/A,N/A,N/A,N/A (Contact Clinic),General Healthcare & Rehab,N/A,N/A,N/A,"Neuro Centre, Bengaluru Urban, Bengaluru, Karnataka",https://www.google.com/maps/search/Neuro%20Centre%20Bengaluru%20Urban%20Bengaluru,OpenStreetMap Real Spatial Node
Dr. Batra's Clinic,Bengaluru Urban,N/A,N/A,N/A,N/A (Contact Clinic),General Healthcare & Rehab,N/A,N/A,N/A,"Dr. Batra's Clinic, Bengaluru Urban, Bengaluru, Karnataka",https://www.google.com/maps/search/Dr.%20Batra%27s%20Clinic%20Bengaluru%20Urban%20Bengaluru,OpenStreetMap Real Spatial Node
Jeanne Medicals,Bengaluru Urban,N/A,N/A,N/A,N/A (Contact Clinic),General Healthcare & Rehab,N/A,N/A,N/A,"Jeanne Medicals, Bengaluru Urban, Bengaluru, Karnataka",https://www.google.com/maps/search/Jeanne%20Medicals%20Bengaluru%20Urban%20Bengaluru,OpenStreetMap Real Spatial Node
Dr. Pal's Path Lab,Bengaluru Urban,N/A,N/A,N/A,N/A (Contact Clinic),General Healthcare & Rehab,N/A,N/A,N/A,"Dr. Pal's Path Lab, Bengaluru Urban, Bengaluru, Karnataka",https://www.google.com/maps/search/Dr.%20Pal%27s%20Path%20Lab%20Bengaluru%20Urban%20Bengaluru,OpenStreetMap Real Spatial Node
Healios,Bengaluru Urban,N/A,N/A,N/A,N/A (Contact Clinic),General Healthcare & Rehab,N/A,N/A,N/A,"Healios, Bengaluru Urban, Bengaluru, Karnataka",https://www.google.com/maps/search/Healios%20Bengaluru%20Urban%20Bengaluru,OpenStreetMap Real Spatial Node
Kapila Eye Clinic,Bengaluru Urban,N/A,N/A,N/A,N/A (Contact Clinic),General Healthcare & Rehab,N/A,N/A,N/A,"Kapila Eye Clinic, 12th Main Road , Bengaluru",https://www.google.com/maps/search/Kapila%20Eye%20Clinic%20Bengaluru%20Urban%20Bengaluru,OpenStreetMap Real Spatial Node
Nobel Chemist,Bengaluru Urban,N/A,N/A,N/A,N/A (Contact Clinic),General Healthcare & Rehab,N/A,N/A,N/A,"Nobel Chemist, Bengaluru Urban, Bengaluru, Karnataka",https://www.google.com/maps/search/Nobel%20Chemist%20Bengaluru%20Urban%20Bengaluru,OpenStreetMap Real Spatial Node
APM Optics,Bengaluru Urban,N/A,N/A,N/A,N/A (Contact Clinic),General Healthcare & Rehab,N/A,N/A,N/A,"APM Optics, Bengaluru Urban, Bengaluru, Karnataka",https://www.google.com/maps/search/APM%20Optics%20Bengaluru%20Urban%20Bengaluru,OpenStreetMap Real Spatial Node
Miracle Homeopathy And Ayurveda,Bengaluru Urban,N/A,N/A,N/A,N/A (Contact Clinic),General Healthcare & Rehab,N/A,N/A,N/A,"Miracle Homeopathy And Ayurveda, Bengaluru Urban, Bengaluru, Karnataka",https://www.google.com/maps/search/Miracle%20Homeopathy%20And%20Ayurveda%20Bengaluru%20Urban%20Bengaluru,OpenStreetMap Real Spatial Node
National Medical Center,Bengaluru Urban,N/A,N/A,N/A,N/A (Contact Clinic),General Healthcare & Rehab,N/A,N/A,N/A,"National Medical Center, Bengaluru Urban, Bengaluru, Karnataka",https://www.google.com/maps/search/National%20Medical%20Center%20Bengaluru%20Urban%20Bengaluru,OpenStreetMap Real Spatial Node
Dr. Patel's Homeopathy Clinic,Bengaluru Urban,N/A,N/A,N/A,N/A (Contact Clinic),General Healthcare & Rehab,N/A,N/A,N/A,"Dr. Patel's Homeopathy Clinic, Bengaluru Urban, Bengaluru, Karnataka",https://www.google.com/maps/search/Dr.%20Patel%27s%20Homeopathy%20Clinic%20Bengaluru%20Urban%20Bengaluru,OpenStreetMap Real Spatial Node
Balaji Pharma,Bengaluru Urban,N/A,N/A,N/A,N/A (Contact Clinic),General Healthcare & Rehab,N/A,N/A,N/A,"Balaji Pharma, Bengaluru Urban, Bengaluru, Karnataka",https://www.google.com/maps/search/Balaji%20Pharma%20Bengaluru%20Urban%20Bengaluru,OpenStreetMap Real Spatial Node
St. Mary's Clinic,Bengaluru Urban,N/A,N/A,N/A,N/A (Contact Clinic),General Healthcare & Rehab,N/A,N/A,N/A,"St. Mary's Clinic, Bengaluru Urban, Bengaluru, Karnataka",https://www.google.com/maps/search/St.%20Mary%27s%20Clinic%20Bengaluru%20Urban%20Bengaluru,OpenStreetMap Real Spatial Node
Shiva Medicals,Bengaluru Urban,N/A,N/A,N/A,N/A (Contact Clinic),General Healthcare & Rehab,N/A,N/A,N/A,"Shiva Medicals, Bengaluru Urban, Bengaluru, Karnataka",https://www.google.com/maps/search/Shiva%20Medicals%20Bengaluru%20Urban%20Bengaluru,OpenStreetMap Real Spatial Node
The Medicals,Bengaluru Urban,N/A,N/A,N/A,N/A (Contact Clinic),General Healthcare & Rehab,N/A,N/A,N/A,"The Medicals, Bengaluru Urban, Bengaluru, Karnataka",https://www.google.com/maps/search/The%20Medicals%20Bengaluru%20Urban%20Bengaluru,OpenStreetMap Real Spatial Node
Sshiradi Sai Family Care Clinic,Bengaluru Urban,N/A,N/A,N/A,N/A (Contact Clinic),General Healthcare & Rehab,N/A,N/A,N/A,"Sshiradi Sai Family Care Clinic, Bengaluru Urban, Bengaluru, Karnataka",https://www.google.com/maps/search/Sshiradi%20Sai%20Family%20Care%20Clinic%20Bengaluru%20Urban%20Bengaluru,OpenStreetMap Real Spatial Node
Medreich,Bengaluru Urban,N/A,N/A,N/A,N/A (Contact Clinic),General Healthcare & Rehab,N/A,N/A,N/A,"Medreich, Bengaluru Urban, Bengaluru, Karnataka",https://www.google.com/maps/search/Medreich%20Bengaluru%20Urban%20Bengaluru,OpenStreetMap Real Spatial Node
Sri Venkateswara Clinic,Bengaluru Urban,N/A,N/A,N/A,N/A (Contact Clinic),General Healthcare & Rehab,N/A,N/A,N/A,"Sri Venkateswara Clinic, Bengaluru Urban, Bengaluru, Karnataka",https://www.google.com/maps/search/Sri%20Venkateswara%20Clinic%20Bengaluru%20Urban%20Bengaluru,OpenStreetMap Real Spatial Node
Jai Sree Polyclinic,Bengaluru Urban,N/A,N/A,N/A,N/A (Contact Clinic),General Healthcare & Rehab,N/A,N/A,N/A,"Jai Sree Polyclinic, Bengaluru Urban, Bengaluru, Karnataka",https://www.google.com/maps/search/Jai%20Sree%20Polyclinic%20Bengaluru%20Urban%20Bengaluru,OpenStreetMap Real Spatial Node
Bangalore Medical,Bengaluru Urban,N/A,N/A,N/A,N/A (Contact Clinic),General Healthcare & Rehab,N/A,N/A,N/A,"Bangalore Medical, Hosahalli Main Road , Bengaluru",https://www.google.com/maps/search/Bangalore%20Medical%20Bengaluru%20Urban%20Bengaluru,OpenStreetMap Real Spatial Node
star hospital,Bengaluru Urban,N/A,N/A,N/A,N/A (Contact Clinic),General Healthcare & Rehab,N/A,N/A,N/A,"star hospital, Hosahalli Main Road , Bengaluru",https://www.google.com/maps/search/star%20hospital%20Bengaluru%20Urban%20Bengaluru,OpenStreetMap Real Spatial Node
Dr. Rama's Test Tube Baby Centre,Bengaluru Urban,N/A,N/A,N/A,N/A (Contact Clinic),General Healthcare & Rehab,N/A,N/A,N/A,"Dr. Rama's Test Tube Baby Centre, Bengaluru Urban, Bengaluru, Karnataka",https://www.google.com/maps/search/Dr.%20Rama%27s%20Test%20Tube%20Baby%20Centre%20Bengaluru%20Urban%20Bengaluru,OpenStreetMap Real Spatial Node
Dr. Batra's,Bengaluru Urban,N/A,N/A,N/A,N/A (Contact Clinic),General Healthcare & Rehab,N/A,N/A,N/A,"Dr. Batra's, Bengaluru Urban, Bengaluru, Karnataka",https://www.google.com/maps/search/Dr.%20Batra%27s%20Bengaluru%20Urban%20Bengaluru,OpenStreetMap Real Spatial Node
Jay Medicals,Bengaluru Urban,N/A,N/A,N/A,N/A (Contact Clinic),General Healthcare & Rehab,N/A,N/A,N/A,"Jay Medicals, Bengaluru Urban, Bengaluru, Karnataka",https://www.google.com/maps/search/Jay%20Medicals%20Bengaluru%20Urban%20Bengaluru,OpenStreetMap Real Spatial Node
Pavan Pharma,Bengaluru Urban,N/A,N/A,N/A,N/A (Contact Clinic),General Healthcare & Rehab,N/A,N/A,N/A,"Pavan Pharma, Bengaluru Urban, Bengaluru, Karnataka",https://www.google.com/maps/search/Pavan%20Pharma%20Bengaluru%20Urban%20Bengaluru,OpenStreetMap Real Spatial Node
Chandra Medicals,Bengaluru Urban,N/A,N/A,N/A,N/A (Contact Clinic),General Healthcare & Rehab,N/A,N/A,N/A,"Chandra Medicals, Bengaluru Urban, Bengaluru, Karnataka",https://www.google.com/maps/search/Chandra%20Medicals%20Bengaluru%20Urban%20Bengaluru,OpenStreetMap Real Spatial Node
KDC Dental Clinic,Bengaluru Urban,N/A,N/A,N/A,N/A (Contact Clinic),General Healthcare & Rehab,N/A,N/A,N/A,"KDC Dental Clinic, SR Layout Main Road , Bengaluru 560017",https://www.google.com/maps/search/KDC%20Dental%20Clinic%20Bengaluru%20Urban%20Bengaluru,OpenStreetMap Real Spatial Node
Srinivasa Medicals,Bengaluru Urban,N/A,N/A,N/A,N/A (Contact Clinic),General Healthcare & Rehab,N/A,N/A,N/A,"Srinivasa Medicals, Wind Tunnel Road , Bengaluru",https://www.google.com/maps/search/Srinivasa%20Medicals%20Bengaluru%20Urban%20Bengaluru,OpenStreetMap Real Spatial Node
Kashif Medical,Bengaluru Urban,N/A,N/A,N/A,N/A (Contact Clinic),General Healthcare & Rehab,N/A,N/A,N/A,"Kashif Medical, Hosahalli Main Road , Bengaluru",https://www.google.com/maps/search/Kashif%20Medical%20Bengaluru%20Urban%20Bengaluru,OpenStreetMap Real Spatial Node
Ashvini,Bengaluru Urban,N/A,N/A,N/A,N/A (Contact Clinic),General Healthcare & Rehab,N/A,N/A,N/A,"Ashvini, Pipeline Road , Bengaluru",https://www.google.com/maps/search/Ashvini%20Bengaluru%20Urban%20Bengaluru,OpenStreetMap Real Spatial Node
Mysore Medical,Bengaluru Urban,N/A,N/A,N/A,N/A (Contact Clinic),General Healthcare & Rehab,N/A,N/A,N/A,"Mysore Medical, Hosahalli Main Road , Bengaluru",https://www.google.com/maps/search/Mysore%20Medical%20Bengaluru%20Urban%20Bengaluru,OpenStreetMap Real Spatial Node
Mustafa Doctor,Bengaluru Urban,N/A,N/A,N/A,N/A (Contact Clinic),General Healthcare & Rehab,N/A,N/A,N/A,"Mustafa Doctor, Hosahalli Main Road , Bengaluru",https://www.google.com/maps/search/Mustafa%20Doctor%20Bengaluru%20Urban%20Bengaluru,OpenStreetMap Real Spatial Node
Shahid Doctor,Bengaluru Urban,N/A,N/A,N/A,N/A (Contact Clinic),General Healthcare & Rehab,N/A,N/A,N/A,"Shahid Doctor, Bengaluru Urban, Bengaluru, Karnataka",https://www.google.com/maps/search/Shahid%20Doctor%20Bengaluru%20Urban%20Bengaluru,OpenStreetMap Real Spatial Node
saty doctor,Bengaluru Urban,N/A,N/A,N/A,N/A (Contact Clinic),General Healthcare & Rehab,N/A,N/A,N/A,"saty doctor, Bengaluru Urban, Bengaluru, Karnataka",https://www.google.com/maps/search/saty%20doctor%20Bengaluru%20Urban%20Bengaluru,OpenStreetMap Real Spatial Node
Shifa Medical,Bengaluru Urban,N/A,N/A,N/A,N/A (Contact Clinic),General Healthcare & Rehab,N/A,N/A,N/A,"Shifa Medical, Hosahalli Main Road , Bengaluru",https://www.google.com/maps/search/Shifa%20Medical%20Bengaluru%20Urban%20Bengaluru,OpenStreetMap Real Spatial Node
Global Medical,Bengaluru Urban,N/A,N/A,N/A,N/A (Contact Clinic),General Healthcare & Rehab,N/A,N/A,N/A,"Global Medical, Bengaluru Urban, Bengaluru, Karnataka",https://www.google.com/maps/search/Global%20Medical%20Bengaluru%20Urban%20Bengaluru,OpenStreetMap Real Spatial Node
My Family Doctor,Bengaluru Urban,N/A,N/A,N/A,N/A (Contact Clinic),General Healthcare & Rehab,N/A,N/A,N/A,"My Family Doctor, 5th Main Road , Bengaluru",https://www.google.com/maps/search/My%20Family%20Doctor%20Bengaluru%20Urban%20Bengaluru,OpenStreetMap Real Spatial Node
CGHS Dispensary No.10,Bengaluru Urban,N/A,N/A,N/A,N/A (Contact Clinic),General Healthcare & Rehab,N/A,N/A,N/A,"CGHS Dispensary No.10, Dr. APJ Abdul Kalam Road Bengaluru Urban, Bengaluru 560093",https://www.google.com/maps/search/CGHS%20Dispensary%20No.10%20Bengaluru%20Urban%20Bengaluru,OpenStreetMap Real Spatial Node
SLV Medical and Chemist,Bengaluru Urban,N/A,N/A,N/A,N/A (Contact Clinic),General Healthcare & Rehab,N/A,N/A,N/A,"SLV Medical and Chemist, Anantha Nagar Road , Bengaluru 560100",https://www.google.com/maps/search/SLV%20Medical%20and%20Chemist%20Bengaluru%20Urban%20Bengaluru,OpenStreetMap Real Spatial Node
Smile Dental Clinic,Bengaluru Urban,N/A,N/A,N/A,N/A (Contact Clinic),General Healthcare & Rehab,N/A,N/A,N/A,"Smile Dental Clinic, Kaggadasspura Main Road , Bengaluru",https://www.google.com/maps/search/Smile%20Dental%20Clinic%20Bengaluru%20Urban%20Bengaluru,OpenStreetMap Real Spatial Node
Homeopathic Self Reliance Forum,Bengaluru Urban,N/A,N/A,N/A,N/A (Contact Clinic),General Healthcare & Rehab,N/A,N/A,N/A,"Homeopathic Self Reliance Forum, Bengaluru Urban, Bengaluru, Karnataka",https://www.google.com/maps/search/Homeopathic%20Self%20Reliance%20Forum%20Bengaluru%20Urban%20Bengaluru,OpenStreetMap Real Spatial Node
Ambica Clinic,Bengaluru Urban,N/A,N/A,N/A,N/A (Contact Clinic),General Healthcare & Rehab,N/A,N/A,N/A,"Ambica Clinic, Thippasandra Main Road , Bengaluru",https://www.google.com/maps/search/Ambica%20Clinic%20Bengaluru%20Urban%20Bengaluru,OpenStreetMap Real Spatial Node
NURA,Bengaluru Urban,N/A,N/A,N/A,N/A (Contact Clinic),General Healthcare & Rehab,N/A,N/A,N/A,"NURA, Bengaluru Urban, Bengaluru, Karnataka",https://www.google.com/maps/search/NURA%20Bengaluru%20Urban%20Bengaluru,OpenStreetMap Real Spatial Node
Brindavan Aerion Hospitals,Bengaluru Urban,N/A,N/A,N/A,N/A (Contact Clinic),General Healthcare & Rehab,N/A,N/A,N/A,"Brindavan Aerion Hospitals,  Bengaluru Urban, Bengaluru 560018",https://www.google.com/maps/search/Brindavan%20Aerion%20Hospitals%20Bengaluru%20Urban%20Bengaluru,OpenStreetMap Real Spatial Node
Prashanth Hospital,Bengaluru Urban,N/A,N/A,N/A,N/A (Contact Clinic),General Healthcare & Rehab,N/A,N/A,N/A,"Prashanth Hospital,  Bengaluru Urban, Bengaluru 560068",https://www.google.com/maps/search/Prashanth%20Hospital%20Bengaluru%20Urban%20Bengaluru,OpenStreetMap Real Spatial Node
Yogeshwara Clinic,Bengaluru Urban,N/A,N/A,N/A,N/A (Contact Clinic),General Healthcare & Rehab,N/A,N/A,N/A,"Yogeshwara Clinic, Bengaluru Urban, Bengaluru, Karnataka",https://www.google.com/maps/search/Yogeshwara%20Clinic%20Bengaluru%20Urban%20Bengaluru,OpenStreetMap Real Spatial Node
Garden City Polyclinic,Bengaluru Urban,N/A,N/A,N/A,N/A (Contact Clinic),General Healthcare & Rehab,N/A,N/A,N/A,"Garden City Polyclinic, Bengaluru Urban, Bengaluru, Karnataka",https://www.google.com/maps/search/Garden%20City%20Polyclinic%20Bengaluru%20Urban%20Bengaluru,OpenStreetMap Real Spatial Node
Vijaya Speciality Clinic,Bengaluru Urban,N/A,N/A,N/A,N/A (Contact Clinic),General Healthcare & Rehab,N/A,N/A,N/A,"Vijaya Speciality Clinic, Chinmaya Mission Hospital Road , Bengaluru",https://www.google.com/maps/search/Vijaya%20Speciality%20Clinic%20Bengaluru%20Urban%20Bengaluru,OpenStreetMap Real Spatial Node
Kiran Homeopathic,Bengaluru Urban,N/A,N/A,N/A,N/A (Contact Clinic),General Healthcare & Rehab,N/A,N/A,N/A,"Kiran Homeopathic, 6th Main Road , Bengaluru",https://www.google.com/maps/search/Kiran%20Homeopathic%20Bengaluru%20Urban%20Bengaluru,OpenStreetMap Real Spatial Node
Ameena Medical centre,Bengaluru Urban,N/A,N/A,N/A,N/A (Contact Clinic),General Healthcare & Rehab,N/A,N/A,N/A,"Ameena Medical centre, 18th Cross Road , Bengaluru",https://www.google.com/maps/search/Ameena%20Medical%20centre%20Bengaluru%20Urban%20Bengaluru,OpenStreetMap Real Spatial Node
Shree Guru Ganesh Pharma,Bengaluru Urban,N/A,N/A,N/A,N/A (Contact Clinic),General Healthcare & Rehab,N/A,N/A,N/A,"Shree Guru Ganesh Pharma, Bengaluru Urban, Bengaluru, Karnataka",https://www.google.com/maps/search/Shree%20Guru%20Ganesh%20Pharma%20Bengaluru%20Urban%20Bengaluru,OpenStreetMap Real Spatial Node
The Homeo Centre,Bengaluru Urban,N/A,N/A,N/A,N/A (Contact Clinic),General Healthcare & Rehab,N/A,N/A,N/A,"The Homeo Centre, Bengaluru Urban, Bengaluru, Karnataka",https://www.google.com/maps/search/The%20Homeo%20Centre%20Bengaluru%20Urban%20Bengaluru,OpenStreetMap Real Spatial Node
SLV Sagar Pharma,Bengaluru Urban,N/A,N/A,N/A,N/A (Contact Clinic),General Healthcare & Rehab,N/A,N/A,N/A,"SLV Sagar Pharma, Bengaluru Urban, Bengaluru, Karnataka",https://www.google.com/maps/search/SLV%20Sagar%20Pharma%20Bengaluru%20Urban%20Bengaluru,OpenStreetMap Real Spatial Node
Asha Nursing Home,Bengaluru Urban,N/A,N/A,N/A,N/A (Contact Clinic),General Healthcare & Rehab,N/A,N/A,N/A,"Asha Nursing Home,  Bengaluru Urban, Bengaluru 560043",https://www.google.com/maps/search/Asha%20Nursing%20Home%20Bengaluru%20Urban%20Bengaluru,OpenStreetMap Real Spatial Node
Fortis HealthWorld,Bengaluru Urban,N/A,N/A,N/A,N/A (Contact Clinic),General Healthcare & Rehab,N/A,N/A,N/A,"Fortis HealthWorld, Bengaluru Urban, Bengaluru, Karnataka",https://www.google.com/maps/search/Fortis%20HealthWorld%20Bengaluru%20Urban%20Bengaluru,OpenStreetMap Real Spatial Node
Sagar Clinic,Bengaluru Urban,N/A,N/A,N/A,N/A (Contact Clinic),General Healthcare & Rehab,N/A,N/A,N/A,"Sagar Clinic, Bengaluru Urban, Bengaluru, Karnataka",https://www.google.com/maps/search/Sagar%20Clinic%20Bengaluru%20Urban%20Bengaluru,OpenStreetMap Real Spatial Node
Diacure Diagnostics,Bengaluru Urban,N/A,N/A,N/A,N/A (Contact Clinic),General Healthcare & Rehab,N/A,N/A,N/A,"Diacure Diagnostics, Bengaluru Urban, Bengaluru, Karnataka",https://www.google.com/maps/search/Diacure%20Diagnostics%20Bengaluru%20Urban%20Bengaluru,OpenStreetMap Real Spatial Node
Specialists Dental Center,Bengaluru Urban,N/A,N/A,N/A,N/A (Contact Clinic),General Healthcare & Rehab,N/A,N/A,N/A,"Specialists Dental Center, Bengaluru Urban, Bengaluru, Karnataka",https://www.google.com/maps/search/Specialists%20Dental%20Center%20Bengaluru%20Urban%20Bengaluru,OpenStreetMap Real Spatial Node
CGHS Dispensary,Bengaluru Urban,N/A,N/A,N/A,N/A (Contact Clinic),General Healthcare & Rehab,N/A,N/A,N/A,"CGHS Dispensary,  Bengaluru Urban, Bengaluru 560038",https://www.google.com/maps/search/CGHS%20Dispensary%20Bengaluru%20Urban%20Bengaluru,OpenStreetMap Real Spatial Node
Kerala Ayurvedic clinic,Bengaluru Urban,N/A,N/A,N/A,N/A (Contact Clinic),General Healthcare & Rehab,N/A,N/A,N/A,"Kerala Ayurvedic clinic, Bengaluru Urban, Bengaluru, Karnataka",https://www.google.com/maps/search/Kerala%20Ayurvedic%20clinic%20Bengaluru%20Urban%20Bengaluru,OpenStreetMap Real Spatial Node
Dr.Agarwal Eye & Dental Hospital,Bengaluru Urban,N/A,N/A,N/A,N/A (Contact Clinic),General Healthcare & Rehab,N/A,N/A,N/A,"Dr.Agarwal Eye & Dental Hospital, Bengaluru Urban, Bengaluru, Karnataka",https://www.google.com/maps/search/Dr.Agarwal%20Eye%20%26%20Dental%20Hospital%20Bengaluru%20Urban%20Bengaluru,OpenStreetMap Real Spatial Node
SRL Diagnostics,Bengaluru Urban,N/A,N/A,N/A,N/A (Contact Clinic),General Healthcare & Rehab,N/A,N/A,N/A,"SRL Diagnostics, Bengaluru Urban, Bengaluru, Karnataka",https://www.google.com/maps/search/SRL%20Diagnostics%20Bengaluru%20Urban%20Bengaluru,OpenStreetMap Real Spatial Node
Srinivasa Ultrasound Scan Centre,Bengaluru Urban,N/A,N/A,N/A,N/A (Contact Clinic),General Healthcare & Rehab,N/A,N/A,N/A,"Srinivasa Ultrasound Scan Centre, Bengaluru Urban, Bengaluru, Karnataka",https://www.google.com/maps/search/Srinivasa%20Ultrasound%20Scan%20Centre%20Bengaluru%20Urban%20Bengaluru,OpenStreetMap Real Spatial Node
Pavitra Medicals,Bengaluru Urban,N/A,N/A,N/A,N/A (Contact Clinic),General Healthcare & Rehab,N/A,N/A,N/A,"Pavitra Medicals, Bengaluru Urban, Bengaluru, Karnataka",https://www.google.com/maps/search/Pavitra%20Medicals%20Bengaluru%20Urban%20Bengaluru,OpenStreetMap Real Spatial Node
Basavangudi Medical Centre,Bengaluru Urban,N/A,N/A,N/A,N/A (Contact Clinic),General Healthcare & Rehab,N/A,N/A,N/A,"Basavangudi Medical Centre, Bengaluru Urban, Bengaluru, Karnataka",https://www.google.com/maps/search/Basavangudi%20Medical%20Centre%20Bengaluru%20Urban%20Bengaluru,OpenStreetMap Real Spatial Node
Universal Pharma,Bengaluru Urban,N/A,N/A,N/A,N/A (Contact Clinic),General Healthcare & Rehab,N/A,N/A,N/A,"Universal Pharma, Bengaluru Urban, Bengaluru, Karnataka",https://www.google.com/maps/search/Universal%20Pharma%20Bengaluru%20Urban%20Bengaluru,OpenStreetMap Real Spatial Node
Dental Care Center,Bengaluru Urban,N/A,N/A,N/A,N/A (Contact Clinic),General Healthcare & Rehab,N/A,N/A,N/A,"Dental Care Center, Bengaluru Urban, Bengaluru, Karnataka",https://www.google.com/maps/search/Dental%20Care%20Center%20Bengaluru%20Urban%20Bengaluru,OpenStreetMap Real Spatial Node
AB EyeCare,Bengaluru Urban,N/A,N/A,N/A,N/A (Contact Clinic),General Healthcare & Rehab,N/A,N/A,N/A,"AB EyeCare, Bengaluru Urban, Bengaluru, Karnataka",https://www.google.com/maps/search/AB%20EyeCare%20Bengaluru%20Urban%20Bengaluru,OpenStreetMap Real Spatial Node
Hemant Clinic,Bengaluru Urban,N/A,N/A,N/A,N/A (Contact Clinic),General Healthcare & Rehab,N/A,N/A,N/A,"Hemant Clinic, Bengaluru Urban, Bengaluru, Karnataka",https://www.google.com/maps/search/Hemant%20Clinic%20Bengaluru%20Urban%20Bengaluru,OpenStreetMap Real Spatial Node
Maruti Clinic,Bengaluru Urban,N/A,N/A,N/A,N/A (Contact Clinic),General Healthcare & Rehab,N/A,N/A,N/A,"Maruti Clinic, Bengaluru Urban, Bengaluru, Karnataka",https://www.google.com/maps/search/Maruti%20Clinic%20Bengaluru%20Urban%20Bengaluru,OpenStreetMap Real Spatial Node
Anagha Polyclinic,Bengaluru Urban,N/A,N/A,N/A,N/A (Contact Clinic),General Healthcare & Rehab,N/A,N/A,N/A,"Anagha Polyclinic, Bengaluru Urban, Bengaluru, Karnataka",https://www.google.com/maps/search/Anagha%20Polyclinic%20Bengaluru%20Urban%20Bengaluru,OpenStreetMap Real Spatial Node
Gandhi Dental Clinic,Bengaluru Urban,N/A,N/A,N/A,N/A (Contact Clinic),General Healthcare & Rehab,N/A,N/A,N/A,"Gandhi Dental Clinic, Bengaluru Urban, Bengaluru, Karnataka",https://www.google.com/maps/search/Gandhi%20Dental%20Clinic%20Bengaluru%20Urban%20Bengaluru,OpenStreetMap Real Spatial Node
Pradhan Mantri Bharatiya Jan Aushadi Kendra,Bengaluru Urban,N/A,N/A,N/A,N/A (Contact Clinic),General Healthcare & Rehab,N/A,N/A,N/A,"Pradhan Mantri Bharatiya Jan Aushadi Kendra, Bengaluru Urban, Bengaluru, Karnataka",https://www.google.com/maps/search/Pradhan%20Mantri%20Bharatiya%20Jan%20Aushadi%20Kendra%20Bengaluru%20Urban%20Bengaluru,OpenStreetMap Real Spatial Node
Sparsh Clinic,Bengaluru Urban,N/A,N/A,N/A,N/A (Contact Clinic),General Healthcare & Rehab,N/A,N/A,N/A,"Sparsh Clinic, Kasavanahalli Road , Bengaluru 560035",https://www.google.com/maps/search/Sparsh%20Clinic%20Bengaluru%20Urban%20Bengaluru,OpenStreetMap Real Spatial Node
Sai Clinic,Bengaluru Urban,N/A,N/A,N/A,N/A (Contact Clinic),General Healthcare & Rehab,N/A,N/A,N/A,"Sai Clinic, Rainbow Residency,  Junnasandra , Bengaluru 560035",https://www.google.com/maps/search/Sai%20Clinic%20Bengaluru%20Urban%20Bengaluru,OpenStreetMap Real Spatial Node
Narayana Nethralaya,Bengaluru Urban,N/A,N/A,N/A,N/A (Contact Clinic),General Healthcare & Rehab,N/A,N/A,N/A,"Narayana Nethralaya, Bengaluru Urban, Bengaluru, Karnataka",https://www.google.com/maps/search/Narayana%20Nethralaya%20Bengaluru%20Urban%20Bengaluru,OpenStreetMap Real Spatial Node
Shaivi Homeopathic Clinic,Bengaluru Urban,N/A,N/A,N/A,N/A (Contact Clinic),General Healthcare & Rehab,N/A,N/A,N/A,"Shaivi Homeopathic Clinic, Palm Ave, Green Glen Layout , Bengaluru 560103",https://www.google.com/maps/search/Shaivi%20Homeopathic%20Clinic%20Bengaluru%20Urban%20Bengaluru,OpenStreetMap Real Spatial Node
The Smile Kraftz Speciality Clinic,Bengaluru Urban,N/A,N/A,N/A,N/A (Contact Clinic),General Healthcare & Rehab,N/A,N/A,N/A,"The Smile Kraftz Speciality Clinic, Mathrusree Plaza, Tulsi Lyt, Kasavanahalli Main Road , Bengaluru 560034",https://www.google.com/maps/search/The%20Smile%20Kraftz%20Speciality%20Clinic%20Bengaluru%20Urban%20Bengaluru,OpenStreetMap Real Spatial Node
Harmony Wellness Concepts Center,Bengaluru Urban,N/A,N/A,N/A,N/A (Contact Clinic),General Healthcare & Rehab,N/A,N/A,N/A,"Harmony Wellness Concepts Center, Central Jail Road , Bengaluru 560099",https://www.google.com/maps/search/Harmony%20Wellness%20Concepts%20Center%20Bengaluru%20Urban%20Bengaluru,OpenStreetMap Real Spatial Node
Mahaveer Orthopeadic Clinic,Bengaluru Urban,N/A,N/A,N/A,N/A (Contact Clinic),Orthopedic & Spine Care,N/A,N/A,N/A,"Mahaveer Orthopeadic Clinic, Haralur Rd, Ambalipura , Bengaluru 560103",https://www.google.com/maps/search/Mahaveer%20Orthopeadic%20Clinic%20Bengaluru%20Urban%20Bengaluru,OpenStreetMap Real Spatial Node
Dr. Suresh's Dia Care,Bengaluru Urban,N/A,N/A,N/A,N/A (Contact Clinic),General Healthcare & Rehab,N/A,N/A,N/A,"Dr. Suresh's Dia Care, 11th Main Rd, 3rd Block, Rajaji Nagar , Bengaluru 560010",https://www.google.com/maps/search/Dr.%20Suresh%27s%20Dia%20Care%20Bengaluru%20Urban%20Bengaluru,OpenStreetMap Real Spatial Node
Sri Venkateshwara Medicals,Bengaluru Urban,N/A,N/A,N/A,N/A (Contact Clinic),General Healthcare & Rehab,N/A,N/A,N/A,"Sri Venkateshwara Medicals, E block, Subramanyanagar,2 State, Rajaji Nagar , Bengaluru 560010",https://www.google.com/maps/search/Sri%20Venkateshwara%20Medicals%20Bengaluru%20Urban%20Bengaluru,OpenStreetMap Real Spatial Node
Siddaiah Multi Speciality Clinic And Lab,Bengaluru Urban,N/A,N/A,N/A,N/A (Contact Clinic),General Healthcare & Rehab,N/A,N/A,N/A,"Siddaiah Multi Speciality Clinic And Lab, 4th Cross Road, jai bharathnagar , Bengaluru 560033",https://www.google.com/maps/search/Siddaiah%20Multi%20Speciality%20Clinic%20And%20Lab%20Bengaluru%20Urban%20Bengaluru,OpenStreetMap Real Spatial Node
Bilva Hospital,Bengaluru Urban,N/A,N/A,N/A,N/A (Contact Clinic),General Healthcare & Rehab,N/A,N/A,N/A,"Bilva Hospital, Palace Guttahalli Main Road, No 21 And 22, 2nd Main Road , Bengaluru 560003",https://www.google.com/maps/search/Bilva%20Hospital%20Bengaluru%20Urban%20Bengaluru,OpenStreetMap Real Spatial Node
Ramani Orthopaedic Hospital,Bengaluru Urban,N/A,N/A,N/A,N/A (Contact Clinic),Orthopedic & Spine Care,N/A,N/A,N/A,"Ramani Orthopaedic Hospital, 1st Main, Vyalikaval , Bengaluru 560003",https://www.google.com/maps/search/Ramani%20Orthopaedic%20Hospital%20Bengaluru%20Urban%20Bengaluru,OpenStreetMap Real Spatial Node
Sri Sanjeevini Cold Laser Therapy,Bengaluru Urban,N/A,N/A,N/A,N/A (Contact Clinic),General Healthcare & Rehab,N/A,N/A,N/A,"Sri Sanjeevini Cold Laser Therapy, 3rd Flr, Srikrupa, Nxt To Adiga Hotel, 15th Crs, Sampige Mn Rd, Malleswaram , Bengaluru 560003",https://www.google.com/maps/search/Sri%20Sanjeevini%20Cold%20Laser%20Therapy%20Bengaluru%20Urban%20Bengaluru,OpenStreetMap Real Spatial Node
Keshava Medicals And General Stores,Bengaluru Urban,N/A,N/A,N/A,N/A (Contact Clinic),General Healthcare & Rehab,N/A,N/A,N/A,"Keshava Medicals And General Stores, 2nd Main Road, Near-Pizza Hut, Vyalikaval , Bengaluru 560003",https://www.google.com/maps/search/Keshava%20Medicals%20And%20General%20Stores%20Bengaluru%20Urban%20Bengaluru,OpenStreetMap Real Spatial Node
Axon Speciality Hospital,Bengaluru Urban,N/A,N/A,N/A,N/A (Contact Clinic),General Healthcare & Rehab,N/A,N/A,N/A,"Axon Speciality Hospital, 6th Main Road, HAL 2nd Stage, Indira Nagar , Bengaluru 560038",https://www.google.com/maps/search/Axon%20Speciality%20Hospital%20Bengaluru%20Urban%20Bengaluru,OpenStreetMap Real Spatial Node
Mother And Child Clinic,Bengaluru Urban,N/A,N/A,N/A,N/A (Contact Clinic),General Healthcare & Rehab,N/A,N/A,N/A,"Mother And Child Clinic, 7th Main Road Shirdi Sai Baba Mandir Road, Eshwara Layout, Indira Nagar , Bengaluru 560038",https://www.google.com/maps/search/Mother%20And%20Child%20Clinic%20Bengaluru%20Urban%20Bengaluru,OpenStreetMap Real Spatial Node
Dattatreya Multispeciality Clinic,Bengaluru Urban,N/A,N/A,N/A,N/A (Contact Clinic),General Healthcare & Rehab,N/A,N/A,N/A,"Dattatreya Multispeciality Clinic, SS Ashram Road, No. 1, 4th Main, Manjunatha Complex , Bengaluru 560024",https://www.google.com/maps/search/Dattatreya%20Multispeciality%20Clinic%20Bengaluru%20Urban%20Bengaluru,OpenStreetMap Real Spatial Node
Synergy Health Care,Bengaluru Urban,N/A,N/A,N/A,N/A (Contact Clinic),General Healthcare & Rehab,N/A,N/A,N/A,"Synergy Health Care, Sulthanpalya Main Road, 12th Cross,Manorayana Palya, , Bengaluru 560032",https://www.google.com/maps/search/Synergy%20Health%20Care%20Bengaluru%20Urban%20Bengaluru,OpenStreetMap Real Spatial Node
Family Care Homeopathy Clinic & Pharmacy,Bengaluru Urban,N/A,N/A,N/A,N/A (Contact Clinic),General Healthcare & Rehab,N/A,N/A,N/A,"Family Care Homeopathy Clinic & Pharmacy, First Floor, Trilochan Complex, Opp Govt School, Munnekolala Main Road, Marthahalli, Karnataka , Bengaluru 560037",https://www.google.com/maps/search/Family%20Care%20Homeopathy%20Clinic%20%26%20Pharmacy%20Bengaluru%20Urban%20Bengaluru,OpenStreetMap Real Spatial Node
Nationwide Indira Nagar Clinic,Bengaluru Urban,N/A,N/A,N/A,N/A (Contact Clinic),General Healthcare & Rehab,N/A,N/A,N/A,"Nationwide Indira Nagar Clinic, 1st Floor, Chinmaya Mission Hospital Road, 1st Stage, Indira Nagar, Above Siemens Showroom , Bengaluru 560038",https://www.google.com/maps/search/Nationwide%20Indira%20Nagar%20Clinic%20Bengaluru%20Urban%20Bengaluru,OpenStreetMap Real Spatial Node
Family Dental care,Bengaluru Urban,N/A,N/A,N/A,N/A (Contact Clinic),General Healthcare & Rehab,N/A,N/A,N/A,"Family Dental care, Triloachan Complex , Munekollalu main road , Munekollal , Bengaluru 560037",https://www.google.com/maps/search/Family%20Dental%20care%20Bengaluru%20Urban%20Bengaluru,OpenStreetMap Real Spatial Node
Dr. Sujaya Hegde's Dermatology Clinic,Bengaluru Urban,N/A,N/A,N/A,N/A (Contact Clinic),General Healthcare & Rehab,N/A,N/A,N/A,"Dr. Sujaya Hegde's Dermatology Clinic, Between Metro Rail Pillars 78-79, 2nd Floor, Chinmaya Mission Hospital Road, Indira Nagar , Bengaluru 560038",https://www.google.com/maps/search/Dr.%20Sujaya%20Hegde%27s%20Dermatology%20Clinic%20Bengaluru%20Urban%20Bengaluru,OpenStreetMap Real Spatial Node
Sanjeevani Netralaya,Bengaluru Urban,N/A,N/A,N/A,N/A (Contact Clinic),General Healthcare & Rehab,N/A,N/A,N/A,"Sanjeevani Netralaya, Infantry Road, Shivaji Nagar, Bengaluru, , Bengaluru 560001",https://www.google.com/maps/search/Sanjeevani%20Netralaya%20Bengaluru%20Urban%20Bengaluru,OpenStreetMap Real Spatial Node
CGHS Dispensary No.1,Bengaluru Urban,N/A,N/A,N/A,N/A (Contact Clinic),General Healthcare & Rehab,N/A,N/A,N/A,"CGHS Dispensary No.1, 3rd floor, Ganesh Towers, Infantry Road, Shivajinagar Bengaluru Urban, Bengaluru 560001",https://www.google.com/maps/search/CGHS%20Dispensary%20No.1%20Bengaluru%20Urban%20Bengaluru,OpenStreetMap Real Spatial Node
Medicure Pharma,Bengaluru Urban,N/A,N/A,N/A,N/A (Contact Clinic),General Healthcare & Rehab,N/A,N/A,N/A,"Medicure Pharma, Survey Number 158,MarathHalli Post, Vignana Nagar Main Road, Ramaiahreddy Colony, Malleshpalya, Basavanagar, Karnataka , Bengaluru 560037",https://www.google.com/maps/search/Medicure%20Pharma%20Bengaluru%20Urban%20Bengaluru,OpenStreetMap Real Spatial Node
Ismile Dental & Oral Health Care Centre,Bengaluru Urban,N/A,N/A,N/A,N/A (Contact Clinic),General Healthcare & Rehab,N/A,N/A,N/A,"Ismile Dental & Oral Health Care Centre, KAS Officers Colony, Stage 2, BTM 2nd Stage, Karnataka , Bengaluru 560068",https://www.google.com/maps/search/Ismile%20Dental%20%26%20Oral%20Health%20Care%20Centre%20Bengaluru%20Urban%20Bengaluru,OpenStreetMap Real Spatial Node
Nathans Vet Pharma Centre,Bengaluru Urban,N/A,N/A,N/A,N/A (Contact Clinic),General Healthcare & Rehab,N/A,N/A,N/A,"Nathans Vet Pharma Centre, Quadrant Road, Shivaji Nagar, Near Taj Hotel, Shanthala Nagar, Ashok Nagar , Bengaluru 560001",https://www.google.com/maps/search/Nathans%20Vet%20Pharma%20Centre%20Bengaluru%20Urban%20Bengaluru,OpenStreetMap Real Spatial Node
Gururaja Pharmacy,Bengaluru Urban,N/A,N/A,N/A,N/A (Contact Clinic),General Healthcare & Rehab,N/A,N/A,N/A,"Gururaja Pharmacy, Tank Bund Rd, RK Puram, Gandhi Nagar , Bengaluru 560009",https://www.google.com/maps/search/Gururaja%20Pharmacy%20Bengaluru%20Urban%20Bengaluru,OpenStreetMap Real Spatial Node
Kaya Skin Bar,Bengaluru Urban,N/A,N/A,N/A,N/A (Contact Clinic),General Healthcare & Rehab,N/A,N/A,N/A,"Kaya Skin Bar, Sampige Road , Bengaluru 560003",https://www.google.com/maps/search/Kaya%20Skin%20Bar%20Bengaluru%20Urban%20Bengaluru,OpenStreetMap Real Spatial Node
Vagh Eye Centre,Bengaluru Urban,N/A,N/A,N/A,N/A (Contact Clinic),General Healthcare & Rehab,N/A,N/A,N/A,"Vagh Eye Centre, 1st Floor, Infantry Road, Above Icici Bank, Shivaji Nagar, Tasker Town, Shivaji Nagar Bengaluru Urban, Bengaluru 560001",https://www.google.com/maps/search/Vagh%20Eye%20Centre%20Bengaluru%20Urban%20Bengaluru,OpenStreetMap Real Spatial Node
Sri Vidhya Medicals General Store,Bengaluru Urban,N/A,N/A,N/A,N/A (Contact Clinic),General Healthcare & Rehab,N/A,N/A,N/A,"Sri Vidhya Medicals General Store, 10th Main, HAL 3rd Stage, Jeevan Bima Nagar Main Rd, DOS Colony, Jeevanbheemanagar , Bengaluru 560075",https://www.google.com/maps/search/Sri%20Vidhya%20Medicals%20General%20Store%20Bengaluru%20Urban%20Bengaluru,OpenStreetMap Real Spatial Node
Trust Pharmacy,Bengaluru Urban,N/A,N/A,N/A,N/A (Contact Clinic),General Healthcare & Rehab,N/A,N/A,N/A,"Trust Pharmacy, Sampige Road , Bengaluru 560003",https://www.google.com/maps/search/Trust%20Pharmacy%20Bengaluru%20Urban%20Bengaluru,OpenStreetMap Real Spatial Node
Sri Manjunatha Clinic,Bengaluru Urban,N/A,N/A,N/A,N/A (Contact Clinic),General Healthcare & Rehab,N/A,N/A,N/A,"Sri Manjunatha Clinic, 11th Cross, Vyalikaval, Near-Sukruthi Eye Care , Bengaluru 560003",https://www.google.com/maps/search/Sri%20Manjunatha%20Clinic%20Bengaluru%20Urban%20Bengaluru,OpenStreetMap Real Spatial Node
Surya Diagnostics and Health Services,Bengaluru Urban,N/A,N/A,N/A,N/A (Contact Clinic),General Healthcare & Rehab,N/A,N/A,N/A,"Surya Diagnostics and Health Services, Hosur Road, Madiwala, Venkateshwara Layout, Sadduguntepalya , Bengaluru 560029",https://www.google.com/maps/search/Surya%20Diagnostics%20and%20Health%20Services%20Bengaluru%20Urban%20Bengaluru,OpenStreetMap Real Spatial Node
Central Lab,Bengaluru Urban,N/A,N/A,N/A,N/A (Contact Clinic),General Healthcare & Rehab,N/A,N/A,N/A,"Central Lab, Lalbagh Road , Bengaluru 560025",https://www.google.com/maps/search/Central%20Lab%20Bengaluru%20Urban%20Bengaluru,OpenStreetMap Real Spatial Node
Isha Diagnostics,Bengaluru Urban,N/A,N/A,N/A,N/A (Contact Clinic),General Healthcare & Rehab,N/A,N/A,N/A,"Isha Diagnostics, 16th Cross, Sampige Road, , Bengaluru 560003",https://www.google.com/maps/search/Isha%20Diagnostics%20Bengaluru%20Urban%20Bengaluru,OpenStreetMap Real Spatial Node
Nisarga Ayurvedic Medicine Research Centre,Bengaluru Urban,N/A,N/A,N/A,N/A (Contact Clinic),General Healthcare & Rehab,N/A,N/A,N/A,"Nisarga Ayurvedic Medicine Research Centre, 10th Main, 13th Cross, Near-Brand Factory, Wilson Garden , Bengaluru 560027",https://www.google.com/maps/search/Nisarga%20Ayurvedic%20Medicine%20Research%20Centre%20Bengaluru%20Urban%20Bengaluru,OpenStreetMap Real Spatial Node
Himalaya Health Care,Bengaluru Urban,N/A,N/A,N/A,N/A (Contact Clinic),General Healthcare & Rehab,N/A,N/A,N/A,"Himalaya Health Care, 34th Cross Road, 34th T Block East, Pattabhirama Nagar , Bengaluru 560041",https://www.google.com/maps/search/Himalaya%20Health%20Care%20Bengaluru%20Urban%20Bengaluru,OpenStreetMap Real Spatial Node
Clumax Diagnostics,Bengaluru Urban,N/A,N/A,N/A,N/A (Contact Clinic),General Healthcare & Rehab,N/A,N/A,N/A,"Clumax Diagnostics, 9th Main Road, 3rd Block, Jaya Nagar;9th Main Road , Bengaluru 560011",https://www.google.com/maps/search/Clumax%20Diagnostics%20Bengaluru%20Urban%20Bengaluru,OpenStreetMap Real Spatial Node
Kottakkal Arya Vaidya Shala,Bengaluru Urban,N/A,N/A,N/A,N/A (Contact Clinic),General Healthcare & Rehab,N/A,N/A,N/A,"Kottakkal Arya Vaidya Shala, margosa 18th Cross, Malleswaram , Bengaluru 560003",https://www.google.com/maps/search/Kottakkal%20Arya%20Vaidya%20Shala%20Bengaluru%20Urban%20Bengaluru,OpenStreetMap Real Spatial Node
Sri Vinayaka Hospital,Bengaluru Urban,N/A,N/A,N/A,N/A (Contact Clinic),General Healthcare & Rehab,N/A,N/A,N/A,"Sri Vinayaka Hospital, 14th Main Road Bengaluru Urban, Bengaluru 560040",https://www.google.com/maps/search/Sri%20Vinayaka%20Hospital%20Bengaluru%20Urban%20Bengaluru,OpenStreetMap Real Spatial Node
Medall Clumax Diagnostics,Bengaluru Urban,N/A,N/A,N/A,N/A (Contact Clinic),General Healthcare & Rehab,N/A,N/A,N/A,"Medall Clumax Diagnostics, Gayathri Devi Park Extension, Kodandarampura , Bengaluru 560003",https://www.google.com/maps/search/Medall%20Clumax%20Diagnostics%20Bengaluru%20Urban%20Bengaluru,OpenStreetMap Real Spatial Node
Shathayu Ayurveda Wellness Centre,Bengaluru Urban,N/A,N/A,N/A,N/A (Contact Clinic),General Healthcare & Rehab,N/A,N/A,N/A,"Shathayu Ayurveda Wellness Centre, 14th Main Road , Bengaluru 560040",https://www.google.com/maps/search/Shathayu%20Ayurveda%20Wellness%20Centre%20Bengaluru%20Urban%20Bengaluru,OpenStreetMap Real Spatial Node
Prakash Medicals,Bengaluru Urban,N/A,N/A,N/A,N/A (Contact Clinic),General Healthcare & Rehab,N/A,N/A,N/A,"Prakash Medicals, HAL 2nd Stage, Indira Nagar, 80 Feet Road, Next To Bata Showroom , Bengaluru 560038",https://www.google.com/maps/search/Prakash%20Medicals%20Bengaluru%20Urban%20Bengaluru,OpenStreetMap Real Spatial Node
The Family Doctor Malleswaram,Bengaluru Urban,N/A,N/A,N/A,N/A (Contact Clinic),General Healthcare & Rehab,N/A,N/A,N/A,"The Family Doctor Malleswaram, 10A Crossroad , Bengaluru 560010",https://www.google.com/maps/search/The%20Family%20Doctor%20Malleswaram%20Bengaluru%20Urban%20Bengaluru,OpenStreetMap Real Spatial Node
Venkat Charmalaya,Bengaluru Urban,N/A,N/A,N/A,N/A (Contact Clinic),General Healthcare & Rehab,N/A,N/A,N/A,"Venkat Charmalaya, 7 Subbanna Garden Vijaynagar, Attiguppe , Bengaluru 560040",https://www.google.com/maps/search/Venkat%20Charmalaya%20Bengaluru%20Urban%20Bengaluru,OpenStreetMap Real Spatial Node
Shreya Hearing Clinic,Bengaluru Urban,N/A,N/A,N/A,N/A (Contact Clinic),General Healthcare & Rehab,N/A,N/A,N/A,"Shreya Hearing Clinic, Chord Road , Bengaluru 560040",https://www.google.com/maps/search/Shreya%20Hearing%20Clinic%20Bengaluru%20Urban%20Bengaluru,OpenStreetMap Real Spatial Node
Blossom Infertility Center,Bengaluru Urban,N/A,N/A,N/A,N/A (Contact Clinic),General Healthcare & Rehab,N/A,N/A,N/A,"Blossom Infertility Center, 1st Floor, Next to Sai Prasadam Hotel, 5th Main Rd, Hampi Nagar 2nd Stage, RPC Layout , Bengaluru 560040",https://www.google.com/maps/search/Blossom%20Infertility%20Center%20Bengaluru%20Urban%20Bengaluru,OpenStreetMap Real Spatial Node
Oxford Hospital,Bengaluru Urban,N/A,N/A,N/A,N/A (Contact Clinic),General Healthcare & Rehab,N/A,N/A,N/A,"Oxford Hospital, Mnr Arcade, Saraki Gate, Kanakapura Road, Saraki Gate , Bengaluru 560078",https://www.google.com/maps/search/Oxford%20Hospital%20Bengaluru%20Urban%20Bengaluru,OpenStreetMap Real Spatial Node
Shree Lakshmi Medicals,Bengaluru Urban,N/A,N/A,N/A,N/A (Contact Clinic),General Healthcare & Rehab,N/A,N/A,N/A,"Shree Lakshmi Medicals, shop no 9, wilson garden society, opp.RBI layout, kothanur main road, j.p nagar 7th phase, , Bengaluru 560078",https://www.google.com/maps/search/Shree%20Lakshmi%20Medicals%20Bengaluru%20Urban%20Bengaluru,OpenStreetMap Real Spatial Node
Durga Medicals,Bengaluru Urban,N/A,N/A,N/A,N/A (Contact Clinic),General Healthcare & Rehab,N/A,N/A,N/A,"Durga Medicals, 9th Cross, Near-Oxford Collage, J P Nagar 1st Phase , Bengaluru 560078",https://www.google.com/maps/search/Durga%20Medicals%20Bengaluru%20Urban%20Bengaluru,OpenStreetMap Real Spatial Node
Sri Balaji medicals,Bengaluru Urban,N/A,N/A,N/A,N/A (Contact Clinic),General Healthcare & Rehab,N/A,N/A,N/A,"Sri Balaji medicals, 73 24th Main End Puttenahalli J. P Nagar 7th Phase, , Bengaluru 560078",https://www.google.com/maps/search/Sri%20Balaji%20medicals%20Bengaluru%20Urban%20Bengaluru,OpenStreetMap Real Spatial Node
Trinity Diagnostic And Imaging Research Centre,Bengaluru Urban,N/A,N/A,N/A,N/A (Contact Clinic),General Healthcare & Rehab,N/A,N/A,N/A,"Trinity Diagnostic And Imaging Research Centre, 9th Cross Road , Bengaluru 560078",https://www.google.com/maps/search/Trinity%20Diagnostic%20And%20Imaging%20Research%20Centre%20Bengaluru%20Urban%20Bengaluru,OpenStreetMap Real Spatial Node
Nationwide Kadugodi Clinic,Bengaluru Urban,N/A,N/A,N/A,N/A (Contact Clinic),General Healthcare & Rehab,N/A,N/A,N/A,"Nationwide Kadugodi Clinic, Apple City, Chaitanya Ananya, Shigehalli, Krishnarajapuram , Bengaluru 560067",https://www.google.com/maps/search/Nationwide%20Kadugodi%20Clinic%20Bengaluru%20Urban%20Bengaluru,OpenStreetMap Real Spatial Node
Ayushman Panchakarma Therapy Centre,Bengaluru Urban,N/A,N/A,N/A,N/A (Contact Clinic),General Healthcare & Rehab,N/A,N/A,N/A,"Ayushman Panchakarma Therapy Centre, 24h Cross Road, Aishwarya Lake View Residency, Kaggadasapura , Bengaluru 560093",https://www.google.com/maps/search/Ayushman%20Panchakarma%20Therapy%20Centre%20Bengaluru%20Urban%20Bengaluru,OpenStreetMap Real Spatial Node
Arpitha Medicals,Bengaluru Urban,N/A,N/A,N/A,N/A (Contact Clinic),General Healthcare & Rehab,N/A,N/A,N/A,"Arpitha Medicals, Bengaluru Urban, Bengaluru, Karnataka",https://www.google.com/maps/search/Arpitha%20Medicals%20Bengaluru%20Urban%20Bengaluru,OpenStreetMap Real Spatial Node
Shyamala Medicals,Bengaluru Urban,N/A,N/A,N/A,N/A (Contact Clinic),General Healthcare & Rehab,N/A,N/A,N/A,"Shyamala Medicals, Amruth Nagar Main Road , Bengaluru",https://www.google.com/maps/search/Shyamala%20Medicals%20Bengaluru%20Urban%20Bengaluru,OpenStreetMap Real Spatial Node
Specialist's Dental Clinic,Bengaluru Urban,N/A,N/A,N/A,N/A (Contact Clinic),General Healthcare & Rehab,N/A,N/A,N/A,"Specialist's Dental Clinic, Amruth Nagar Main Road , Bengaluru",https://www.google.com/maps/search/Specialist%27s%20Dental%20Clinic%20Bengaluru%20Urban%20Bengaluru,OpenStreetMap Real Spatial Node
Center for Holistic Development,Bengaluru Urban,N/A,N/A,N/A,N/A (Contact Clinic),General Healthcare & Rehab,N/A,N/A,N/A,"Center for Holistic Development, Bengaluru Urban, Bengaluru, Karnataka",https://www.google.com/maps/search/Center%20for%20Holistic%20Development%20Bengaluru%20Urban%20Bengaluru,OpenStreetMap Real Spatial Node
Tamara Hospital & IVF Centre,Bengaluru Urban,N/A,N/A,N/A,N/A (Contact Clinic),General Healthcare & Rehab,N/A,N/A,N/A,"Tamara Hospital & IVF Centre, Vidhya Vardhaka Sangha Road , Bengaluru 560010",https://www.google.com/maps/search/Tamara%20Hospital%20%26%20IVF%20Centre%20Bengaluru%20Urban%20Bengaluru,OpenStreetMap Real Spatial Node
Yeshakeerthi Chemicals,Bengaluru Urban,N/A,N/A,N/A,N/A (Contact Clinic),General Healthcare & Rehab,N/A,N/A,N/A,"Yeshakeerthi Chemicals, 194/1, Muneshwara Nagar, Behind Mmn Complex, Kattigenahalli Gate, Muneshwara Nagar, Hosapalaya, Garvebhavi Palya , Bengaluru 560063",https://www.google.com/maps/search/Yeshakeerthi%20Chemicals%20Bengaluru%20Urban%20Bengaluru,OpenStreetMap Real Spatial Node
ChanRe Rheumatology and Immunology Center and Research,Bengaluru Urban,N/A,N/A,N/A,N/A (Contact Clinic),General Healthcare & Rehab,N/A,N/A,N/A,"ChanRe Rheumatology and Immunology Center and Research, Bengaluru Urban, Bengaluru, Karnataka",https://www.google.com/maps/search/ChanRe%20Rheumatology%20and%20Immunology%20Center%20and%20Research%20Bengaluru%20Urban%20Bengaluru,OpenStreetMap Real Spatial Node
Sarang ENT care centre,Bengaluru Urban,N/A,N/A,N/A,N/A (Contact Clinic),General Healthcare & Rehab,N/A,N/A,N/A,"Sarang ENT care centre, 2nd cross, 515 Army Base Workshop colony , Bengaluru",https://www.google.com/maps/search/Sarang%20ENT%20care%20centre%20Bengaluru%20Urban%20Bengaluru,OpenStreetMap Real Spatial Node
Tejus hospital,Bengaluru Urban,N/A,N/A,N/A,N/A (Contact Clinic),General Healthcare & Rehab,N/A,N/A,N/A,"Tejus hospital,  Bengaluru Urban, Bengaluru 560023",https://www.google.com/maps/search/Tejus%20hospital%20Bengaluru%20Urban%20Bengaluru,OpenStreetMap Real Spatial Node
Unique Medicals,Bengaluru Urban,N/A,N/A,N/A,N/A (Contact Clinic),General Healthcare & Rehab,N/A,N/A,N/A,"Unique Medicals, 14th Main Road , Bengaluru 560040",https://www.google.com/maps/search/Unique%20Medicals%20Bengaluru%20Urban%20Bengaluru,OpenStreetMap Real Spatial Node
Nagarathna Hospital,Bengaluru Urban,N/A,N/A,N/A,N/A (Contact Clinic),General Healthcare & Rehab,N/A,N/A,N/A,"Nagarathna Hospital, Dr. Vishnuvardhan Road , Bengaluru 560061",https://www.google.com/maps/search/Nagarathna%20Hospital%20Bengaluru%20Urban%20Bengaluru,OpenStreetMap Real Spatial Node
Himalaya Medicals,Bengaluru Urban,N/A,N/A,N/A,N/A (Contact Clinic),General Healthcare & Rehab,N/A,N/A,N/A,"Himalaya Medicals, Dr. Vishnuvardhan Road , Bengaluru 560061",https://www.google.com/maps/search/Himalaya%20Medicals%20Bengaluru%20Urban%20Bengaluru,OpenStreetMap Real Spatial Node
Lucid Medical Diagnostics,Bengaluru Urban,N/A,N/A,N/A,N/A (Contact Clinic),General Healthcare & Rehab,N/A,N/A,N/A,"Lucid Medical Diagnostics, 3 Main Road , Bengaluru 560082",https://www.google.com/maps/search/Lucid%20Medical%20Diagnostics%20Bengaluru%20Urban%20Bengaluru,OpenStreetMap Real Spatial Node
Saldana Diagnostic Center,Bengaluru Urban,N/A,N/A,N/A,N/A (Contact Clinic),General Healthcare & Rehab,N/A,N/A,N/A,"Saldana Diagnostic Center, Bengaluru Urban, Bengaluru, Karnataka",https://www.google.com/maps/search/Saldana%20Diagnostic%20Center%20Bengaluru%20Urban%20Bengaluru,OpenStreetMap Real Spatial Node
Cauvery Orthopaedic Centre,Bengaluru Urban,N/A,N/A,N/A,N/A (Contact Clinic),Orthopedic & Spine Care,N/A,N/A,N/A,"Cauvery Orthopaedic Centre,  Bengaluru Urban, Bengaluru 560010",https://www.google.com/maps/search/Cauvery%20Orthopaedic%20Centre%20Bengaluru%20Urban%20Bengaluru,OpenStreetMap Real Spatial Node
Life line clinic,Bengaluru Urban,N/A,N/A,N/A,N/A (Contact Clinic),General Healthcare & Rehab,N/A,N/A,N/A,"Life line clinic, Bengaluru Urban, Bengaluru, Karnataka",https://www.google.com/maps/search/Life%20line%20clinic%20Bengaluru%20Urban%20Bengaluru,OpenStreetMap Real Spatial Node
SS Pharma & Surgicals,Bengaluru Urban,N/A,N/A,N/A,N/A (Contact Clinic),General Healthcare & Rehab,N/A,N/A,N/A,"SS Pharma & Surgicals, 11th Cross Road Bengaluru Urban, Bengaluru 560010",https://www.google.com/maps/search/SS%20Pharma%20%26%20Surgicals%20Bengaluru%20Urban%20Bengaluru,OpenStreetMap Real Spatial Node
Braces and Faces,Bengaluru Urban,N/A,N/A,N/A,N/A (Contact Clinic),General Healthcare & Rehab,N/A,N/A,N/A,"Braces and Faces, Bengaluru Urban, Bengaluru, Karnataka",https://www.google.com/maps/search/Braces%20and%20Faces%20Bengaluru%20Urban%20Bengaluru,OpenStreetMap Real Spatial Node
Sri Datta Medical,Bengaluru Urban,N/A,N/A,N/A,N/A (Contact Clinic),General Healthcare & Rehab,N/A,N/A,N/A,"Sri Datta Medical, Bengaluru Urban, Bengaluru, Karnataka",https://www.google.com/maps/search/Sri%20Datta%20Medical%20Bengaluru%20Urban%20Bengaluru,OpenStreetMap Real Spatial Node
Gheeta pharmacy,Bengaluru Urban,N/A,N/A,N/A,N/A (Contact Clinic),General Healthcare & Rehab,N/A,N/A,N/A,"Gheeta pharmacy, Bengaluru Urban, Bengaluru, Karnataka",https://www.google.com/maps/search/Gheeta%20pharmacy%20Bengaluru%20Urban%20Bengaluru,OpenStreetMap Real Spatial Node
NIMHANS - Ashwini Block,Bengaluru Urban,N/A,N/A,N/A,N/A (Contact Clinic),General Healthcare & Rehab,N/A,N/A,N/A,"NIMHANS - Ashwini Block, Bengaluru Urban, Bengaluru, Karnataka",https://www.google.com/maps/search/NIMHANS%20-%20Ashwini%20Block%20Bengaluru%20Urban%20Bengaluru,OpenStreetMap Real Spatial Node
NIMHANS - Neuro Centre,Bengaluru Urban,N/A,N/A,N/A,N/A (Contact Clinic),General Healthcare & Rehab,N/A,N/A,N/A,"NIMHANS - Neuro Centre, Bengaluru Urban, Bengaluru, Karnataka",https://www.google.com/maps/search/NIMHANS%20-%20Neuro%20Centre%20Bengaluru%20Urban%20Bengaluru,OpenStreetMap Real Spatial Node
Government Health Center,Bengaluru Urban,N/A,N/A,N/A,N/A (Contact Clinic),General Healthcare & Rehab,N/A,N/A,N/A,"Government Health Center, Bengaluru Urban, Bengaluru, Karnataka",https://www.google.com/maps/search/Government%20Health%20Center%20Bengaluru%20Urban%20Bengaluru,OpenStreetMap Real Spatial Node
Kottakkal Aryavaidyasala,Bengaluru Urban,N/A,N/A,N/A,N/A (Contact Clinic),General Healthcare & Rehab,N/A,N/A,N/A,"Kottakkal Aryavaidyasala, Bengaluru Urban, Bengaluru, Karnataka",https://www.google.com/maps/search/Kottakkal%20Aryavaidyasala%20Bengaluru%20Urban%20Bengaluru,OpenStreetMap Real Spatial Node
Vidyaratnam oeshadhalaya,Bengaluru Urban,N/A,N/A,N/A,N/A (Contact Clinic),General Healthcare & Rehab,N/A,N/A,N/A,"Vidyaratnam oeshadhalaya, Bengaluru Urban, Bengaluru, Karnataka",https://www.google.com/maps/search/Vidyaratnam%20oeshadhalaya%20Bengaluru%20Urban%20Bengaluru,OpenStreetMap Real Spatial Node
ಕೋಟ್ಟಕಲ್ ಆರ್ಯ ವೈದ್ಯ ಶಾಲೆ,Bengaluru Urban,N/A,N/A,N/A,N/A (Contact Clinic),General Healthcare & Rehab,N/A,N/A,N/A,"ಕೋಟ್ಟಕಲ್ ಆರ್ಯ ವೈದ್ಯ ಶಾಲೆ, Bengaluru Urban, Bengaluru, Karnataka",https://www.google.com/maps/search/%E0%B2%95%E0%B3%8B%E0%B2%9F%E0%B3%8D%E0%B2%9F%E0%B2%95%E0%B2%B2%E0%B3%8D%20%E0%B2%86%E0%B2%B0%E0%B3%8D%E0%B2%AF%20%E0%B2%B5%E0%B3%88%E0%B2%A6%E0%B3%8D%E0%B2%AF%20%E0%B2%B6%E0%B2%BE%E0%B2%B2%E0%B3%86%20Bengaluru%20Urban%20Bengaluru,OpenStreetMap Real Spatial Node
Sevabhaya hospital,Bengaluru Urban,N/A,N/A,N/A,N/A (Contact Clinic),General Healthcare & Rehab,N/A,N/A,N/A,"Sevabhaya hospital, 63rd Cross Road , Bengaluru 560010",https://www.google.com/maps/search/Sevabhaya%20hospital%20Bengaluru%20Urban%20Bengaluru,OpenStreetMap Real Spatial Node
Express Clinic,Bengaluru Urban,N/A,N/A,N/A,N/A (Contact Clinic),General Healthcare & Rehab,N/A,N/A,N/A,"Express Clinic, 2nd Cross Road , Bengaluru",https://www.google.com/maps/search/Express%20Clinic%20Bengaluru%20Urban%20Bengaluru,OpenStreetMap Real Spatial Node
Sree Clinic and Laboratory,Bengaluru Urban,N/A,N/A,N/A,N/A (Contact Clinic),General Healthcare & Rehab,N/A,N/A,N/A,"Sree Clinic and Laboratory, Bengaluru Urban, Bengaluru, Karnataka",https://www.google.com/maps/search/Sree%20Clinic%20and%20Laboratory%20Bengaluru%20Urban%20Bengaluru,OpenStreetMap Real Spatial Node
National Institute of Mental Health and Neuro Sciences,Bengaluru Urban,N/A,N/A,N/A,N/A (Contact Clinic),General Healthcare & Rehab,N/A,N/A,N/A,"National Institute of Mental Health and Neuro Sciences,  Bangalore, Bengaluru 560029",https://www.google.com/maps/search/National%20Institute%20of%20Mental%20Health%20and%20Neuro%20Sciences%20Bengaluru%20Urban%20Bengaluru,OpenStreetMap Real Spatial Node
Primecare Pharmacy,Bengaluru Urban,N/A,N/A,N/A,N/A (Contact Clinic),General Healthcare & Rehab,N/A,N/A,N/A,"Primecare Pharmacy, Bengaluru Urban, Bengaluru, Karnataka",https://www.google.com/maps/search/Primecare%20Pharmacy%20Bengaluru%20Urban%20Bengaluru,OpenStreetMap Real Spatial Node
Vachani Vista,Bengaluru Urban,N/A,N/A,N/A,N/A (Contact Clinic),General Healthcare & Rehab,N/A,N/A,N/A,"Vachani Vista, Bengaluru Urban, Bengaluru, Karnataka",https://www.google.com/maps/search/Vachani%20Vista%20Bengaluru%20Urban%20Bengaluru,OpenStreetMap Real Spatial Node
Cambridge Hospital,Bengaluru Urban,N/A,N/A,N/A,N/A (Contact Clinic),General Healthcare & Rehab,N/A,N/A,N/A,"Cambridge Hospital,  Bengaluru Urban, Bengaluru 560008",https://www.google.com/maps/search/Cambridge%20Hospital%20Bengaluru%20Urban%20Bengaluru,OpenStreetMap Real Spatial Node
Suneel Pharma,Bengaluru Urban,N/A,N/A,N/A,N/A (Contact Clinic),General Healthcare & Rehab,N/A,N/A,N/A,"Suneel Pharma, Bengaluru Urban, Bengaluru, Karnataka",https://www.google.com/maps/search/Suneel%20Pharma%20Bengaluru%20Urban%20Bengaluru,OpenStreetMap Real Spatial Node
Maruti Medicals,Bengaluru Urban,N/A,N/A,N/A,N/A (Contact Clinic),General Healthcare & Rehab,N/A,N/A,N/A,"Maruti Medicals, Bengaluru Urban, Bengaluru, Karnataka",https://www.google.com/maps/search/Maruti%20Medicals%20Bengaluru%20Urban%20Bengaluru,OpenStreetMap Real Spatial Node
Primecare,Bengaluru Urban,N/A,N/A,N/A,N/A (Contact Clinic),General Healthcare & Rehab,N/A,N/A,N/A,"Primecare, Bengaluru Urban, Bengaluru, Karnataka",https://www.google.com/maps/search/Primecare%20Bengaluru%20Urban%20Bengaluru,OpenStreetMap Real Spatial Node
Medical Center,Bengaluru Urban,N/A,N/A,N/A,N/A (Contact Clinic),General Healthcare & Rehab,N/A,N/A,N/A,"Medical Center, Bengaluru Urban, Bengaluru, Karnataka",https://www.google.com/maps/search/Medical%20Center%20Bengaluru%20Urban%20Bengaluru,OpenStreetMap Real Spatial Node
Health and hijama clinic,Bengaluru Urban,N/A,N/A,N/A,N/A (Contact Clinic),General Healthcare & Rehab,N/A,N/A,N/A,"Health and hijama clinic, Bengaluru Urban, Bengaluru, Karnataka",https://www.google.com/maps/search/Health%20and%20hijama%20clinic%20Bengaluru%20Urban%20Bengaluru,OpenStreetMap Real Spatial Node
Ancient China,Bengaluru Urban,N/A,N/A,N/A,N/A (Contact Clinic),General Healthcare & Rehab,N/A,N/A,N/A,"Ancient China, Bengaluru Urban, Bengaluru, Karnataka",https://www.google.com/maps/search/Ancient%20China%20Bengaluru%20Urban%20Bengaluru,OpenStreetMap Real Spatial Node
AT pharma,Bengaluru Urban,N/A,N/A,N/A,N/A (Contact Clinic),General Healthcare & Rehab,N/A,N/A,N/A,"AT pharma, Bengaluru Urban, Bengaluru, Karnataka",https://www.google.com/maps/search/AT%20pharma%20Bengaluru%20Urban%20Bengaluru,OpenStreetMap Real Spatial Node
Jaisheel,Bengaluru Urban,N/A,N/A,N/A,N/A (Contact Clinic),General Healthcare & Rehab,N/A,N/A,N/A,"Jaisheel, Bengaluru Urban, Bengaluru, Karnataka",https://www.google.com/maps/search/Jaisheel%20Bengaluru%20Urban%20Bengaluru,OpenStreetMap Real Spatial Node
Prasad medicals,Bengaluru Urban,N/A,N/A,N/A,N/A (Contact Clinic),General Healthcare & Rehab,N/A,N/A,N/A,"Prasad medicals, Bengaluru Urban, Bengaluru, Karnataka",https://www.google.com/maps/search/Prasad%20medicals%20Bengaluru%20Urban%20Bengaluru,OpenStreetMap Real Spatial Node
Guru medicals,Bengaluru Urban,N/A,N/A,N/A,N/A (Contact Clinic),General Healthcare & Rehab,N/A,N/A,N/A,"Guru medicals, Bengaluru Urban, Bengaluru, Karnataka",https://www.google.com/maps/search/Guru%20medicals%20Bengaluru%20Urban%20Bengaluru,OpenStreetMap Real Spatial Node
Ghousia,Bengaluru Urban,N/A,N/A,N/A,N/A (Contact Clinic),General Healthcare & Rehab,N/A,N/A,N/A,"Ghousia, Bengaluru Urban, Bengaluru, Karnataka",https://www.google.com/maps/search/Ghousia%20Bengaluru%20Urban%20Bengaluru,OpenStreetMap Real Spatial Node
Ram Krishna Medicals,Bengaluru Urban,N/A,N/A,N/A,N/A (Contact Clinic),General Healthcare & Rehab,N/A,N/A,N/A,"Ram Krishna Medicals, Bengaluru Urban, Bengaluru, Karnataka",https://www.google.com/maps/search/Ram%20Krishna%20Medicals%20Bengaluru%20Urban%20Bengaluru,OpenStreetMap Real Spatial Node
Bright Pharmacy,Bengaluru Urban,N/A,N/A,N/A,N/A (Contact Clinic),General Healthcare & Rehab,N/A,N/A,N/A,"Bright Pharmacy, Bengaluru Urban, Bengaluru, Karnataka",https://www.google.com/maps/search/Bright%20Pharmacy%20Bengaluru%20Urban%20Bengaluru,OpenStreetMap Real Spatial Node
Al Habeeb Dental Clinic and Implant Center,Bengaluru Urban,N/A,N/A,N/A,N/A (Contact Clinic),General Healthcare & Rehab,N/A,N/A,N/A,"Al Habeeb Dental Clinic and Implant Center, Bengaluru Urban, Bengaluru, Karnataka",https://www.google.com/maps/search/Al%20Habeeb%20Dental%20Clinic%20and%20Implant%20Center%20Bengaluru%20Urban%20Bengaluru,OpenStreetMap Real Spatial Node
Venkatagiri,Bengaluru Urban,N/A,N/A,N/A,N/A (Contact Clinic),General Healthcare & Rehab,N/A,N/A,N/A,"Venkatagiri, Bengaluru Urban, Bengaluru, Karnataka",https://www.google.com/maps/search/Venkatagiri%20Bengaluru%20Urban%20Bengaluru,OpenStreetMap Real Spatial Node
Bhagat Dental Clinic,Bengaluru Urban,N/A,N/A,N/A,N/A (Contact Clinic),General Healthcare & Rehab,N/A,N/A,N/A,"Bhagat Dental Clinic, Bengaluru Urban, Bengaluru, Karnataka",https://www.google.com/maps/search/Bhagat%20Dental%20Clinic%20Bengaluru%20Urban%20Bengaluru,OpenStreetMap Real Spatial Node
Dr. Satish skin & ENT clinic,Bengaluru Urban,N/A,N/A,N/A,N/A (Contact Clinic),General Healthcare & Rehab,N/A,N/A,N/A,"Dr. Satish skin & ENT clinic, Bengaluru Urban, Bengaluru, Karnataka",https://www.google.com/maps/search/Dr.%20Satish%20skin%20%26%20ENT%20clinic%20Bengaluru%20Urban%20Bengaluru,OpenStreetMap Real Spatial Node
Satya Medicals,Bengaluru Urban,N/A,N/A,N/A,N/A (Contact Clinic),General Healthcare & Rehab,N/A,N/A,N/A,"Satya Medicals, Bengaluru Urban, Bengaluru, Karnataka",https://www.google.com/maps/search/Satya%20Medicals%20Bengaluru%20Urban%20Bengaluru,OpenStreetMap Real Spatial Node
Cloudnine Hospital Pvt. Ltd.,Bengaluru Urban,N/A,N/A,N/A,N/A (Contact Clinic),General Healthcare & Rehab,N/A,N/A,N/A,"Cloudnine Hospital Pvt. Ltd.,  Bengaluru Urban, Bengaluru 560001",https://www.google.com/maps/search/Cloudnine%20Hospital%20Pvt.%20Ltd.%20Bengaluru%20Urban%20Bengaluru,OpenStreetMap Real Spatial Node
Kasturi Pharma and General Stores,Bengaluru Urban,N/A,N/A,N/A,N/A (Contact Clinic),General Healthcare & Rehab,N/A,N/A,N/A,"Kasturi Pharma and General Stores, Bengaluru Urban, Bengaluru, Karnataka",https://www.google.com/maps/search/Kasturi%20Pharma%20and%20General%20Stores%20Bengaluru%20Urban%20Bengaluru,OpenStreetMap Real Spatial Node
Altius Hospital,Bengaluru Urban,N/A,N/A,N/A,N/A (Contact Clinic),General Healthcare & Rehab,N/A,N/A,N/A,"Altius Hospital,  Bengaluru Urban, Bengaluru 560010",https://www.google.com/maps/search/Altius%20Hospital%20Bengaluru%20Urban%20Bengaluru,OpenStreetMap Real Spatial Node
Renew Medical Center,Bengaluru Urban,N/A,N/A,N/A,N/A (Contact Clinic),General Healthcare & Rehab,N/A,N/A,N/A,"Renew Medical Center, Bengaluru Urban, Bengaluru, Karnataka",https://www.google.com/maps/search/Renew%20Medical%20Center%20Bengaluru%20Urban%20Bengaluru,OpenStreetMap Real Spatial Node
My Smile Dentist,Bengaluru Urban,N/A,N/A,N/A,N/A (Contact Clinic),General Healthcare & Rehab,N/A,N/A,N/A,"My Smile Dentist, Bengaluru Urban, Bengaluru, Karnataka",https://www.google.com/maps/search/My%20Smile%20Dentist%20Bengaluru%20Urban%20Bengaluru,OpenStreetMap Real Spatial Node
Santosh Pharma,Bengaluru Urban,N/A,N/A,N/A,N/A (Contact Clinic),General Healthcare & Rehab,N/A,N/A,N/A,"Santosh Pharma, Bengaluru Urban, Bengaluru, Karnataka",https://www.google.com/maps/search/Santosh%20Pharma%20Bengaluru%20Urban%20Bengaluru,OpenStreetMap Real Spatial Node
Mustafai Unani Pharmacy,Bengaluru Urban,N/A,N/A,N/A,N/A (Contact Clinic),General Healthcare & Rehab,N/A,N/A,N/A,"Mustafai Unani Pharmacy, Bengaluru Urban, Bengaluru, Karnataka",https://www.google.com/maps/search/Mustafai%20Unani%20Pharmacy%20Bengaluru%20Urban%20Bengaluru,OpenStreetMap Real Spatial Node
Bangalore Diabetes Hospital,Bengaluru Urban,N/A,N/A,N/A,N/A (Contact Clinic),General Healthcare & Rehab,N/A,N/A,N/A,"Bangalore Diabetes Hospital, Bengaluru Urban, Bengaluru, Karnataka",https://www.google.com/maps/search/Bangalore%20Diabetes%20Hospital%20Bengaluru%20Urban%20Bengaluru,OpenStreetMap Real Spatial Node
NU Hospitals,Bengaluru Urban,N/A,N/A,N/A,N/A (Contact Clinic),General Healthcare & Rehab,N/A,N/A,N/A,"NU Hospitals, Bengaluru Urban, Bengaluru, Karnataka",https://www.google.com/maps/search/NU%20Hospitals%20Bengaluru%20Urban%20Bengaluru,OpenStreetMap Real Spatial Node
Specialists Dental Clinic,Bengaluru Urban,N/A,N/A,N/A,N/A (Contact Clinic),General Healthcare & Rehab,N/A,N/A,N/A,"Specialists Dental Clinic, Bengaluru Urban, Bengaluru, Karnataka",https://www.google.com/maps/search/Specialists%20Dental%20Clinic%20Bengaluru%20Urban%20Bengaluru,OpenStreetMap Real Spatial Node
Victory Homeospeciality Clinic,Bengaluru Urban,N/A,N/A,N/A,N/A (Contact Clinic),General Healthcare & Rehab,N/A,N/A,N/A,"Victory Homeospeciality Clinic, Bengaluru Urban, Bengaluru, Karnataka",https://www.google.com/maps/search/Victory%20Homeospeciality%20Clinic%20Bengaluru%20Urban%20Bengaluru,OpenStreetMap Real Spatial Node
Divya Dental clinic,Bengaluru Urban,N/A,N/A,N/A,N/A (Contact Clinic),General Healthcare & Rehab,N/A,N/A,N/A,"Divya Dental clinic, Bengaluru Urban, Bengaluru, Karnataka",https://www.google.com/maps/search/Divya%20Dental%20clinic%20Bengaluru%20Urban%20Bengaluru,OpenStreetMap Real Spatial Node
Aswini clinic,Bengaluru Urban,N/A,N/A,N/A,N/A (Contact Clinic),General Healthcare & Rehab,N/A,N/A,N/A,"Aswini clinic, Bengaluru Urban, Bengaluru, Karnataka",https://www.google.com/maps/search/Aswini%20clinic%20Bengaluru%20Urban%20Bengaluru,OpenStreetMap Real Spatial Node
Sri Vinayaka Nursing Home,Bengaluru Urban,N/A,N/A,N/A,N/A (Contact Clinic),General Healthcare & Rehab,N/A,N/A,N/A,"Sri Vinayaka Nursing Home,  Bengaluru Urban, Bengaluru 560038",https://www.google.com/maps/search/Sri%20Vinayaka%20Nursing%20Home%20Bengaluru%20Urban%20Bengaluru,OpenStreetMap Real Spatial Node
Dr. Shetty's Cosmetic Centre,Bengaluru Urban,N/A,N/A,N/A,N/A (Contact Clinic),General Healthcare & Rehab,N/A,N/A,N/A,"Dr. Shetty's Cosmetic Centre, Bengaluru Urban, Bengaluru, Karnataka",https://www.google.com/maps/search/Dr.%20Shetty%27s%20Cosmetic%20Centre%20Bengaluru%20Urban%20Bengaluru,OpenStreetMap Real Spatial Node
Pranam Dental and Medical Speciality Clinic,Bengaluru Urban,N/A,N/A,N/A,N/A (Contact Clinic),General Healthcare & Rehab,N/A,N/A,N/A,"Pranam Dental and Medical Speciality Clinic, Bengaluru Urban, Bengaluru, Karnataka",https://www.google.com/maps/search/Pranam%20Dental%20and%20Medical%20Speciality%20Clinic%20Bengaluru%20Urban%20Bengaluru,OpenStreetMap Real Spatial Node
Ambuja Healthcare,Bengaluru Urban,N/A,N/A,N/A,N/A (Contact Clinic),General Healthcare & Rehab,N/A,N/A,N/A,"Ambuja Healthcare, Bengaluru Urban, Bengaluru, Karnataka",https://www.google.com/maps/search/Ambuja%20Healthcare%20Bengaluru%20Urban%20Bengaluru,OpenStreetMap Real Spatial Node
Eye Care Clinic,Bengaluru Urban,N/A,N/A,N/A,N/A (Contact Clinic),General Healthcare & Rehab,N/A,N/A,N/A,"Eye Care Clinic, Bengaluru Urban, Bengaluru, Karnataka",https://www.google.com/maps/search/Eye%20Care%20Clinic%20Bengaluru%20Urban%20Bengaluru,OpenStreetMap Real Spatial Node
V. S. Achar Multispeciality Hospital,Bengaluru Urban,N/A,N/A,N/A,N/A (Contact Clinic),General Healthcare & Rehab,N/A,N/A,N/A,"V. S. Achar Multispeciality Hospital,  Bengaluru Urban, Bengaluru 560027",https://www.google.com/maps/search/V.%20S.%20Achar%20Multispeciality%20Hospital%20Bengaluru%20Urban%20Bengaluru,OpenStreetMap Real Spatial Node
Trust Medicals,Bengaluru Urban,N/A,N/A,N/A,N/A (Contact Clinic),General Healthcare & Rehab,N/A,N/A,N/A,"Trust Medicals, Bengaluru Urban, Bengaluru, Karnataka",https://www.google.com/maps/search/Trust%20Medicals%20Bengaluru%20Urban%20Bengaluru,OpenStreetMap Real Spatial Node
City Health Care,Bengaluru Urban,N/A,N/A,N/A,N/A (Contact Clinic),General Healthcare & Rehab,N/A,N/A,N/A,"City Health Care, Bengaluru Urban, Bengaluru, Karnataka",https://www.google.com/maps/search/City%20Health%20Care%20Bengaluru%20Urban%20Bengaluru,OpenStreetMap Real Spatial Node
Ayurvedic Pharmacy,Bengaluru Urban,N/A,N/A,N/A,N/A (Contact Clinic),General Healthcare & Rehab,N/A,N/A,N/A,"Ayurvedic Pharmacy, Bengaluru Urban, Bengaluru, Karnataka",https://www.google.com/maps/search/Ayurvedic%20Pharmacy%20Bengaluru%20Urban%20Bengaluru,OpenStreetMap Real Spatial Node
Shilpa nursing home,Bengaluru Urban,N/A,N/A,N/A,N/A (Contact Clinic),General Healthcare & Rehab,N/A,N/A,N/A,"Shilpa nursing home, Bengaluru Urban, Bengaluru, Karnataka",https://www.google.com/maps/search/Shilpa%20nursing%20home%20Bengaluru%20Urban%20Bengaluru,OpenStreetMap Real Spatial Node
"Emergency Block , NIMHANS",Bengaluru Urban,N/A,N/A,N/A,N/A (Contact Clinic),General Healthcare & Rehab,N/A,N/A,N/A,"Emergency Block , NIMHANS, Bengaluru Urban, Bengaluru, Karnataka",https://www.google.com/maps/search/Emergency%20Block%20%2C%20NIMHANS%20Bengaluru%20Urban%20Bengaluru,OpenStreetMap Real Spatial Node
Oral Care,Bengaluru Urban,N/A,N/A,N/A,N/A (Contact Clinic),General Healthcare & Rehab,N/A,N/A,N/A,"Oral Care, Bengaluru Urban, Bengaluru, Karnataka",https://www.google.com/maps/search/Oral%20Care%20Bengaluru%20Urban%20Bengaluru,OpenStreetMap Real Spatial Node
Nethradhama Superspeciality Eye Hospital,Bengaluru Urban,N/A,N/A,N/A,N/A (Contact Clinic),General Healthcare & Rehab,N/A,N/A,N/A,"Nethradhama Superspeciality Eye Hospital,  Bengaluru Urban, Bengaluru 560038",https://www.google.com/maps/search/Nethradhama%20Superspeciality%20Eye%20Hospital%20Bengaluru%20Urban%20Bengaluru,OpenStreetMap Real Spatial Node
S Pandu,Bengaluru Urban,N/A,N/A,N/A,N/A (Contact Clinic),General Healthcare & Rehab,N/A,N/A,N/A,"S Pandu, Bengaluru Urban, Bengaluru, Karnataka",https://www.google.com/maps/search/S%20Pandu%20Bengaluru%20Urban%20Bengaluru,OpenStreetMap Real Spatial Node
Shekhar Clinic,Bengaluru Urban,N/A,N/A,N/A,N/A (Contact Clinic),General Healthcare & Rehab,N/A,N/A,N/A,"Shekhar Clinic, Bengaluru Urban, Bengaluru, Karnataka",https://www.google.com/maps/search/Shekhar%20Clinic%20Bengaluru%20Urban%20Bengaluru,OpenStreetMap Real Spatial Node
Fracture and Ortho Clinic,Bengaluru Urban,N/A,N/A,N/A,N/A (Contact Clinic),Orthopedic & Spine Care,N/A,N/A,N/A,"Fracture and Ortho Clinic, Bengaluru Urban, Bengaluru, Karnataka",https://www.google.com/maps/search/Fracture%20and%20Ortho%20Clinic%20Bengaluru%20Urban%20Bengaluru,OpenStreetMap Real Spatial Node
Dr. Natesh E.N.T and Surgical Care Centre,Bengaluru Urban,N/A,N/A,N/A,N/A (Contact Clinic),General Healthcare & Rehab,N/A,N/A,N/A,"Dr. Natesh E.N.T and Surgical Care Centre,  Bengaluru Urban, Bengaluru 560050",https://www.google.com/maps/search/Dr.%20Natesh%20E.N.T%20and%20Surgical%20Care%20Centre%20Bengaluru%20Urban%20Bengaluru,OpenStreetMap Real Spatial Node
Padmashree Clinic,Bengaluru Urban,N/A,N/A,N/A,N/A (Contact Clinic),General Healthcare & Rehab,N/A,N/A,N/A,"Padmashree Clinic, Bengaluru Urban, Bengaluru, Karnataka",https://www.google.com/maps/search/Padmashree%20Clinic%20Bengaluru%20Urban%20Bengaluru,OpenStreetMap Real Spatial Node
Basava Natural Healing Center,Bengaluru Urban,N/A,N/A,N/A,N/A (Contact Clinic),General Healthcare & Rehab,N/A,N/A,N/A,"Basava Natural Healing Center, Bengaluru Urban, Bengaluru, Karnataka",https://www.google.com/maps/search/Basava%20Natural%20Healing%20Center%20Bengaluru%20Urban%20Bengaluru,OpenStreetMap Real Spatial Node
Virile Men's Health Clinic,Bengaluru Urban,N/A,N/A,N/A,N/A (Contact Clinic),General Healthcare & Rehab,N/A,N/A,N/A,"Virile Men's Health Clinic, Bengaluru Urban, Bengaluru, Karnataka",https://www.google.com/maps/search/Virile%20Men%27s%20Health%20Clinic%20Bengaluru%20Urban%20Bengaluru,OpenStreetMap Real Spatial Node
Srinivasa Clinic,Bengaluru Urban,N/A,N/A,N/A,N/A (Contact Clinic),General Healthcare & Rehab,N/A,N/A,N/A,"Srinivasa Clinic, Bengaluru Urban, Bengaluru, Karnataka",https://www.google.com/maps/search/Srinivasa%20Clinic%20Bengaluru%20Urban%20Bengaluru,OpenStreetMap Real Spatial Node
Ward 113 PHC,Bengaluru Urban,N/A,N/A,N/A,N/A (Contact Clinic),General Healthcare & Rehab,N/A,N/A,N/A,"Ward 113 PHC, Bengaluru Urban, Bengaluru, Karnataka",https://www.google.com/maps/search/Ward%20113%20PHC%20Bengaluru%20Urban%20Bengaluru,OpenStreetMap Real Spatial Node
Mahadev Medical and General Store,Bengaluru Urban,N/A,N/A,N/A,N/A (Contact Clinic),General Healthcare & Rehab,N/A,N/A,N/A,"Mahadev Medical and General Store, Bengaluru Urban, Bengaluru, Karnataka",https://www.google.com/maps/search/Mahadev%20Medical%20and%20General%20Store%20Bengaluru%20Urban%20Bengaluru,OpenStreetMap Real Spatial Node
We care clinic,Bengaluru Urban,N/A,N/A,N/A,N/A (Contact Clinic),General Healthcare & Rehab,N/A,N/A,N/A,"We care clinic, Bengaluru Urban, Bengaluru, Karnataka",https://www.google.com/maps/search/We%20care%20clinic%20Bengaluru%20Urban%20Bengaluru,OpenStreetMap Real Spatial Node
Krishna Clinic,Bengaluru Urban,N/A,N/A,N/A,N/A (Contact Clinic),General Healthcare & Rehab,N/A,N/A,N/A,"Krishna Clinic, Bengaluru Urban, Bengaluru, Karnataka",https://www.google.com/maps/search/Krishna%20Clinic%20Bengaluru%20Urban%20Bengaluru,OpenStreetMap Real Spatial Node
Santosh medicals,Bengaluru Urban,N/A,N/A,N/A,N/A (Contact Clinic),General Healthcare & Rehab,N/A,N/A,N/A,"Santosh medicals, Bengaluru Urban, Bengaluru, Karnataka",https://www.google.com/maps/search/Santosh%20medicals%20Bengaluru%20Urban%20Bengaluru,OpenStreetMap Real Spatial Node
Ayushmitra clinic,Bengaluru Urban,N/A,N/A,N/A,N/A (Contact Clinic),General Healthcare & Rehab,N/A,N/A,N/A,"Ayushmitra clinic, Bengaluru Urban, Bengaluru, Karnataka",https://www.google.com/maps/search/Ayushmitra%20clinic%20Bengaluru%20Urban%20Bengaluru,OpenStreetMap Real Spatial Node
Santhosh medicals,Bengaluru Urban,N/A,N/A,N/A,N/A (Contact Clinic),General Healthcare & Rehab,N/A,N/A,N/A,"Santhosh medicals, Bengaluru Urban, Bengaluru, Karnataka",https://www.google.com/maps/search/Santhosh%20medicals%20Bengaluru%20Urban%20Bengaluru,OpenStreetMap Real Spatial Node
Sham's Child and Adult Care,Bengaluru Urban,N/A,N/A,N/A,N/A (Contact Clinic),General Healthcare & Rehab,N/A,N/A,N/A,"Sham's Child and Adult Care, Bengaluru Urban, Bengaluru, Karnataka",https://www.google.com/maps/search/Sham%27s%20Child%20and%20Adult%20Care%20Bengaluru%20Urban%20Bengaluru,OpenStreetMap Real Spatial Node
Care Health,Bengaluru Urban,N/A,N/A,N/A,N/A (Contact Clinic),General Healthcare & Rehab,N/A,N/A,N/A,"Care Health,  Bengaluru Urban, Bengaluru 560024",https://www.google.com/maps/search/Care%20Health%20Bengaluru%20Urban%20Bengaluru,OpenStreetMap Real Spatial Node
Rangalakshmi Netralaya,Bengaluru Urban,N/A,N/A,N/A,N/A (Contact Clinic),General Healthcare & Rehab,N/A,N/A,N/A,"Rangalakshmi Netralaya, Bengaluru Urban, Bengaluru, Karnataka",https://www.google.com/maps/search/Rangalakshmi%20Netralaya%20Bengaluru%20Urban%20Bengaluru,OpenStreetMap Real Spatial Node
Sri Vinayaka Diagnostic Laboratory,Bengaluru Urban,N/A,N/A,N/A,N/A (Contact Clinic),General Healthcare & Rehab,N/A,N/A,N/A,"Sri Vinayaka Diagnostic Laboratory, Bengaluru Urban, Bengaluru, Karnataka",https://www.google.com/maps/search/Sri%20Vinayaka%20Diagnostic%20Laboratory%20Bengaluru%20Urban%20Bengaluru,OpenStreetMap Real Spatial Node
Amruth Clinic,Bengaluru Urban,N/A,N/A,N/A,N/A (Contact Clinic),General Healthcare & Rehab,N/A,N/A,N/A,"Amruth Clinic, Bengaluru Urban, Bengaluru, Karnataka",https://www.google.com/maps/search/Amruth%20Clinic%20Bengaluru%20Urban%20Bengaluru,OpenStreetMap Real Spatial Node
Dr Bhanus Skin Clinic,Bengaluru Urban,N/A,N/A,N/A,N/A (Contact Clinic),General Healthcare & Rehab,N/A,N/A,N/A,"Dr Bhanus Skin Clinic, Bengaluru Urban, Bengaluru, Karnataka",https://www.google.com/maps/search/Dr%20Bhanus%20Skin%20Clinic%20Bengaluru%20Urban%20Bengaluru,OpenStreetMap Real Spatial Node
Ramdev Medical,Bengaluru Urban,N/A,N/A,N/A,N/A (Contact Clinic),General Healthcare & Rehab,N/A,N/A,N/A,"Ramdev Medical, Bengaluru Urban, Bengaluru, Karnataka",https://www.google.com/maps/search/Ramdev%20Medical%20Bengaluru%20Urban%20Bengaluru,OpenStreetMap Real Spatial Node
Sai Ram Medicals,Bengaluru Urban,N/A,N/A,N/A,N/A (Contact Clinic),General Healthcare & Rehab,N/A,N/A,N/A,"Sai Ram Medicals, Bengaluru Urban, Bengaluru, Karnataka",https://www.google.com/maps/search/Sai%20Ram%20Medicals%20Bengaluru%20Urban%20Bengaluru,OpenStreetMap Real Spatial Node
Amar Medicals,Bengaluru Urban,N/A,N/A,N/A,N/A (Contact Clinic),General Healthcare & Rehab,N/A,N/A,N/A,"Amar Medicals, Bengaluru Urban, Bengaluru, Karnataka",https://www.google.com/maps/search/Amar%20Medicals%20Bengaluru%20Urban%20Bengaluru,OpenStreetMap Real Spatial Node
Vinayaka Clinic,Bengaluru Urban,N/A,N/A,N/A,N/A (Contact Clinic),General Healthcare & Rehab,N/A,N/A,N/A,"Vinayaka Clinic, Garden School Road , Bengaluru 560061",https://www.google.com/maps/search/Vinayaka%20Clinic%20Bengaluru%20Urban%20Bengaluru,OpenStreetMap Real Spatial Node
Shri Kaushika Dental Clinic,Bengaluru Urban,N/A,N/A,N/A,N/A (Contact Clinic),General Healthcare & Rehab,N/A,N/A,N/A,"Shri Kaushika Dental Clinic, Bengaluru Urban, Bengaluru, Karnataka",https://www.google.com/maps/search/Shri%20Kaushika%20Dental%20Clinic%20Bengaluru%20Urban%20Bengaluru,OpenStreetMap Real Spatial Node
Magi Orthodontic Dental Care Centre,Bengaluru Urban,N/A,N/A,N/A,N/A (Contact Clinic),Orthopedic & Spine Care,N/A,N/A,N/A,"Magi Orthodontic Dental Care Centre, Bengaluru Urban, Bengaluru, Karnataka",https://www.google.com/maps/search/Magi%20Orthodontic%20Dental%20Care%20Centre%20Bengaluru%20Urban%20Bengaluru,OpenStreetMap Real Spatial Node
Deepashri Clinical Laboratory,Bengaluru Urban,N/A,N/A,N/A,N/A (Contact Clinic),General Healthcare & Rehab,N/A,N/A,N/A,"Deepashri Clinical Laboratory, Bengaluru Urban, Bengaluru, Karnataka",https://www.google.com/maps/search/Deepashri%20Clinical%20Laboratory%20Bengaluru%20Urban%20Bengaluru,OpenStreetMap Real Spatial Node
Guru Raghavendra Clinic,Bengaluru Urban,N/A,N/A,N/A,N/A (Contact Clinic),General Healthcare & Rehab,N/A,N/A,N/A,"Guru Raghavendra Clinic, Garden School Road , Bengaluru 560061",https://www.google.com/maps/search/Guru%20Raghavendra%20Clinic%20Bengaluru%20Urban%20Bengaluru,OpenStreetMap Real Spatial Node
Guru Raghavendra Medical Store,Bengaluru Urban,N/A,N/A,N/A,N/A (Contact Clinic),General Healthcare & Rehab,N/A,N/A,N/A,"Guru Raghavendra Medical Store, Garden School Road , Bengaluru 560061",https://www.google.com/maps/search/Guru%20Raghavendra%20Medical%20Store%20Bengaluru%20Urban%20Bengaluru,OpenStreetMap Real Spatial Node
Sridhar Medicals,Bengaluru Urban,N/A,N/A,N/A,N/A (Contact Clinic),General Healthcare & Rehab,N/A,N/A,N/A,"Sridhar Medicals, Subramanyapura Main Road, Bendre Nagar , Bengaluru 560070",https://www.google.com/maps/search/Sridhar%20Medicals%20Bengaluru%20Urban%20Bengaluru,OpenStreetMap Real Spatial Node
Kotakkal Arya Vaidyasala,Bengaluru Urban,N/A,N/A,N/A,N/A (Contact Clinic),General Healthcare & Rehab,N/A,N/A,N/A,"Kotakkal Arya Vaidyasala, Bengaluru Urban, Bengaluru, Karnataka",https://www.google.com/maps/search/Kotakkal%20Arya%20Vaidyasala%20Bengaluru%20Urban%20Bengaluru,OpenStreetMap Real Spatial Node
The Skin and Cosmetic Clinic,Bengaluru Urban,N/A,N/A,N/A,N/A (Contact Clinic),General Healthcare & Rehab,N/A,N/A,N/A,"The Skin and Cosmetic Clinic, Bengaluru Urban, Bengaluru, Karnataka",https://www.google.com/maps/search/The%20Skin%20and%20Cosmetic%20Clinic%20Bengaluru%20Urban%20Bengaluru,OpenStreetMap Real Spatial Node
Dr G S Palaksha Psychatrist,Bengaluru Urban,N/A,N/A,N/A,N/A (Contact Clinic),General Healthcare & Rehab,N/A,N/A,N/A,"Dr G S Palaksha Psychatrist, Bengaluru Urban, Bengaluru, Karnataka",https://www.google.com/maps/search/Dr%20G%20S%20Palaksha%20Psychatrist%20Bengaluru%20Urban%20Bengaluru,OpenStreetMap Real Spatial Node
MM Clinic,Bengaluru Urban,N/A,N/A,N/A,N/A (Contact Clinic),General Healthcare & Rehab,N/A,N/A,N/A,"MM Clinic, Bengaluru Urban, Bengaluru, Karnataka",https://www.google.com/maps/search/MM%20Clinic%20Bengaluru%20Urban%20Bengaluru,OpenStreetMap Real Spatial Node
Vathsalya Speciality Hospital,Bengaluru Urban,N/A,N/A,N/A,N/A (Contact Clinic),General Healthcare & Rehab,N/A,N/A,N/A,"Vathsalya Speciality Hospital,  Bengaluru Urban, Bengaluru 560079",https://www.google.com/maps/search/Vathsalya%20Speciality%20Hospital%20Bengaluru%20Urban%20Bengaluru,OpenStreetMap Real Spatial Node
Brothers Chemists,Bengaluru Urban,N/A,N/A,N/A,N/A (Contact Clinic),General Healthcare & Rehab,N/A,N/A,N/A,"Brothers Chemists, Bengaluru Urban, Bengaluru, Karnataka",https://www.google.com/maps/search/Brothers%20Chemists%20Bengaluru%20Urban%20Bengaluru,OpenStreetMap Real Spatial Node
Aparna Hospital,Bengaluru Urban,N/A,N/A,N/A,N/A (Contact Clinic),General Healthcare & Rehab,N/A,N/A,N/A,"Aparna Hospital, Bengaluru Urban, Bengaluru, Karnataka",https://www.google.com/maps/search/Aparna%20Hospital%20Bengaluru%20Urban%20Bengaluru,OpenStreetMap Real Spatial Node
Apollo Spectra Hospitals,Bengaluru Urban,N/A,N/A,N/A,N/A (Contact Clinic),General Healthcare & Rehab,N/A,N/A,N/A,"Apollo Spectra Hospitals, Bengaluru Urban, Bengaluru, Karnataka",https://www.google.com/maps/search/Apollo%20Spectra%20Hospitals%20Bengaluru%20Urban%20Bengaluru,OpenStreetMap Real Spatial Node
Pragathi Homeo Pharmacy,Bengaluru Urban,N/A,N/A,N/A,N/A (Contact Clinic),General Healthcare & Rehab,N/A,N/A,N/A,"Pragathi Homeo Pharmacy, Bengaluru Urban, Bengaluru, Karnataka",https://www.google.com/maps/search/Pragathi%20Homeo%20Pharmacy%20Bengaluru%20Urban%20Bengaluru,OpenStreetMap Real Spatial Node
Sankeerthana Hospital and Fertility Center,Bengaluru Urban,N/A,N/A,N/A,N/A (Contact Clinic),General Healthcare & Rehab,N/A,N/A,N/A,"Sankeerthana Hospital and Fertility Center,  Bengaluru Urban, Bengaluru 560034",https://www.google.com/maps/search/Sankeerthana%20Hospital%20and%20Fertility%20Center%20Bengaluru%20Urban%20Bengaluru,OpenStreetMap Real Spatial Node
Ohan's Dental Care,Bengaluru Urban,N/A,N/A,N/A,N/A (Contact Clinic),General Healthcare & Rehab,N/A,N/A,N/A,"Ohan's Dental Care, Bengaluru Urban, Bengaluru, Karnataka",https://www.google.com/maps/search/Ohan%27s%20Dental%20Care%20Bengaluru%20Urban%20Bengaluru,OpenStreetMap Real Spatial Node
Jayashree Multi Specilaity Hospital,Bengaluru Urban,N/A,N/A,N/A,N/A (Contact Clinic),General Healthcare & Rehab,N/A,N/A,N/A,"Jayashree Multi Specilaity Hospital,  Bengaluru Rural, Bengaluru 560068",https://www.google.com/maps/search/Jayashree%20Multi%20Specilaity%20Hospital%20Bengaluru%20Urban%20Bengaluru,OpenStreetMap Real Spatial Node
Kiran Medical Store,Bengaluru Urban,N/A,N/A,N/A,N/A (Contact Clinic),General Healthcare & Rehab,N/A,N/A,N/A,"Kiran Medical Store, Bengaluru Urban, Bengaluru, Karnataka",https://www.google.com/maps/search/Kiran%20Medical%20Store%20Bengaluru%20Urban%20Bengaluru,OpenStreetMap Real Spatial Node
Sri Lakshmi Medicals,Bengaluru Urban,N/A,N/A,N/A,N/A (Contact Clinic),General Healthcare & Rehab,N/A,N/A,N/A,"Sri Lakshmi Medicals, 23rd main, Ramana Road, Ayodhya Nagar , Bengaluru",https://www.google.com/maps/search/Sri%20Lakshmi%20Medicals%20Bengaluru%20Urban%20Bengaluru,OpenStreetMap Real Spatial Node
Prem Pharmacy,Bengaluru Urban,N/A,N/A,N/A,N/A (Contact Clinic),General Healthcare & Rehab,N/A,N/A,N/A,"Prem Pharmacy, 22nd B Main Road , Bengaluru 560078",https://www.google.com/maps/search/Prem%20Pharmacy%20Bengaluru%20Urban%20Bengaluru,OpenStreetMap Real Spatial Node
Shiva Vision Care,Bengaluru Urban,N/A,N/A,N/A,N/A (Contact Clinic),General Healthcare & Rehab,N/A,N/A,N/A,"Shiva Vision Care, Bengaluru Urban, Bengaluru, Karnataka",https://www.google.com/maps/search/Shiva%20Vision%20Care%20Bengaluru%20Urban%20Bengaluru,OpenStreetMap Real Spatial Node
Sri Radha Krishna Clinic,Bengaluru Urban,N/A,N/A,N/A,N/A (Contact Clinic),General Healthcare & Rehab,N/A,N/A,N/A,"Sri Radha Krishna Clinic, Bengaluru Urban, Bengaluru, Karnataka",https://www.google.com/maps/search/Sri%20Radha%20Krishna%20Clinic%20Bengaluru%20Urban%20Bengaluru,OpenStreetMap Real Spatial Node
Sri Manikanta Polyclinic,Bengaluru Urban,N/A,N/A,N/A,N/A (Contact Clinic),General Healthcare & Rehab,N/A,N/A,N/A,"Sri Manikanta Polyclinic, Bengaluru Urban, Bengaluru, Karnataka",https://www.google.com/maps/search/Sri%20Manikanta%20Polyclinic%20Bengaluru%20Urban%20Bengaluru,OpenStreetMap Real Spatial Node
Bengaluru Drug House Pharmacy,Bengaluru Urban,N/A,N/A,N/A,N/A (Contact Clinic),General Healthcare & Rehab,N/A,N/A,N/A,"Bengaluru Drug House Pharmacy, Bengaluru Urban, Bengaluru, Karnataka",https://www.google.com/maps/search/Bengaluru%20Drug%20House%20Pharmacy%20Bengaluru%20Urban%20Bengaluru,OpenStreetMap Real Spatial Node
apollo medical shop,Bengaluru Urban,N/A,N/A,N/A,N/A (Contact Clinic),General Healthcare & Rehab,N/A,N/A,N/A,"apollo medical shop, Bengaluru Urban, Bengaluru, Karnataka",https://www.google.com/maps/search/apollo%20medical%20shop%20Bengaluru%20Urban%20Bengaluru,OpenStreetMap Real Spatial Node
Sujatha Hospital,Bengaluru Urban,N/A,N/A,N/A,N/A (Contact Clinic),General Healthcare & Rehab,N/A,N/A,N/A,"Sujatha Hospital, Bengaluru Urban, Bengaluru, Karnataka",https://www.google.com/maps/search/Sujatha%20Hospital%20Bengaluru%20Urban%20Bengaluru,OpenStreetMap Real Spatial Node
Dr Paul's Dental Health Care,Bengaluru Urban,N/A,N/A,N/A,N/A (Contact Clinic),General Healthcare & Rehab,N/A,N/A,N/A,"Dr Paul's Dental Health Care, Bengaluru Urban, Bengaluru, Karnataka",https://www.google.com/maps/search/Dr%20Paul%27s%20Dental%20Health%20Care%20Bengaluru%20Urban%20Bengaluru,OpenStreetMap Real Spatial Node
PCMH Restore Health,Bengaluru Urban,N/A,N/A,N/A,N/A (Contact Clinic),General Healthcare & Rehab,N/A,N/A,N/A,"PCMH Restore Health, Bengaluru Urban, Bengaluru, Karnataka",https://www.google.com/maps/search/PCMH%20Restore%20Health%20Bengaluru%20Urban%20Bengaluru,OpenStreetMap Real Spatial Node
Apoorva Diagnostic Centre,Bengaluru Urban,N/A,N/A,N/A,N/A (Contact Clinic),General Healthcare & Rehab,N/A,N/A,N/A,"Apoorva Diagnostic Centre,  Bengaluru Urban, Bengaluru 560038",https://www.google.com/maps/search/Apoorva%20Diagnostic%20Centre%20Bengaluru%20Urban%20Bengaluru,OpenStreetMap Real Spatial Node
Ramakrishna Math Charitable Dispensary,Bengaluru Urban,N/A,N/A,N/A,N/A (Contact Clinic),General Healthcare & Rehab,N/A,N/A,N/A,"Ramakrishna Math Charitable Dispensary, Bengaluru Urban, Bengaluru, Karnataka",https://www.google.com/maps/search/Ramakrishna%20Math%20Charitable%20Dispensary%20Bengaluru%20Urban%20Bengaluru,OpenStreetMap Real Spatial Node
Suresh Pharma,Bengaluru Urban,N/A,N/A,N/A,N/A (Contact Clinic),General Healthcare & Rehab,N/A,N/A,N/A,"Suresh Pharma, Bengaluru Urban, Bengaluru, Karnataka",https://www.google.com/maps/search/Suresh%20Pharma%20Bengaluru%20Urban%20Bengaluru,OpenStreetMap Real Spatial Node
New Modern Clinic,Bengaluru Urban,N/A,N/A,N/A,N/A (Contact Clinic),General Healthcare & Rehab,N/A,N/A,N/A,"New Modern Clinic, Bengaluru Urban, Bengaluru, Karnataka",https://www.google.com/maps/search/New%20Modern%20Clinic%20Bengaluru%20Urban%20Bengaluru,OpenStreetMap Real Spatial Node
Arth Ayurvedic Health Centre,Bengaluru Urban,N/A,N/A,N/A,N/A (Contact Clinic),General Healthcare & Rehab,N/A,N/A,N/A,"Arth Ayurvedic Health Centre, Bengaluru Urban, Bengaluru, Karnataka",https://www.google.com/maps/search/Arth%20Ayurvedic%20Health%20Centre%20Bengaluru%20Urban%20Bengaluru,OpenStreetMap Real Spatial Node
The Eye Surgical Centre,Bengaluru Urban,N/A,N/A,N/A,N/A (Contact Clinic),General Healthcare & Rehab,N/A,N/A,N/A,"The Eye Surgical Centre,  Bengaluru Urban, Bengaluru 560010",https://www.google.com/maps/search/The%20Eye%20Surgical%20Centre%20Bengaluru%20Urban%20Bengaluru,OpenStreetMap Real Spatial Node
Dr. Vageesh Aiyyar's Clinic,Bengaluru Urban,N/A,N/A,N/A,N/A (Contact Clinic),General Healthcare & Rehab,N/A,N/A,N/A,"Dr. Vageesh Aiyyar's Clinic, 9th A Main , Bengaluru",https://www.google.com/maps/search/Dr.%20Vageesh%20Aiyyar%27s%20Clinic%20Bengaluru%20Urban%20Bengaluru,OpenStreetMap Real Spatial Node
Frank Ross Pharma,Bengaluru Urban,N/A,N/A,N/A,N/A (Contact Clinic),General Healthcare & Rehab,N/A,N/A,N/A,"Frank Ross Pharma, Bengaluru Urban, Bengaluru, Karnataka",https://www.google.com/maps/search/Frank%20Ross%20Pharma%20Bengaluru%20Urban%20Bengaluru,OpenStreetMap Real Spatial Node
Tibetan Healing & Wellness Center,Bengaluru Urban,N/A,N/A,N/A,N/A (Contact Clinic),General Healthcare & Rehab,N/A,N/A,N/A,"Tibetan Healing & Wellness Center,  Ashok Nagar, Bengaluru 560 025",https://www.google.com/maps/search/Tibetan%20Healing%20%26%20Wellness%20Center%20Bengaluru%20Urban%20Bengaluru,OpenStreetMap Real Spatial Node
Omega Multispeciality Hospital,Bengaluru Urban,N/A,N/A,N/A,N/A (Contact Clinic),General Healthcare & Rehab,N/A,N/A,N/A,"Omega Multispeciality Hospital,  Bengaluru Urban, Bengaluru 560064",https://www.google.com/maps/search/Omega%20Multispeciality%20Hospital%20Bengaluru%20Urban%20Bengaluru,OpenStreetMap Real Spatial Node
NDR Hospital,Bengaluru Urban,N/A,N/A,N/A,N/A (Contact Clinic),General Healthcare & Rehab,N/A,N/A,N/A,"NDR Hospital, Bengaluru Urban, Bengaluru, Karnataka",https://www.google.com/maps/search/NDR%20Hospital%20Bengaluru%20Urban%20Bengaluru,OpenStreetMap Real Spatial Node
Health Gate Diagnostics & Multi-speciality clinic,Bengaluru Urban,N/A,N/A,N/A,N/A (Contact Clinic),General Healthcare & Rehab,N/A,N/A,N/A,"Health Gate Diagnostics & Multi-speciality clinic, AECS layout, B Block, Singasandra , Bengaluru 560068",https://www.google.com/maps/search/Health%20Gate%20Diagnostics%20%26%20Multi-speciality%20clinic%20Bengaluru%20Urban%20Bengaluru,OpenStreetMap Real Spatial Node
Udaya Clinic,Bengaluru Urban,N/A,N/A,N/A,N/A (Contact Clinic),General Healthcare & Rehab,N/A,N/A,N/A,"Udaya Clinic, Bengaluru Urban, Bengaluru, Karnataka",https://www.google.com/maps/search/Udaya%20Clinic%20Bengaluru%20Urban%20Bengaluru,OpenStreetMap Real Spatial Node
Prashanthi Ayurvedic Centre,Bengaluru Urban,N/A,N/A,N/A,N/A (Contact Clinic),General Healthcare & Rehab,N/A,N/A,N/A,"Prashanthi Ayurvedic Centre, Bengaluru Urban, Bengaluru, Karnataka",https://www.google.com/maps/search/Prashanthi%20Ayurvedic%20Centre%20Bengaluru%20Urban%20Bengaluru,OpenStreetMap Real Spatial Node
Homoeo Mart,Bengaluru Urban,N/A,N/A,N/A,N/A (Contact Clinic),General Healthcare & Rehab,N/A,N/A,N/A,"Homoeo Mart, Bengaluru Urban, Bengaluru, Karnataka",https://www.google.com/maps/search/Homoeo%20Mart%20Bengaluru%20Urban%20Bengaluru,OpenStreetMap Real Spatial Node
Imperial Diagnostic Center,Bengaluru Urban,N/A,N/A,N/A,N/A (Contact Clinic),General Healthcare & Rehab,N/A,N/A,N/A,"Imperial Diagnostic Center, Bengaluru Urban, Bengaluru, Karnataka",https://www.google.com/maps/search/Imperial%20Diagnostic%20Center%20Bengaluru%20Urban%20Bengaluru,OpenStreetMap Real Spatial Node
SLR Pharma,Bengaluru Urban,N/A,N/A,N/A,N/A (Contact Clinic),General Healthcare & Rehab,N/A,N/A,N/A,"SLR Pharma, Bengaluru Urban, Bengaluru, Karnataka",https://www.google.com/maps/search/SLR%20Pharma%20Bengaluru%20Urban%20Bengaluru,OpenStreetMap Real Spatial Node
Amrithasai Dental Clinic,Bengaluru Urban,N/A,N/A,N/A,N/A (Contact Clinic),General Healthcare & Rehab,N/A,N/A,N/A,"Amrithasai Dental Clinic, Bengaluru Urban, Bengaluru, Karnataka",https://www.google.com/maps/search/Amrithasai%20Dental%20Clinic%20Bengaluru%20Urban%20Bengaluru,OpenStreetMap Real Spatial Node
Lourdes High School,Bengaluru Urban,N/A,N/A,N/A,N/A (Contact Clinic),General Healthcare & Rehab,N/A,N/A,N/A,"Lourdes High School, Bengaluru Urban, Bengaluru, Karnataka",https://www.google.com/maps/search/Lourdes%20High%20School%20Bengaluru%20Urban%20Bengaluru,OpenStreetMap Real Spatial Node
Boregowda Lingamma Hospital,Bengaluru Urban,N/A,N/A,N/A,N/A (Contact Clinic),General Healthcare & Rehab,N/A,N/A,N/A,"Boregowda Lingamma Hospital, Bengaluru Urban, Bengaluru, Karnataka",https://www.google.com/maps/search/Boregowda%20Lingamma%20Hospital%20Bengaluru%20Urban%20Bengaluru,OpenStreetMap Real Spatial Node
Kanva Hospital,Bengaluru Urban,N/A,N/A,N/A,N/A (Contact Clinic),General Healthcare & Rehab,N/A,N/A,N/A,"Kanva Hospital, Bengaluru Urban, Bengaluru, Karnataka",https://www.google.com/maps/search/Kanva%20Hospital%20Bengaluru%20Urban%20Bengaluru,OpenStreetMap Real Spatial Node
Yogananda Multi Speciality Hospital,Bengaluru Urban,N/A,N/A,N/A,N/A (Contact Clinic),General Healthcare & Rehab,N/A,N/A,N/A,"Yogananda Multi Speciality Hospital,  Bengaluru Urban, Bengaluru 560070",https://www.google.com/maps/search/Yogananda%20Multi%20Speciality%20Hospital%20Bengaluru%20Urban%20Bengaluru,OpenStreetMap Real Spatial Node
Dr. Agrawal's Eye Hospital,Bengaluru Urban,N/A,N/A,N/A,N/A (Contact Clinic),General Healthcare & Rehab,N/A,N/A,N/A,"Dr. Agrawal's Eye Hospital,  Bengaluru Urban, Bengaluru 560004",https://www.google.com/maps/search/Dr.%20Agrawal%27s%20Eye%20Hospital%20Bengaluru%20Urban%20Bengaluru,OpenStreetMap Real Spatial Node
Aarthi Diagnostics,Bengaluru Urban,N/A,N/A,N/A,N/A (Contact Clinic),General Healthcare & Rehab,N/A,N/A,N/A,"Aarthi Diagnostics, 9th main road , Bengaluru",https://www.google.com/maps/search/Aarthi%20Diagnostics%20Bengaluru%20Urban%20Bengaluru,OpenStreetMap Real Spatial Node
Yashomathi Medicare and Research Centre Private Limited Blood Bank,Bengaluru Urban,N/A,N/A,N/A,N/A (Contact Clinic),General Healthcare & Rehab,N/A,N/A,N/A,"Yashomathi Medicare and Research Centre Private Limited Blood Bank,  BENGALURU URBAN, Bengaluru 560037",https://www.google.com/maps/search/Yashomathi%20Medicare%20and%20Research%20Centre%20Private%20Limited%20Blood%20Bank%20Bengaluru%20Urban%20Bengaluru,OpenStreetMap Real Spatial Node
Maithriye Clinic,Bengaluru Urban,N/A,N/A,N/A,N/A (Contact Clinic),General Healthcare & Rehab,N/A,N/A,N/A,"Maithriye Clinic,  Tuticorin, Bengaluru 628008",https://www.google.com/maps/search/Maithriye%20Clinic%20Bengaluru%20Urban%20Bengaluru,OpenStreetMap Real Spatial Node
Deepti Nursing Home,Bengaluru Urban,N/A,N/A,N/A,N/A (Contact Clinic),General Healthcare & Rehab,N/A,N/A,N/A,"Deepti Nursing Home,  Bengaluru Urban, Bengaluru 560030",https://www.google.com/maps/search/Deepti%20Nursing%20Home%20Bengaluru%20Urban%20Bengaluru,OpenStreetMap Real Spatial Node
"Shanthi Nursing Home, Bengaluru Urban",Bengaluru Urban,N/A,N/A,N/A,N/A (Contact Clinic),General Healthcare & Rehab,N/A,N/A,N/A,"Shanthi Nursing Home, Bengaluru Urban, 11 Main Road Bengaluru Urban, Bengaluru 560011",https://www.google.com/maps/search/Shanthi%20Nursing%20Home%2C%20Bengaluru%20Urban%20Bengaluru%20Urban%20Bengaluru,OpenStreetMap Real Spatial Node
J B S Nursing Home,Bengaluru Urban,N/A,N/A,N/A,N/A (Contact Clinic),General Healthcare & Rehab,N/A,N/A,N/A,"J B S Nursing Home,  Bengaluru Rural, Bengaluru 560082",https://www.google.com/maps/search/J%20B%20S%20Nursing%20Home%20Bengaluru%20Urban%20Bengaluru,OpenStreetMap Real Spatial Node
Ashok Hospital,Bengaluru Urban,N/A,N/A,N/A,N/A (Contact Clinic),General Healthcare & Rehab,N/A,N/A,N/A,"Ashok Hospital,  Bengaluru Urban, Bengaluru 560079",https://www.google.com/maps/search/Ashok%20Hospital%20Bengaluru%20Urban%20Bengaluru,OpenStreetMap Real Spatial Node
"Kumar Nursing Home, Bengaluru Rural",Bengaluru Urban,N/A,N/A,N/A,N/A (Contact Clinic),General Healthcare & Rehab,N/A,N/A,N/A,"Kumar Nursing Home, Bengaluru Rural,  Bengaluru Rural, Bengaluru 562135",https://www.google.com/maps/search/Kumar%20Nursing%20Home%2C%20Bengaluru%20Rural%20Bengaluru%20Urban%20Bengaluru,OpenStreetMap Real Spatial Node
"Ravi Nursing Home, Bengaluru Rural",Bengaluru Urban,N/A,N/A,N/A,N/A (Contact Clinic),General Healthcare & Rehab,N/A,N/A,N/A,"Ravi Nursing Home, Bengaluru Rural,  Bengaluru Rural, Bengaluru 562123",https://www.google.com/maps/search/Ravi%20Nursing%20Home%2C%20Bengaluru%20Rural%20Bengaluru%20Urban%20Bengaluru,OpenStreetMap Real Spatial Node
"South City Hospital, Bengaluru Urban",Bengaluru Urban,N/A,N/A,N/A,N/A (Contact Clinic),General Healthcare & Rehab,N/A,N/A,N/A,"South City Hospital, Bengaluru Urban,  Bengaluru Urban, Bengaluru 560004",https://www.google.com/maps/search/South%20City%20Hospital%2C%20Bengaluru%20Urban%20Bengaluru%20Urban%20Bengaluru,OpenStreetMap Real Spatial Node
Curad My Center For Diabetes,Bengaluru Urban,N/A,N/A,N/A,N/A (Contact Clinic),General Healthcare & Rehab,N/A,N/A,N/A,"Curad My Center For Diabetes,  Bengaluru Urban, Bengaluru 560003",https://www.google.com/maps/search/Curad%20My%20Center%20For%20Diabetes%20Bengaluru%20Urban%20Bengaluru,OpenStreetMap Real Spatial Node
M S Ramaiah Harsha Hospital,Bengaluru Urban,N/A,N/A,N/A,N/A (Contact Clinic),General Healthcare & Rehab,N/A,N/A,N/A,"M S Ramaiah Harsha Hospital,  Bengaluru Rural, Bengaluru 562123",https://www.google.com/maps/search/M%20S%20Ramaiah%20Harsha%20Hospital%20Bengaluru%20Urban%20Bengaluru,OpenStreetMap Real Spatial Node
Kids Care Health Centre,Bengaluru Urban,N/A,N/A,N/A,N/A (Contact Clinic),General Healthcare & Rehab,N/A,N/A,N/A,"Kids Care Health Centre,  Bengaluru Urban, Bengaluru 560032",https://www.google.com/maps/search/Kids%20Care%20Health%20Centre%20Bengaluru%20Urban%20Bengaluru,OpenStreetMap Real Spatial Node
"Srinivasa Nursing Home, Bengaluru Urban",Bengaluru Urban,N/A,N/A,N/A,N/A (Contact Clinic),General Healthcare & Rehab,N/A,N/A,N/A,"Srinivasa Nursing Home, Bengaluru Urban,  Bengaluru Urban, Bengaluru 560058",https://www.google.com/maps/search/Srinivasa%20Nursing%20Home%2C%20Bengaluru%20Urban%20Bengaluru%20Urban%20Bengaluru,OpenStreetMap Real Spatial Node
Karthik Nethralaya,Bengaluru Urban,N/A,N/A,N/A,N/A (Contact Clinic),General Healthcare & Rehab,N/A,N/A,N/A,"Karthik Nethralaya,  Bengaluru Urban, Bengaluru 560050",https://www.google.com/maps/search/Karthik%20Nethralaya%20Bengaluru%20Urban%20Bengaluru,OpenStreetMap Real Spatial Node
Amma Poly Clinic and Materinity Home,Bengaluru Urban,N/A,N/A,N/A,N/A (Contact Clinic),General Healthcare & Rehab,N/A,N/A,N/A,"Amma Poly Clinic and Materinity Home,  Bengaluru Urban, Bengaluru 560016",https://www.google.com/maps/search/Amma%20Poly%20Clinic%20and%20Materinity%20Home%20Bengaluru%20Urban%20Bengaluru,OpenStreetMap Real Spatial Node
Aditya Netralaya,Bengaluru Urban,N/A,N/A,N/A,N/A (Contact Clinic),General Healthcare & Rehab,N/A,N/A,N/A,"Aditya Netralaya,  Bengaluru Urban, Bengaluru 560085",https://www.google.com/maps/search/Aditya%20Netralaya%20Bengaluru%20Urban%20Bengaluru,OpenStreetMap Real Spatial Node
"Akshaya Nethralaya, Nagarabhavi Circle",Bengaluru Urban,N/A,N/A,N/A,N/A (Contact Clinic),General Healthcare & Rehab,N/A,N/A,N/A,"Akshaya Nethralaya, Nagarabhavi Circle,  Bengaluru Urban, Bengaluru 560072",https://www.google.com/maps/search/Akshaya%20Nethralaya%2C%20Nagarabhavi%20Circle%20Bengaluru%20Urban%20Bengaluru,OpenStreetMap Real Spatial Node
"Spandana Nursing Home, Bengaluru Urban",Bengaluru Urban,N/A,N/A,N/A,N/A (Contact Clinic),General Healthcare & Rehab,N/A,N/A,N/A,"Spandana Nursing Home, Bengaluru Urban,  Bengaluru Urban, Bengaluru 560010",https://www.google.com/maps/search/Spandana%20Nursing%20Home%2C%20Bengaluru%20Urban%20Bengaluru%20Urban%20Bengaluru,OpenStreetMap Real Spatial Node
Jinka Nursing Home,Bengaluru Urban,N/A,N/A,N/A,N/A (Contact Clinic),General Healthcare & Rehab,N/A,N/A,N/A,"Jinka Nursing Home,  Bengaluru Urban, Bengaluru 560010",https://www.google.com/maps/search/Jinka%20Nursing%20Home%20Bengaluru%20Urban%20Bengaluru,OpenStreetMap Real Spatial Node
Sukruthi Eye Care Microsurgical Centre,Bengaluru Urban,N/A,N/A,N/A,N/A (Contact Clinic),General Healthcare & Rehab,N/A,N/A,N/A,"Sukruthi Eye Care Microsurgical Centre,  Bengaluru Urban, Bengaluru 560003",https://www.google.com/maps/search/Sukruthi%20Eye%20Care%20Microsurgical%20Centre%20Bengaluru%20Urban%20Bengaluru,OpenStreetMap Real Spatial Node
Indira Eye Clinic,Bengaluru Urban,N/A,N/A,N/A,N/A (Contact Clinic),General Healthcare & Rehab,N/A,N/A,N/A,"Indira Eye Clinic,  Bengaluru Urban, Bengaluru 560003",https://www.google.com/maps/search/Indira%20Eye%20Clinic%20Bengaluru%20Urban%20Bengaluru,OpenStreetMap Real Spatial Node
Shaker Nursing Home,Bengaluru Urban,N/A,N/A,N/A,N/A (Contact Clinic),General Healthcare & Rehab,N/A,N/A,N/A,"Shaker Nursing Home,  Bengaluru Urban, Bengaluru 560003",https://www.google.com/maps/search/Shaker%20Nursing%20Home%20Bengaluru%20Urban%20Bengaluru,OpenStreetMap Real Spatial Node
Chhaya Nursing Home,Bengaluru Urban,N/A,N/A,N/A,N/A (Contact Clinic),General Healthcare & Rehab,N/A,N/A,N/A,"Chhaya Nursing Home,  Bengaluru Urban, Bengaluru 560055",https://www.google.com/maps/search/Chhaya%20Nursing%20Home%20Bengaluru%20Urban%20Bengaluru,OpenStreetMap Real Spatial Node
Supra South City Hospital,Bengaluru Urban,N/A,N/A,N/A,N/A (Contact Clinic),General Healthcare & Rehab,N/A,N/A,N/A,"Supra South City Hospital,  Bengaluru Urban, Bengaluru 560078",https://www.google.com/maps/search/Supra%20South%20City%20Hospital%20Bengaluru%20Urban%20Bengaluru,OpenStreetMap Real Spatial Node
Bangalore Piles Clinic,Bengaluru Urban,N/A,N/A,N/A,N/A (Contact Clinic),General Healthcare & Rehab,N/A,N/A,N/A,"Bangalore Piles Clinic,  Bengaluru Urban, Bengaluru 560051",https://www.google.com/maps/search/Bangalore%20Piles%20Clinic%20Bengaluru%20Urban%20Bengaluru,OpenStreetMap Real Spatial Node
Kempanna Nursing Home,Bengaluru Urban,N/A,N/A,N/A,N/A (Contact Clinic),General Healthcare & Rehab,N/A,N/A,N/A,"Kempanna Nursing Home,  Bengaluru Rural, Bengaluru 562114",https://www.google.com/maps/search/Kempanna%20Nursing%20Home%20Bengaluru%20Urban%20Bengaluru,OpenStreetMap Real Spatial Node
Sankalpa Nursing Home,Bengaluru Urban,N/A,N/A,N/A,N/A (Contact Clinic),General Healthcare & Rehab,N/A,N/A,N/A,"Sankalpa Nursing Home,  Bengaluru Urban, Bengaluru 560030",https://www.google.com/maps/search/Sankalpa%20Nursing%20Home%20Bengaluru%20Urban%20Bengaluru,OpenStreetMap Real Spatial Node
Sri Krishna Hospital,Bengaluru Urban,N/A,N/A,N/A,N/A (Contact Clinic),General Healthcare & Rehab,N/A,N/A,N/A,"Sri Krishna Hospital,  Bengaluru Urban, Bengaluru 560070",https://www.google.com/maps/search/Sri%20Krishna%20Hospital%20Bengaluru%20Urban%20Bengaluru,OpenStreetMap Real Spatial Node
Malleswaram Eye Day Care Hospital - Bengalore,Bengaluru Urban,N/A,N/A,N/A,N/A (Contact Clinic),General Healthcare & Rehab,N/A,N/A,N/A,"Malleswaram Eye Day Care Hospital - Bengalore,  Bengaluru Urban, Bengaluru 560003",https://www.google.com/maps/search/Malleswaram%20Eye%20Day%20Care%20Hospital%20-%20Bengalore%20Bengaluru%20Urban%20Bengaluru,OpenStreetMap Real Spatial Node
Mahaveer Eye Hospital Private Limited,Bengaluru Urban,N/A,N/A,N/A,N/A (Contact Clinic),General Healthcare & Rehab,N/A,N/A,N/A,"Mahaveer Eye Hospital Private Limited,  Bengaluru Urban, Bengaluru 560020",https://www.google.com/maps/search/Mahaveer%20Eye%20Hospital%20Private%20Limited%20Bengaluru%20Urban%20Bengaluru,OpenStreetMap Real Spatial Node
"Jayashree Nursing Home, Bengaluru Urban",Bengaluru Urban,N/A,N/A,N/A,N/A (Contact Clinic),General Healthcare & Rehab,N/A,N/A,N/A,"Jayashree Nursing Home, Bengaluru Urban,  Bengaluru Urban, Bengaluru 560020",https://www.google.com/maps/search/Jayashree%20Nursing%20Home%2C%20Bengaluru%20Urban%20Bengaluru%20Urban%20Bengaluru,OpenStreetMap Real Spatial Node
Dr Agarwals Eye Hospital Ltd,Bengaluru Urban,N/A,N/A,N/A,N/A (Contact Clinic),General Healthcare & Rehab,N/A,N/A,N/A,"Dr Agarwals Eye Hospital Ltd,  Bengaluru Urban, Bengaluru 560076",https://www.google.com/maps/search/Dr%20Agarwals%20Eye%20Hospital%20Ltd%20Bengaluru%20Urban%20Bengaluru,OpenStreetMap Real Spatial Node
C.S. Hospital,Bengaluru Urban,N/A,N/A,N/A,N/A (Contact Clinic),General Healthcare & Rehab,N/A,N/A,N/A,"C.S. Hospital,  Bengaluru Urban, Bengaluru 560063",https://www.google.com/maps/search/C.S.%20Hospital%20Bengaluru%20Urban%20Bengaluru,OpenStreetMap Real Spatial Node
Sri Kalabyraveshwara Swamy Ayurvedic Medical College hospital,Bengaluru Urban,N/A,N/A,N/A,N/A (Contact Clinic),General Healthcare & Rehab,N/A,N/A,N/A,"Sri Kalabyraveshwara Swamy Ayurvedic Medical College hospital,  Bengaluru Urban, Bengaluru 560104",https://www.google.com/maps/search/Sri%20Kalabyraveshwara%20Swamy%20Ayurvedic%20Medical%20College%20hospital%20Bengaluru%20Urban%20Bengaluru,OpenStreetMap Real Spatial Node
Anugraha Nursing Home,Bengaluru Urban,N/A,N/A,N/A,N/A (Contact Clinic),General Healthcare & Rehab,N/A,N/A,N/A,"Anugraha Nursing Home,  Bengaluru Urban, Bengaluru 560003",https://www.google.com/maps/search/Anugraha%20Nursing%20Home%20Bengaluru%20Urban%20Bengaluru,OpenStreetMap Real Spatial Node
Jubilee Nursing Home,Bengaluru Urban,N/A,N/A,N/A,N/A (Contact Clinic),General Healthcare & Rehab,N/A,N/A,N/A,"Jubilee Nursing Home,  Bengaluru Urban, Bengaluru 560018",https://www.google.com/maps/search/Jubilee%20Nursing%20Home%20Bengaluru%20Urban%20Bengaluru,OpenStreetMap Real Spatial Node
Medikeris Superspecaility Ent Centre,Bengaluru Urban,N/A,N/A,N/A,N/A (Contact Clinic),General Healthcare & Rehab,N/A,N/A,N/A,"Medikeris Superspecaility Ent Centre,  Bengaluru Urban, Bengaluru 560004",https://www.google.com/maps/search/Medikeris%20Superspecaility%20Ent%20Centre%20Bengaluru%20Urban%20Bengaluru,OpenStreetMap Real Spatial Node
Bangalore Nethralaya,Bengaluru Urban,N/A,N/A,N/A,N/A (Contact Clinic),General Healthcare & Rehab,N/A,N/A,N/A,"Bangalore Nethralaya,  Bengaluru Urban, Bengaluru 560070",https://www.google.com/maps/search/Bangalore%20Nethralaya%20Bengaluru%20Urban%20Bengaluru,OpenStreetMap Real Spatial Node
Ojus Healthcare (Nirmaya Clinic),Bengaluru Urban,N/A,N/A,N/A,N/A (Contact Clinic),General Healthcare & Rehab,N/A,N/A,N/A,"Ojus Healthcare (Nirmaya Clinic),  Bengaluru Urban, Bengaluru 560037",https://www.google.com/maps/search/Ojus%20Healthcare%20%28Nirmaya%20Clinic%29%20Bengaluru%20Urban%20Bengaluru,OpenStreetMap Real Spatial Node
K C Raju Multi Speciality Hospital,Bengaluru Urban,N/A,N/A,N/A,N/A (Contact Clinic),General Healthcare & Rehab,N/A,N/A,N/A,"K C Raju Multi Speciality Hospital,  Bengaluru Urban, Bengaluru 560043",https://www.google.com/maps/search/K%20C%20Raju%20Multi%20Speciality%20Hospital%20Bengaluru%20Urban%20Bengaluru,OpenStreetMap Real Spatial Node
"Vasan Eye Care Hospital, Bannergatta Road",Bengaluru Urban,N/A,N/A,N/A,N/A (Contact Clinic),General Healthcare & Rehab,N/A,N/A,N/A,"Vasan Eye Care Hospital, Bannergatta Road,  Bengaluru Urban, Bengaluru 560076",https://www.google.com/maps/search/Vasan%20Eye%20Care%20Hospital%2C%20Bannergatta%20Road%20Bengaluru%20Urban%20Bengaluru,OpenStreetMap Real Spatial Node
F.M. Eye Clinic and Surgical Centre,Bengaluru Urban,N/A,N/A,N/A,N/A (Contact Clinic),General Healthcare & Rehab,N/A,N/A,N/A,"F.M. Eye Clinic and Surgical Centre,  Bengaluru Urban, Bengaluru 560005",https://www.google.com/maps/search/F.M.%20Eye%20Clinic%20and%20Surgical%20Centre%20Bengaluru%20Urban%20Bengaluru,OpenStreetMap Real Spatial Node
Sankalp Netralaya and Polyclinic,Bengaluru Urban,N/A,N/A,N/A,N/A (Contact Clinic),General Healthcare & Rehab,N/A,N/A,N/A,"Sankalp Netralaya and Polyclinic,  Bengaluru Urban, Bengaluru 560102",https://www.google.com/maps/search/Sankalp%20Netralaya%20and%20Polyclinic%20Bengaluru%20Urban%20Bengaluru,OpenStreetMap Real Spatial Node
Mathrushree Nethralaya,Bengaluru Urban,N/A,N/A,N/A,N/A (Contact Clinic),General Healthcare & Rehab,N/A,N/A,N/A,"Mathrushree Nethralaya,  Bengaluru Urban, Bengaluru 560056",https://www.google.com/maps/search/Mathrushree%20Nethralaya%20Bengaluru%20Urban%20Bengaluru,OpenStreetMap Real Spatial Node
CGHS Dispensary No.9,Bengaluru Urban,N/A,N/A,N/A,N/A (Contact Clinic),General Healthcare & Rehab,N/A,N/A,N/A,"CGHS Dispensary No.9,  Bengaluru Urban, Bengaluru",https://www.google.com/maps/search/CGHS%20Dispensary%20No.9%20Bengaluru%20Urban%20Bengaluru,OpenStreetMap Real Spatial Node
CGHS Dispensary No.6,Bengaluru Urban,N/A,N/A,N/A,N/A (Contact Clinic),General Healthcare & Rehab,N/A,N/A,N/A,"CGHS Dispensary No.6,  Bengaluru Urban, Bengaluru 560011",https://www.google.com/maps/search/CGHS%20Dispensary%20No.6%20Bengaluru%20Urban%20Bengaluru,OpenStreetMap Real Spatial Node
CGHS Dispensary No.5,Bengaluru Urban,N/A,N/A,N/A,N/A (Contact Clinic),General Healthcare & Rehab,N/A,N/A,N/A,"CGHS Dispensary No.5,  Bengaluru Urban, Bengaluru 560040",https://www.google.com/maps/search/CGHS%20Dispensary%20No.5%20Bengaluru%20Urban%20Bengaluru,OpenStreetMap Real Spatial Node
CGHS Dispensary No.4,Bengaluru Urban,N/A,N/A,N/A,N/A (Contact Clinic),General Healthcare & Rehab,N/A,N/A,N/A,"CGHS Dispensary No.4,  Bengaluru Urban, Bengaluru 560004",https://www.google.com/maps/search/CGHS%20Dispensary%20No.4%20Bengaluru%20Urban%20Bengaluru,OpenStreetMap Real Spatial Node
"Sharada Hospital, Bengaluru Rural",Bengaluru Urban,N/A,N/A,N/A,N/A (Contact Clinic),General Healthcare & Rehab,N/A,N/A,N/A,"Sharada Hospital, Bengaluru Rural,  Bengaluru Rural, Bengaluru 562123",https://www.google.com/maps/search/Sharada%20Hospital%2C%20Bengaluru%20Rural%20Bengaluru%20Urban%20Bengaluru,OpenStreetMap Real Spatial Node
Shantha Nethralaya,Bengaluru Urban,N/A,N/A,N/A,N/A (Contact Clinic),General Healthcare & Rehab,N/A,N/A,N/A,"Shantha Nethralaya,  Bengaluru Urban, Bengaluru 560027",https://www.google.com/maps/search/Shantha%20Nethralaya%20Bengaluru%20Urban%20Bengaluru,OpenStreetMap Real Spatial Node
"Shanmuga Nursing Home, Bengaluru Urban",Bengaluru Urban,N/A,N/A,N/A,N/A (Contact Clinic),General Healthcare & Rehab,N/A,N/A,N/A,"Shanmuga Nursing Home, Bengaluru Urban,  Bengaluru Urban, Bengaluru 560032",https://www.google.com/maps/search/Shanmuga%20Nursing%20Home%2C%20Bengaluru%20Urban%20Bengaluru%20Urban%20Bengaluru,OpenStreetMap Real Spatial Node
Shankar Nursing Home and Diagnostic Labratory,Bengaluru Urban,N/A,N/A,N/A,N/A (Contact Clinic),General Healthcare & Rehab,N/A,N/A,N/A,"Shankar Nursing Home and Diagnostic Labratory,  Bengaluru Urban, Bengaluru 560034",https://www.google.com/maps/search/Shankar%20Nursing%20Home%20and%20Diagnostic%20Labratory%20Bengaluru%20Urban%20Bengaluru,OpenStreetMap Real Spatial Node
"Vasan Eye Care Hospital, Sarakki",Bengaluru Urban,N/A,N/A,N/A,N/A (Contact Clinic),General Healthcare & Rehab,N/A,N/A,N/A,"Vasan Eye Care Hospital, Sarakki,  Bengaluru Urban, Bengaluru 560078",https://www.google.com/maps/search/Vasan%20Eye%20Care%20Hospital%2C%20Sarakki%20Bengaluru%20Urban%20Bengaluru,OpenStreetMap Real Spatial Node
Dewans Maternity and Nursing Home,Bengaluru Urban,N/A,N/A,N/A,N/A (Contact Clinic),General Healthcare & Rehab,N/A,N/A,N/A,"Dewans Maternity and Nursing Home,  Bengaluru Urban, Bengaluru 560033",https://www.google.com/maps/search/Dewans%20Maternity%20and%20Nursing%20Home%20Bengaluru%20Urban%20Bengaluru,OpenStreetMap Real Spatial Node
Sunayana Eye Hospital,Bengaluru Urban,N/A,N/A,N/A,N/A (Contact Clinic),General Healthcare & Rehab,N/A,N/A,N/A,"Sunayana Eye Hospital,  Bengaluru Urban, Bengaluru 560041",https://www.google.com/maps/search/Sunayana%20Eye%20Hospital%20Bengaluru%20Urban%20Bengaluru,OpenStreetMap Real Spatial Node
Mirlay Eye Care,Bengaluru Urban,N/A,N/A,N/A,N/A (Contact Clinic),General Healthcare & Rehab,N/A,N/A,N/A,"Mirlay Eye Care,  Bengaluru Urban, Bengaluru 560005",https://www.google.com/maps/search/Mirlay%20Eye%20Care%20Bengaluru%20Urban%20Bengaluru,OpenStreetMap Real Spatial Node
Ragavs Diagnostic and Research Centre Pvt Ltd,Bengaluru Urban,N/A,N/A,N/A,N/A (Contact Clinic),General Healthcare & Rehab,N/A,N/A,N/A,"Ragavs Diagnostic and Research Centre Pvt Ltd,  Bengaluru Urban, Bengaluru 560011",https://www.google.com/maps/search/Ragavs%20Diagnostic%20and%20Research%20Centre%20Pvt%20Ltd%20Bengaluru%20Urban%20Bengaluru,OpenStreetMap Real Spatial Node
Amar Nursing Home,Bengaluru Urban,N/A,N/A,N/A,N/A (Contact Clinic),General Healthcare & Rehab,N/A,N/A,N/A,"Amar Nursing Home,  Bengaluru Urban, Bengaluru 560018",https://www.google.com/maps/search/Amar%20Nursing%20Home%20Bengaluru%20Urban%20Bengaluru,OpenStreetMap Real Spatial Node
N.R. Amar Nursing Home,Bengaluru Urban,N/A,N/A,N/A,N/A (Contact Clinic),General Healthcare & Rehab,N/A,N/A,N/A,"N.R. Amar Nursing Home,  Bengaluru Urban, Bengaluru 560011",https://www.google.com/maps/search/N.R.%20Amar%20Nursing%20Home%20Bengaluru%20Urban%20Bengaluru,OpenStreetMap Real Spatial Node
Bharathi Nursing Home,Bengaluru Urban,N/A,N/A,N/A,N/A (Contact Clinic),General Healthcare & Rehab,N/A,N/A,N/A,"Bharathi Nursing Home,  Bengaluru Urban, Bengaluru 560004",https://www.google.com/maps/search/Bharathi%20Nursing%20Home%20Bengaluru%20Urban%20Bengaluru,OpenStreetMap Real Spatial Node
Dr Kamini Rao Hospital(A Unit Of Bacc Health Care Pvt Ltd),Bengaluru Urban,N/A,N/A,N/A,N/A (Contact Clinic),General Healthcare & Rehab,N/A,N/A,N/A,"Dr Kamini Rao Hospital(A Unit Of Bacc Health Care Pvt Ltd),  Bengaluru Urban, Bengaluru 560041",https://www.google.com/maps/search/Dr%20Kamini%20Rao%20Hospital%28A%20Unit%20Of%20Bacc%20Health%20Care%20Pvt%20Ltd%29%20Bengaluru%20Urban%20Bengaluru,OpenStreetMap Real Spatial Node
Saraswathi Poly Clinic,Bengaluru Urban,N/A,N/A,N/A,N/A (Contact Clinic),General Healthcare & Rehab,N/A,N/A,N/A,"Saraswathi Poly Clinic,  Bengaluru Urban, Bengaluru 560064",https://www.google.com/maps/search/Saraswathi%20Poly%20Clinic%20Bengaluru%20Urban%20Bengaluru,OpenStreetMap Real Spatial Node
Venkatagiri Nursing Home,Bengaluru Urban,N/A,N/A,N/A,N/A (Contact Clinic),General Healthcare & Rehab,N/A,N/A,N/A,"Venkatagiri Nursing Home,  Bengaluru Urban, Bengaluru 560011",https://www.google.com/maps/search/Venkatagiri%20Nursing%20Home%20Bengaluru%20Urban%20Bengaluru,OpenStreetMap Real Spatial Node
Ramamni Nursing And Maternity,Bengaluru Urban,N/A,N/A,N/A,N/A (Contact Clinic),General Healthcare & Rehab,N/A,N/A,N/A,"Ramamni Nursing And Maternity,  Bengaluru Urban, Bengaluru 560010",https://www.google.com/maps/search/Ramamni%20Nursing%20And%20Maternity%20Bengaluru%20Urban%20Bengaluru,OpenStreetMap Real Spatial Node
The Apollo Clinic For Health Check Up,Bengaluru Urban,N/A,N/A,N/A,N/A (Contact Clinic),General Healthcare & Rehab,N/A,N/A,N/A,"The Apollo Clinic For Health Check Up,  Bengaluru Urban, Bengaluru 560078",https://www.google.com/maps/search/The%20Apollo%20Clinic%20For%20Health%20Check%20Up%20Bengaluru%20Urban%20Bengaluru,OpenStreetMap Real Spatial Node
Pratham Ent and Child Care Centre,Bengaluru Urban,N/A,N/A,N/A,N/A (Contact Clinic),General Healthcare & Rehab,N/A,N/A,N/A,"Pratham Ent and Child Care Centre,  Bengaluru Urban, Bengaluru 560033",https://www.google.com/maps/search/Pratham%20Ent%20and%20Child%20Care%20Centre%20Bengaluru%20Urban%20Bengaluru,OpenStreetMap Real Spatial Node
"Supriya Hospital, Bengaluru Urban",Bengaluru Urban,N/A,N/A,N/A,N/A (Contact Clinic),General Healthcare & Rehab,N/A,N/A,N/A,"Supriya Hospital, Bengaluru Urban,  Bengaluru Urban, Bengaluru 560021",https://www.google.com/maps/search/Supriya%20Hospital%2C%20Bengaluru%20Urban%20Bengaluru%20Urban%20Bengaluru,OpenStreetMap Real Spatial Node
"Kamala Nursing Home, Bengaluru Urban",Bengaluru Urban,N/A,N/A,N/A,N/A (Contact Clinic),General Healthcare & Rehab,N/A,N/A,N/A,"Kamala Nursing Home, Bengaluru Urban,  Bengaluru Urban, Bengaluru 560019",https://www.google.com/maps/search/Kamala%20Nursing%20Home%2C%20Bengaluru%20Urban%20Bengaluru%20Urban%20Bengaluru,OpenStreetMap Real Spatial Node
Amrik Nethralaya,Bengaluru Urban,N/A,N/A,N/A,N/A (Contact Clinic),General Healthcare & Rehab,N/A,N/A,N/A,"Amrik Nethralaya,  Bengaluru Urban, Bengaluru 560043",https://www.google.com/maps/search/Amrik%20Nethralaya%20Bengaluru%20Urban%20Bengaluru,OpenStreetMap Real Spatial Node
Devi Eye Hospital,Bengaluru Urban,N/A,N/A,N/A,N/A (Contact Clinic),General Healthcare & Rehab,N/A,N/A,N/A,"Devi Eye Hospital, 18th Main Road Bengaluru Urban, Bengaluru 560095",https://www.google.com/maps/search/Devi%20Eye%20Hospital%20Bengaluru%20Urban%20Bengaluru,OpenStreetMap Real Spatial Node
Deepak Nursing Home,Bengaluru Urban,N/A,N/A,N/A,N/A (Contact Clinic),General Healthcare & Rehab,N/A,N/A,N/A,"Deepak Nursing Home,  Bengaluru Urban, Bengaluru 560057",https://www.google.com/maps/search/Deepak%20Nursing%20Home%20Bengaluru%20Urban%20Bengaluru,OpenStreetMap Real Spatial Node
"Prasad Hospital, Bengaluru Rural",Bengaluru Urban,N/A,N/A,N/A,N/A (Contact Clinic),General Healthcare & Rehab,N/A,N/A,N/A,"Prasad Hospital, Bengaluru Rural,  Bengaluru Rural, Bengaluru 562123",https://www.google.com/maps/search/Prasad%20Hospital%2C%20Bengaluru%20Rural%20Bengaluru%20Urban%20Bengaluru,OpenStreetMap Real Spatial Node
Kamala Nethralaya,Bengaluru Urban,N/A,N/A,N/A,N/A (Contact Clinic),General Healthcare & Rehab,N/A,N/A,N/A,"Kamala Nethralaya,  Bengaluru Urban, Bengaluru 560034",https://www.google.com/maps/search/Kamala%20Nethralaya%20Bengaluru%20Urban%20Bengaluru,OpenStreetMap Real Spatial Node
CGHS Dispensary No.7,Bengaluru Urban,N/A,N/A,N/A,N/A (Contact Clinic),General Healthcare & Rehab,N/A,N/A,N/A,"CGHS Dispensary No.7,  Bengaluru Urban, Bengaluru 560034",https://www.google.com/maps/search/CGHS%20Dispensary%20No.7%20Bengaluru%20Urban%20Bengaluru,OpenStreetMap Real Spatial Node
"Uma Nursing Home, Bengaluru Rural",Bengaluru Urban,N/A,N/A,N/A,N/A (Contact Clinic),General Healthcare & Rehab,N/A,N/A,N/A,"Uma Nursing Home, Bengaluru Rural,  Bengaluru Rural, Bengaluru 560068",https://www.google.com/maps/search/Uma%20Nursing%20Home%2C%20Bengaluru%20Rural%20Bengaluru%20Urban%20Bengaluru,OpenStreetMap Real Spatial Node
Faran Health Care Centre,Bengaluru Urban,N/A,N/A,N/A,N/A (Contact Clinic),General Healthcare & Rehab,N/A,N/A,N/A,"Faran Health Care Centre,  Bengaluru Urban, Bengaluru 560043",https://www.google.com/maps/search/Faran%20Health%20Care%20Centre%20Bengaluru%20Urban%20Bengaluru,OpenStreetMap Real Spatial Node
Eskay Health Care,Bengaluru Urban,N/A,N/A,N/A,N/A (Contact Clinic),General Healthcare & Rehab,N/A,N/A,N/A,"Eskay Health Care,  Bengaluru Urban, Bengaluru 560015",https://www.google.com/maps/search/Eskay%20Health%20Care%20Bengaluru%20Urban%20Bengaluru,OpenStreetMap Real Spatial Node
"Shekar Nethralaya, Bengaluru Urban",Bengaluru Urban,N/A,N/A,N/A,N/A (Contact Clinic),General Healthcare & Rehab,N/A,N/A,N/A,"Shekar Nethralaya, Bengaluru Urban,  Bengaluru Urban, Bengaluru 560078",https://www.google.com/maps/search/Shekar%20Nethralaya%2C%20Bengaluru%20Urban%20Bengaluru%20Urban%20Bengaluru,OpenStreetMap Real Spatial Node
Bhagavan Mahaveer Jain Nethralaya,Bengaluru Urban,N/A,N/A,N/A,N/A (Contact Clinic),General Healthcare & Rehab,N/A,N/A,N/A,"Bhagavan Mahaveer Jain Nethralaya,  Bengaluru Urban, Bengaluru",https://www.google.com/maps/search/Bhagavan%20Mahaveer%20Jain%20Nethralaya%20Bengaluru%20Urban%20Bengaluru,OpenStreetMap Real Spatial Node
Sudhanva Health Care,Bengaluru Urban,N/A,N/A,N/A,N/A (Contact Clinic),General Healthcare & Rehab,N/A,N/A,N/A,"Sudhanva Health Care,  Bengaluru Urban, Bengaluru 560098",https://www.google.com/maps/search/Sudhanva%20Health%20Care%20Bengaluru%20Urban%20Bengaluru,OpenStreetMap Real Spatial Node
Mahesh Clinic,Bengaluru Urban,N/A,N/A,N/A,N/A (Contact Clinic),General Healthcare & Rehab,N/A,N/A,N/A,"Mahesh Clinic,  Bengaluru Urban, Bengaluru 560053",https://www.google.com/maps/search/Mahesh%20Clinic%20Bengaluru%20Urban%20Bengaluru,OpenStreetMap Real Spatial Node
"Shiva Nursing Home, Bengaluru Urban",Bengaluru Urban,N/A,N/A,N/A,N/A (Contact Clinic),General Healthcare & Rehab,N/A,N/A,N/A,"Shiva Nursing Home, Bengaluru Urban,  Bengaluru Urban, Bengaluru 560030",https://www.google.com/maps/search/Shiva%20Nursing%20Home%2C%20Bengaluru%20Urban%20Bengaluru%20Urban%20Bengaluru,OpenStreetMap Real Spatial Node
Lalbagh Nursing Home & IVF Centre,Bengaluru Urban,N/A,N/A,N/A,N/A (Contact Clinic),General Healthcare & Rehab,N/A,N/A,N/A,"Lalbagh Nursing Home & IVF Centre,  Bengaluru Urban, Bengaluru 560011",https://www.google.com/maps/search/Lalbagh%20Nursing%20Home%20%26%20IVF%20Centre%20Bengaluru%20Urban%20Bengaluru,OpenStreetMap Real Spatial Node
Bhaanu Nursing Home,Bengaluru Urban,N/A,N/A,N/A,N/A (Contact Clinic),General Healthcare & Rehab,N/A,N/A,N/A,"Bhaanu Nursing Home,  Bengaluru Rural, Bengaluru 560068",https://www.google.com/maps/search/Bhaanu%20Nursing%20Home%20Bengaluru%20Urban%20Bengaluru,OpenStreetMap Real Spatial Node
"Karthik Hospital, Bengaluru Urban",Bengaluru Urban,N/A,N/A,N/A,N/A (Contact Clinic),General Healthcare & Rehab,N/A,N/A,N/A,"Karthik Hospital, Bengaluru Urban,  Bengaluru Urban, Bengaluru 560027",https://www.google.com/maps/search/Karthik%20Hospital%2C%20Bengaluru%20Urban%20Bengaluru%20Urban%20Bengaluru,OpenStreetMap Real Spatial Node
M.G. Speciality Health Care (A Unit Of Mgmi Hospitals(India) Pvt Ltd),Bengaluru Urban,N/A,N/A,N/A,N/A (Contact Clinic),General Healthcare & Rehab,N/A,N/A,N/A,"M.G. Speciality Health Care (A Unit Of Mgmi Hospitals(India) Pvt Ltd),  Bengaluru Urban, Bengaluru 560027",https://www.google.com/maps/search/M.G.%20Speciality%20Health%20Care%20%28A%20Unit%20Of%20Mgmi%20Hospitals%28India%29%20Pvt%20Ltd%29%20Bengaluru%20Urban%20Bengaluru,OpenStreetMap Real Spatial Node
City Clinic,Bengaluru Urban,N/A,N/A,N/A,N/A (Contact Clinic),General Healthcare & Rehab,N/A,N/A,N/A,"City Clinic,  Bengaluru Rural, Bengaluru 560068",https://www.google.com/maps/search/City%20Clinic%20Bengaluru%20Urban%20Bengaluru,OpenStreetMap Real Spatial Node
Aradhana Netra Mandira,Bengaluru Urban,N/A,N/A,N/A,N/A (Contact Clinic),General Healthcare & Rehab,N/A,N/A,N/A,"Aradhana Netra Mandira,  Bengaluru Urban, Bengaluru 560054",https://www.google.com/maps/search/Aradhana%20Netra%20Mandira%20Bengaluru%20Urban%20Bengaluru,OpenStreetMap Real Spatial Node
Mathru Shree Hospital,Bengaluru Urban,N/A,N/A,N/A,N/A (Contact Clinic),General Healthcare & Rehab,N/A,N/A,N/A,"Mathru Shree Hospital,  Bengaluru Rural, Bengaluru 562123",https://www.google.com/maps/search/Mathru%20Shree%20Hospital%20Bengaluru%20Urban%20Bengaluru,OpenStreetMap Real Spatial Node
Sreenagar Nursing Home,Bengaluru Urban,N/A,N/A,N/A,N/A (Contact Clinic),General Healthcare & Rehab,N/A,N/A,N/A,"Sreenagar Nursing Home,  Bengaluru Urban, Bengaluru 560050",https://www.google.com/maps/search/Sreenagar%20Nursing%20Home%20Bengaluru%20Urban%20Bengaluru,OpenStreetMap Real Spatial Node
Prashanth Nursing Home,Bengaluru Urban,N/A,N/A,N/A,N/A (Contact Clinic),General Healthcare & Rehab,N/A,N/A,N/A,"Prashanth Nursing Home,  Bengaluru Urban, Bengaluru 560070",https://www.google.com/maps/search/Prashanth%20Nursing%20Home%20Bengaluru%20Urban%20Bengaluru,OpenStreetMap Real Spatial Node
Manipal Polyclinic and Nursing Home,Bengaluru Urban,N/A,N/A,N/A,N/A (Contact Clinic),General Healthcare & Rehab,N/A,N/A,N/A,"Manipal Polyclinic and Nursing Home,  Bengaluru Urban, Bengaluru 560016",https://www.google.com/maps/search/Manipal%20Polyclinic%20and%20Nursing%20Home%20Bengaluru%20Urban%20Bengaluru,OpenStreetMap Real Spatial Node
Mangal's Nursing Home -Bangalore,Bengaluru Urban,N/A,N/A,N/A,N/A (Contact Clinic),General Healthcare & Rehab,N/A,N/A,N/A,"Mangal's Nursing Home -Bangalore,  Bengaluru Urban, Bengaluru 560022",https://www.google.com/maps/search/Mangal%27s%20Nursing%20Home%20-Bangalore%20Bengaluru%20Urban%20Bengaluru,OpenStreetMap Real Spatial Node
Popular Hospital,Bengaluru Urban,N/A,N/A,N/A,N/A (Contact Clinic),General Healthcare & Rehab,N/A,N/A,N/A,"Popular Hospital, 3rd Cross Road Bengaluru Urban, Bengaluru 560004",https://www.google.com/maps/search/Popular%20Hospital%20Bengaluru%20Urban%20Bengaluru,OpenStreetMap Real Spatial Node
Sharada Dhanvantari Haemodialysis Centre,Bengaluru Urban,N/A,N/A,N/A,N/A (Contact Clinic),General Healthcare & Rehab,N/A,N/A,N/A,"Sharada Dhanvantari Haemodialysis Centre,  Bengaluru Urban, Bengaluru 560004",https://www.google.com/maps/search/Sharada%20Dhanvantari%20Haemodialysis%20Centre%20Bengaluru%20Urban%20Bengaluru,OpenStreetMap Real Spatial Node
"Joseph Clinic, Bengaluru Urban",Bengaluru Urban,N/A,N/A,N/A,N/A (Contact Clinic),General Healthcare & Rehab,N/A,N/A,N/A,"Joseph Clinic, Bengaluru Urban,  Bengaluru Urban, Bengaluru 560008",https://www.google.com/maps/search/Joseph%20Clinic%2C%20Bengaluru%20Urban%20Bengaluru%20Urban%20Bengaluru,OpenStreetMap Real Spatial Node
Vijayashree Hospitals,Bengaluru Urban,N/A,N/A,N/A,N/A (Contact Clinic),General Healthcare & Rehab,N/A,N/A,N/A,"Vijayashree Hospitals,  Bengaluru Urban, Bengaluru 560083",https://www.google.com/maps/search/Vijayashree%20Hospitals%20Bengaluru%20Urban%20Bengaluru,OpenStreetMap Real Spatial Node
MGA Hospital,Bengaluru Urban,N/A,N/A,N/A,N/A (Contact Clinic),General Healthcare & Rehab,N/A,N/A,N/A,"MGA Hospital,  Bengaluru Urban, Bengaluru 560037",https://www.google.com/maps/search/MGA%20Hospital%20Bengaluru%20Urban%20Bengaluru,OpenStreetMap Real Spatial Node
Kaveri Speciality Hospital,Bengaluru Urban,N/A,N/A,N/A,N/A (Contact Clinic),General Healthcare & Rehab,N/A,N/A,N/A,"Kaveri Speciality Hospital,  Bengaluru Rural, Bengaluru 560068",https://www.google.com/maps/search/Kaveri%20Speciality%20Hospital%20Bengaluru%20Urban%20Bengaluru,OpenStreetMap Real Spatial Node
Susheel Hospital,Bengaluru Urban,N/A,N/A,N/A,N/A (Contact Clinic),General Healthcare & Rehab,N/A,N/A,N/A,"Susheel Hospital,  Bengaluru Urban, Bengaluru 560040",https://www.google.com/maps/search/Susheel%20Hospital%20Bengaluru%20Urban%20Bengaluru,OpenStreetMap Real Spatial Node
"Balaji Hospital, K.H. Ranganath Colony",Bengaluru Urban,N/A,N/A,N/A,N/A (Contact Clinic),General Healthcare & Rehab,N/A,N/A,N/A,"Balaji Hospital, K.H. Ranganath Colony,  Bengaluru Urban, Bengaluru 560018",https://www.google.com/maps/search/Balaji%20Hospital%2C%20K.H.%20Ranganath%20Colony%20Bengaluru%20Urban%20Bengaluru,OpenStreetMap Real Spatial Node
Balaji Nursing Home,Bengaluru Urban,N/A,N/A,N/A,N/A (Contact Clinic),General Healthcare & Rehab,N/A,N/A,N/A,"Balaji Nursing Home,  Bengaluru Urban, Bengaluru 562125",https://www.google.com/maps/search/Balaji%20Nursing%20Home%20Bengaluru%20Urban%20Bengaluru,OpenStreetMap Real Spatial Node
Sai Jyothi Netra Seva,Bengaluru Urban,N/A,N/A,N/A,N/A (Contact Clinic),General Healthcare & Rehab,N/A,N/A,N/A,"Sai Jyothi Netra Seva,  Bengaluru Urban, Bengaluru 560042",https://www.google.com/maps/search/Sai%20Jyothi%20Netra%20Seva%20Bengaluru%20Urban%20Bengaluru,OpenStreetMap Real Spatial Node
Gunasheela Surgical and Maternity Hospital,Bengaluru Urban,N/A,N/A,N/A,N/A (Contact Clinic),General Healthcare & Rehab,N/A,N/A,N/A,"Gunasheela Surgical and Maternity Hospital,  Bengaluru Urban, Bengaluru 560004",https://www.google.com/maps/search/Gunasheela%20Surgical%20and%20Maternity%20Hospital%20Bengaluru%20Urban%20Bengaluru,OpenStreetMap Real Spatial Node
Excel Care Hospital,Bengaluru Urban,N/A,N/A,N/A,N/A (Contact Clinic),General Healthcare & Rehab,N/A,N/A,N/A,"Excel Care Hospital,  Bengaluru Urban, Bengaluru 560070",https://www.google.com/maps/search/Excel%20Care%20Hospital%20Bengaluru%20Urban%20Bengaluru,OpenStreetMap Real Spatial Node
Prema Nursing Home,Bengaluru Urban,N/A,N/A,N/A,N/A (Contact Clinic),General Healthcare & Rehab,N/A,N/A,N/A,"Prema Nursing Home,  Bengaluru Urban, Bengaluru 560070",https://www.google.com/maps/search/Prema%20Nursing%20Home%20Bengaluru%20Urban%20Bengaluru,OpenStreetMap Real Spatial Node
Bharath Nursing Home,Bengaluru Urban,N/A,N/A,N/A,N/A (Contact Clinic),General Healthcare & Rehab,N/A,N/A,N/A,"Bharath Nursing Home,  Bengaluru Urban, Bengaluru 560078",https://www.google.com/maps/search/Bharath%20Nursing%20Home%20Bengaluru%20Urban%20Bengaluru,OpenStreetMap Real Spatial Node
Parimala Speciality Hospital,Bengaluru Urban,N/A,N/A,N/A,N/A (Contact Clinic),General Healthcare & Rehab,N/A,N/A,N/A,"Parimala Speciality Hospital,  Bengaluru Urban, Bengaluru 560076",https://www.google.com/maps/search/Parimala%20Speciality%20Hospital%20Bengaluru%20Urban%20Bengaluru,OpenStreetMap Real Spatial Node
N.R. Hospital,Bengaluru Urban,N/A,N/A,N/A,N/A (Contact Clinic),General Healthcare & Rehab,N/A,N/A,N/A,"N.R. Hospital,  Bengaluru Urban, Bengaluru 562107",https://www.google.com/maps/search/N.R.%20Hospital%20Bengaluru%20Urban%20Bengaluru,OpenStreetMap Real Spatial Node
J.P.Nursing Home,Bengaluru Urban,N/A,N/A,N/A,N/A (Contact Clinic),General Healthcare & Rehab,N/A,N/A,N/A,"J.P.Nursing Home,  Bengaluru Urban, Bengaluru 560096",https://www.google.com/maps/search/J.P.Nursing%20Home%20Bengaluru%20Urban%20Bengaluru,OpenStreetMap Real Spatial Node
Akshara Eye Hospital,Bengaluru Urban,N/A,N/A,N/A,N/A (Contact Clinic),General Healthcare & Rehab,N/A,N/A,N/A,"Akshara Eye Hospital,  Bengaluru Urban, Bengaluru 560076",https://www.google.com/maps/search/Akshara%20Eye%20Hospital%20Bengaluru%20Urban%20Bengaluru,OpenStreetMap Real Spatial Node
Kakde Nursing Home,Bengaluru Urban,N/A,N/A,N/A,N/A (Contact Clinic),General Healthcare & Rehab,N/A,N/A,N/A,"Kakde Nursing Home,  Bengaluru Urban, Bengaluru 560075",https://www.google.com/maps/search/Kakde%20Nursing%20Home%20Bengaluru%20Urban%20Bengaluru,OpenStreetMap Real Spatial Node
Kareem E.N.T and Multispeciality Centre,Bengaluru Urban,N/A,N/A,N/A,N/A (Contact Clinic),General Healthcare & Rehab,N/A,N/A,N/A,"Kareem E.N.T and Multispeciality Centre,  Bengaluru Urban, Bengaluru 560029",https://www.google.com/maps/search/Kareem%20E.N.T%20and%20Multispeciality%20Centre%20Bengaluru%20Urban%20Bengaluru,OpenStreetMap Real Spatial Node
Shakthikrupa Nursing Home,Bengaluru Urban,N/A,N/A,N/A,N/A (Contact Clinic),General Healthcare & Rehab,N/A,N/A,N/A,"Shakthikrupa Nursing Home,  Bengaluru Urban, Bengaluru 560093",https://www.google.com/maps/search/Shakthikrupa%20Nursing%20Home%20Bengaluru%20Urban%20Bengaluru,OpenStreetMap Real Spatial Node
Anand Nursing Home and Lab,Bengaluru Urban,N/A,N/A,N/A,N/A (Contact Clinic),General Healthcare & Rehab,N/A,N/A,N/A,"Anand Nursing Home and Lab,  Bengaluru Rural, Bengaluru 560091",https://www.google.com/maps/search/Anand%20Nursing%20Home%20and%20Lab%20Bengaluru%20Urban%20Bengaluru,OpenStreetMap Real Spatial Node
Mediscon Nursing Home,Bengaluru Urban,N/A,N/A,N/A,N/A (Contact Clinic),General Healthcare & Rehab,N/A,N/A,N/A,"Mediscon Nursing Home,  Bengaluru Urban, Bengaluru 560045",https://www.google.com/maps/search/Mediscon%20Nursing%20Home%20Bengaluru%20Urban%20Bengaluru,OpenStreetMap Real Spatial Node
J.H.Poly Clinic,Bengaluru Urban,N/A,N/A,N/A,N/A (Contact Clinic),General Healthcare & Rehab,N/A,N/A,N/A,"J.H.Poly Clinic,  Bengaluru Urban, Bengaluru 560084",https://www.google.com/maps/search/J.H.Poly%20Clinic%20Bengaluru%20Urban%20Bengaluru,OpenStreetMap Real Spatial Node
Jayaprasad Nursing Home,Bengaluru Urban,N/A,N/A,N/A,N/A (Contact Clinic),General Healthcare & Rehab,N/A,N/A,N/A,"Jayaprasad Nursing Home,  Bengaluru Rural, Bengaluru 562123",https://www.google.com/maps/search/Jayaprasad%20Nursing%20Home%20Bengaluru%20Urban%20Bengaluru,OpenStreetMap Real Spatial Node
Joshi Nursing Home,Bengaluru Urban,N/A,N/A,N/A,N/A (Contact Clinic),General Healthcare & Rehab,N/A,N/A,N/A,"Joshi Nursing Home,  Bengaluru Urban, Bengaluru 560018",https://www.google.com/maps/search/Joshi%20Nursing%20Home%20Bengaluru%20Urban%20Bengaluru,OpenStreetMap Real Spatial Node
Jyothi Nursing and Maternity Home,Bengaluru Urban,N/A,N/A,N/A,N/A (Contact Clinic),General Healthcare & Rehab,N/A,N/A,N/A,"Jyothi Nursing and Maternity Home,  Bengaluru Urban, Bengaluru 560058",https://www.google.com/maps/search/Jyothi%20Nursing%20and%20Maternity%20Home%20Bengaluru%20Urban%20Bengaluru,OpenStreetMap Real Spatial Node
Jyothi The Lasik Vision Centre,Bengaluru Urban,N/A,N/A,N/A,N/A (Contact Clinic),General Healthcare & Rehab,N/A,N/A,N/A,"Jyothi The Lasik Vision Centre,  Bengaluru Urban, Bengaluru 560004",https://www.google.com/maps/search/Jyothi%20The%20Lasik%20Vision%20Centre%20Bengaluru%20Urban%20Bengaluru,OpenStreetMap Real Spatial Node
Kamath Nursing Home,Bengaluru Urban,N/A,N/A,N/A,N/A (Contact Clinic),General Healthcare & Rehab,N/A,N/A,N/A,"Kamath Nursing Home,  Bengaluru Urban, Bengaluru 560033",https://www.google.com/maps/search/Kamath%20Nursing%20Home%20Bengaluru%20Urban%20Bengaluru,OpenStreetMap Real Spatial Node
Sudharsana Nethralaya,Bengaluru Urban,N/A,N/A,N/A,N/A (Contact Clinic),General Healthcare & Rehab,N/A,N/A,N/A,"Sudharsana Nethralaya,  Bengaluru Urban, Bengaluru 560003",https://www.google.com/maps/search/Sudharsana%20Nethralaya%20Bengaluru%20Urban%20Bengaluru,OpenStreetMap Real Spatial Node
Abhinava Eye Hospital,Bengaluru Urban,N/A,N/A,N/A,N/A (Contact Clinic),General Healthcare & Rehab,N/A,N/A,N/A,"Abhinava Eye Hospital,  Bengaluru Urban, Bengaluru 560004",https://www.google.com/maps/search/Abhinava%20Eye%20Hospital%20Bengaluru%20Urban%20Bengaluru,OpenStreetMap Real Spatial Node
Dr Patil Fertility And Endoscopy Clinic,Bengaluru Urban,N/A,N/A,N/A,N/A (Contact Clinic),General Healthcare & Rehab,N/A,N/A,N/A,"Dr Patil Fertility And Endoscopy Clinic,  Bengaluru Urban, Bengaluru 560029",https://www.google.com/maps/search/Dr%20Patil%20Fertility%20And%20Endoscopy%20Clinic%20Bengaluru%20Urban%20Bengaluru,OpenStreetMap Real Spatial Node
A.M. Hospital,Bengaluru Urban,N/A,N/A,N/A,N/A (Contact Clinic),General Healthcare & Rehab,N/A,N/A,N/A,"A.M. Hospital,  Bengaluru Urban, Bengaluru 560040",https://www.google.com/maps/search/A.M.%20Hospital%20Bengaluru%20Urban%20Bengaluru,OpenStreetMap Real Spatial Node
Prakash Eye Clinic,Bengaluru Urban,N/A,N/A,N/A,N/A (Contact Clinic),General Healthcare & Rehab,N/A,N/A,N/A,"Prakash Eye Clinic,  Bengaluru Urban, Bengaluru 560004",https://www.google.com/maps/search/Prakash%20Eye%20Clinic%20Bengaluru%20Urban%20Bengaluru,OpenStreetMap Real Spatial Node
Kumar Nethralaya,Bengaluru Urban,N/A,N/A,N/A,N/A (Contact Clinic),General Healthcare & Rehab,N/A,N/A,N/A,"Kumar Nethralaya,  Bengaluru Urban, Bengaluru 560010",https://www.google.com/maps/search/Kumar%20Nethralaya%20Bengaluru%20Urban%20Bengaluru,OpenStreetMap Real Spatial Node
Pristine Hospital,Bengaluru Urban,N/A,N/A,N/A,N/A (Contact Clinic),General Healthcare & Rehab,N/A,N/A,N/A,"Pristine Hospital,  Bengaluru Urban, Bengaluru 560086",https://www.google.com/maps/search/Pristine%20Hospital%20Bengaluru%20Urban%20Bengaluru,OpenStreetMap Real Spatial Node
Dhruva Nursing Home And Diagnostic Centre,Bengaluru Urban,N/A,N/A,N/A,N/A (Contact Clinic),General Healthcare & Rehab,N/A,N/A,N/A,"Dhruva Nursing Home And Diagnostic Centre,  Bengaluru Urban, Bengaluru 560001",https://www.google.com/maps/search/Dhruva%20Nursing%20Home%20And%20Diagnostic%20Centre%20Bengaluru%20Urban%20Bengaluru,OpenStreetMap Real Spatial Node
Dr Zamindar's Micro Surgical Eye Centre,Bengaluru Urban,N/A,N/A,N/A,N/A (Contact Clinic),General Healthcare & Rehab,N/A,N/A,N/A,"Dr Zamindar's Micro Surgical Eye Centre,  Bengaluru Urban, Bengaluru 560033",https://www.google.com/maps/search/Dr%20Zamindar%27s%20Micro%20Surgical%20Eye%20Centre%20Bengaluru%20Urban%20Bengaluru,OpenStreetMap Real Spatial Node
Pradnya Nethralaya,Bengaluru Urban,N/A,N/A,N/A,N/A (Contact Clinic),General Healthcare & Rehab,N/A,N/A,N/A,"Pradnya Nethralaya,  Bengaluru Urban, Bengaluru 560032",https://www.google.com/maps/search/Pradnya%20Nethralaya%20Bengaluru%20Urban%20Bengaluru,OpenStreetMap Real Spatial Node
Supriya Nursing Home,Bengaluru Urban,N/A,N/A,N/A,N/A (Contact Clinic),General Healthcare & Rehab,N/A,N/A,N/A,"Supriya Nursing Home,  Bengaluru Urban, Bengaluru 560023",https://www.google.com/maps/search/Supriya%20Nursing%20Home%20Bengaluru%20Urban%20Bengaluru,OpenStreetMap Real Spatial Node
Sharada Poly Clinic,Bengaluru Urban,N/A,N/A,N/A,N/A (Contact Clinic),General Healthcare & Rehab,N/A,N/A,N/A,"Sharada Poly Clinic,  Bengaluru Urban, Bengaluru 560016",https://www.google.com/maps/search/Sharada%20Poly%20Clinic%20Bengaluru%20Urban%20Bengaluru,OpenStreetMap Real Spatial Node
Cantonment Poly Clinic And Nursing Home,Bengaluru Urban,N/A,N/A,N/A,N/A (Contact Clinic),General Healthcare & Rehab,N/A,N/A,N/A,"Cantonment Poly Clinic And Nursing Home,  Bengaluru Urban, Bengaluru 560005",https://www.google.com/maps/search/Cantonment%20Poly%20Clinic%20And%20Nursing%20Home%20Bengaluru%20Urban%20Bengaluru,OpenStreetMap Real Spatial Node
"Mamta Hospital, Bengaluru Rural",Bengaluru Urban,N/A,N/A,N/A,N/A (Contact Clinic),General Healthcare & Rehab,N/A,N/A,N/A,"Mamta Hospital, Bengaluru Rural,  Bengaluru Rural, Bengaluru 560091",https://www.google.com/maps/search/Mamta%20Hospital%2C%20Bengaluru%20Rural%20Bengaluru%20Urban%20Bengaluru,OpenStreetMap Real Spatial Node
Sri Balaji Polyclinic and Diagnostic Centr,Bengaluru Urban,N/A,N/A,N/A,N/A (Contact Clinic),General Healthcare & Rehab,N/A,N/A,N/A,"Sri Balaji Polyclinic and Diagnostic Centr,  Bengaluru Urban, Bengaluru 560016",https://www.google.com/maps/search/Sri%20Balaji%20Polyclinic%20and%20Diagnostic%20Centr%20Bengaluru%20Urban%20Bengaluru,OpenStreetMap Real Spatial Node
Institute Of Nephro Urology hospital,Bengaluru Urban,N/A,N/A,N/A,N/A (Contact Clinic),General Healthcare & Rehab,N/A,N/A,N/A,"Institute Of Nephro Urology hospital,  Bengaluru Urban, Bengaluru 560002",https://www.google.com/maps/search/Institute%20Of%20Nephro%20Urology%20hospital%20Bengaluru%20Urban%20Bengaluru,OpenStreetMap Real Spatial Node
Vignesha Ayurvedic Clinic,Bengaluru Urban,N/A,N/A,N/A,N/A (Contact Clinic),General Healthcare & Rehab,N/A,N/A,N/A,"Vignesha Ayurvedic Clinic,  Bengaluru Urban, Bengaluru 560019",https://www.google.com/maps/search/Vignesha%20Ayurvedic%20Clinic%20Bengaluru%20Urban%20Bengaluru,OpenStreetMap Real Spatial Node
"Vinay Nursing Home, Lingarajpuram",Bengaluru Urban,N/A,N/A,N/A,N/A (Contact Clinic),General Healthcare & Rehab,N/A,N/A,N/A,"Vinay Nursing Home, Lingarajpuram,  Bengaluru Urban, Bengaluru 560084",https://www.google.com/maps/search/Vinay%20Nursing%20Home%2C%20Lingarajpuram%20Bengaluru%20Urban%20Bengaluru,OpenStreetMap Real Spatial Node
Well Spring hospital,Bengaluru Urban,N/A,N/A,N/A,N/A (Contact Clinic),General Healthcare & Rehab,N/A,N/A,N/A,"Well Spring hospital,  Bengaluru Urban, Bengaluru 560095",https://www.google.com/maps/search/Well%20Spring%20hospital%20Bengaluru%20Urban%20Bengaluru,OpenStreetMap Real Spatial Node
"Punya Hospital, Bengaluru Urban",Bengaluru Urban,N/A,N/A,N/A,N/A (Contact Clinic),General Healthcare & Rehab,N/A,N/A,N/A,"Punya Hospital, Bengaluru Urban,  Bengaluru Urban, Bengaluru 560079",https://www.google.com/maps/search/Punya%20Hospital%2C%20Bengaluru%20Urban%20Bengaluru%20Urban%20Bengaluru,OpenStreetMap Real Spatial Node
Vinayaka Nethralaya,Bengaluru Urban,N/A,N/A,N/A,N/A (Contact Clinic),General Healthcare & Rehab,N/A,N/A,N/A,"Vinayaka Nethralaya,  Bengaluru Urban, Bengaluru 560076",https://www.google.com/maps/search/Vinayaka%20Nethralaya%20Bengaluru%20Urban%20Bengaluru,OpenStreetMap Real Spatial Node
Matru Nursing Home And Trauma Care Centre,Bengaluru Urban,N/A,N/A,N/A,N/A (Contact Clinic),General Healthcare & Rehab,N/A,N/A,N/A,"Matru Nursing Home And Trauma Care Centre,  Bengaluru Urban, Bengaluru 560079",https://www.google.com/maps/search/Matru%20Nursing%20Home%20And%20Trauma%20Care%20Centre%20Bengaluru%20Urban%20Bengaluru,OpenStreetMap Real Spatial Node
Hillside Hospital,Bengaluru Urban,N/A,N/A,N/A,N/A (Contact Clinic),General Healthcare & Rehab,N/A,N/A,N/A,"Hillside Hospital,  Bengaluru Urban, Bengaluru 560070",https://www.google.com/maps/search/Hillside%20Hospital%20Bengaluru%20Urban%20Bengaluru,OpenStreetMap Real Spatial Node
Sri Ranga Arogyadhama,Bengaluru Urban,N/A,N/A,N/A,N/A (Contact Clinic),General Healthcare & Rehab,N/A,N/A,N/A,"Sri Ranga Arogyadhama,  Bengaluru Urban, Bengaluru 560086",https://www.google.com/maps/search/Sri%20Ranga%20Arogyadhama%20Bengaluru%20Urban%20Bengaluru,OpenStreetMap Real Spatial Node
B.M.S. Nursing Home,Bengaluru Urban,N/A,N/A,N/A,N/A (Contact Clinic),General Healthcare & Rehab,N/A,N/A,N/A,"B.M.S. Nursing Home,  Bengaluru Urban, Bengaluru 560004",https://www.google.com/maps/search/B.M.S.%20Nursing%20Home%20Bengaluru%20Urban%20Bengaluru,OpenStreetMap Real Spatial Node
S.M.S. Nursing Home,Bengaluru Urban,N/A,N/A,N/A,N/A (Contact Clinic),General Healthcare & Rehab,N/A,N/A,N/A,"S.M.S. Nursing Home,  Bengaluru Rural, Bengaluru 560068",https://www.google.com/maps/search/S.M.S.%20Nursing%20Home%20Bengaluru%20Urban%20Bengaluru,OpenStreetMap Real Spatial Node
"Vijaya Nursing Home, Bengaluru Urban",Bengaluru Urban,N/A,N/A,N/A,N/A (Contact Clinic),General Healthcare & Rehab,N/A,N/A,N/A,"Vijaya Nursing Home, Bengaluru Urban,  Bengaluru Urban, Bengaluru 560057",https://www.google.com/maps/search/Vijaya%20Nursing%20Home%2C%20Bengaluru%20Urban%20Bengaluru%20Urban%20Bengaluru,OpenStreetMap Real Spatial Node
Sham Singh Nursing Home,Bengaluru Urban,N/A,N/A,N/A,N/A (Contact Clinic),General Healthcare & Rehab,N/A,N/A,N/A,"Sham Singh Nursing Home,  Bengaluru Urban, Bengaluru 560004",https://www.google.com/maps/search/Sham%20Singh%20Nursing%20Home%20Bengaluru%20Urban%20Bengaluru,OpenStreetMap Real Spatial Node
"Renuka Nursing Home, Bengaluru Urban",Bengaluru Urban,N/A,N/A,N/A,N/A (Contact Clinic),General Healthcare & Rehab,N/A,N/A,N/A,"Renuka Nursing Home, Bengaluru Urban,  Bengaluru Urban, Bengaluru 560058",https://www.google.com/maps/search/Renuka%20Nursing%20Home%2C%20Bengaluru%20Urban%20Bengaluru%20Urban%20Bengaluru,OpenStreetMap Real Spatial Node
Ramesh Eye Clinic and Ophthalmic Microsurgical Centre,Bengaluru Urban,N/A,N/A,N/A,N/A (Contact Clinic),General Healthcare & Rehab,N/A,N/A,N/A,"Ramesh Eye Clinic and Ophthalmic Microsurgical Centre,  Bengaluru Urban, Bengaluru 560004",https://www.google.com/maps/search/Ramesh%20Eye%20Clinic%20and%20Ophthalmic%20Microsurgical%20Centre%20Bengaluru%20Urban%20Bengaluru,OpenStreetMap Real Spatial Node
Parvathi Piles Clinic,Bengaluru Urban,N/A,N/A,N/A,N/A (Contact Clinic),General Healthcare & Rehab,N/A,N/A,N/A,"Parvathi Piles Clinic,  Bengaluru Urban, Bengaluru 560032",https://www.google.com/maps/search/Parvathi%20Piles%20Clinic%20Bengaluru%20Urban%20Bengaluru,OpenStreetMap Real Spatial Node
Sri Sai Clinic and Maternity Home,Bengaluru Urban,N/A,N/A,N/A,N/A (Contact Clinic),General Healthcare & Rehab,N/A,N/A,N/A,"Sri Sai Clinic and Maternity Home,  Bengaluru Urban, Bengaluru 560010",https://www.google.com/maps/search/Sri%20Sai%20Clinic%20and%20Maternity%20Home%20Bengaluru%20Urban%20Bengaluru,OpenStreetMap Real Spatial Node
Varna Nursing Home,Bengaluru Urban,N/A,N/A,N/A,N/A (Contact Clinic),General Healthcare & Rehab,N/A,N/A,N/A,"Varna Nursing Home,  Bengaluru Urban, Bengaluru 560050",https://www.google.com/maps/search/Varna%20Nursing%20Home%20Bengaluru%20Urban%20Bengaluru,OpenStreetMap Real Spatial Node
Adishesha Netralaya,Bengaluru Urban,N/A,N/A,N/A,N/A (Contact Clinic),General Healthcare & Rehab,N/A,N/A,N/A,"Adishesha Netralaya,  Bengaluru Rural, Bengaluru 560060",https://www.google.com/maps/search/Adishesha%20Netralaya%20Bengaluru%20Urban%20Bengaluru,OpenStreetMap Real Spatial Node
Venkateshwara Eye Clinic,Bengaluru Urban,N/A,N/A,N/A,N/A (Contact Clinic),General Healthcare & Rehab,N/A,N/A,N/A,"Venkateshwara Eye Clinic,  Bengaluru Urban, Bengaluru 560011",https://www.google.com/maps/search/Venkateshwara%20Eye%20Clinic%20Bengaluru%20Urban%20Bengaluru,OpenStreetMap Real Spatial Node
Sakaria Healthcare Pvt. Ltd.,Bengaluru Urban,N/A,N/A,N/A,N/A (Contact Clinic),General Healthcare & Rehab,N/A,N/A,N/A,"Sakaria Healthcare Pvt. Ltd.,  Bengaluru Urban, Bengaluru 560043",https://www.google.com/maps/search/Sakaria%20Healthcare%20Pvt.%20Ltd.%20Bengaluru%20Urban%20Bengaluru,OpenStreetMap Real Spatial Node
"Prasad Clinic, Vaishali",Bengaluru Urban,N/A,N/A,N/A,N/A (Contact Clinic),General Healthcare & Rehab,N/A,N/A,N/A,"Prasad Clinic, Vaishali,  Vaishali, Bengaluru 844101",https://www.google.com/maps/search/Prasad%20Clinic%2C%20Vaishali%20Bengaluru%20Urban%20Bengaluru,OpenStreetMap Real Spatial Node
Nagarjuna Ayurveda,Bengaluru Urban,N/A,N/A,N/A,N/A (Contact Clinic),General Healthcare & Rehab,N/A,N/A,N/A,"Nagarjuna Ayurveda, Bengaluru Urban, Bengaluru, Karnataka",https://www.google.com/maps/search/Nagarjuna%20Ayurveda%20Bengaluru%20Urban%20Bengaluru,OpenStreetMap Real Spatial Node
Manipal Poly Clinic And Nursing Home,Bengaluru Urban,N/A,N/A,N/A,N/A (Contact Clinic),General Healthcare & Rehab,N/A,N/A,N/A,"Manipal Poly Clinic And Nursing Home, Bus stop, 253-1, 1st Floor , Bengaluru",https://www.google.com/maps/search/Manipal%20Poly%20Clinic%20And%20Nursing%20Home%20Bengaluru%20Urban%20Bengaluru,OpenStreetMap Real Spatial Node
Health Centre,Bengaluru Urban,N/A,N/A,N/A,N/A (Contact Clinic),General Healthcare & Rehab,N/A,N/A,N/A,"Health Centre, Bengaluru Urban, Bengaluru, Karnataka",https://www.google.com/maps/search/Health%20Centre%20Bengaluru%20Urban%20Bengaluru,OpenStreetMap Real Spatial Node
Venus MultiSpeciality Hospital,Bengaluru Urban,N/A,N/A,N/A,N/A (Contact Clinic),General Healthcare & Rehab,N/A,N/A,N/A,"Venus MultiSpeciality Hospital, Bengaluru Urban, Bengaluru, Karnataka",https://www.google.com/maps/search/Venus%20MultiSpeciality%20Hospital%20Bengaluru%20Urban%20Bengaluru,OpenStreetMap Real Spatial Node
Aster Pharmacy,Bengaluru Urban,N/A,N/A,N/A,N/A (Contact Clinic),General Healthcare & Rehab,N/A,N/A,N/A,"Aster Pharmacy, Bengaluru Urban, Bengaluru, Karnataka",https://www.google.com/maps/search/Aster%20Pharmacy%20Bengaluru%20Urban%20Bengaluru,OpenStreetMap Real Spatial Node
Dietician Priyanka Khandelwal,Bengaluru Urban,N/A,N/A,N/A,N/A (Contact Clinic),General Healthcare & Rehab,N/A,N/A,N/A,"Dietician Priyanka Khandelwal, Prestige Sunrise Park Norwood , Bengaluru 560100",https://www.google.com/maps/search/Dietician%20Priyanka%20Khandelwal%20Bengaluru%20Urban%20Bengaluru,OpenStreetMap Real Spatial Node
Sri Maruthi Nethralaya,Bengaluru Urban,N/A,N/A,N/A,N/A (Contact Clinic),General Healthcare & Rehab,N/A,N/A,N/A,"Sri Maruthi Nethralaya, Bengaluru Urban, Bengaluru, Karnataka",https://www.google.com/maps/search/Sri%20Maruthi%20Nethralaya%20Bengaluru%20Urban%20Bengaluru,OpenStreetMap Real Spatial Node
Shree Clinic,Bengaluru Urban,N/A,N/A,N/A,N/A (Contact Clinic),General Healthcare & Rehab,N/A,N/A,N/A,"Shree Clinic, Bengaluru Urban, Bengaluru, Karnataka",https://www.google.com/maps/search/Shree%20Clinic%20Bengaluru%20Urban%20Bengaluru,OpenStreetMap Real Spatial Node
Milan Pharma,Bengaluru Urban,N/A,N/A,N/A,N/A (Contact Clinic),General Healthcare & Rehab,N/A,N/A,N/A,"Milan Pharma, Bengaluru Urban, Bengaluru, Karnataka",https://www.google.com/maps/search/Milan%20Pharma%20Bengaluru%20Urban%20Bengaluru,OpenStreetMap Real Spatial Node
Smiley Dental Care,Bengaluru Urban,N/A,N/A,N/A,N/A (Contact Clinic),General Healthcare & Rehab,N/A,N/A,N/A,"Smiley Dental Care, Bengaluru Urban, Bengaluru, Karnataka",https://www.google.com/maps/search/Smiley%20Dental%20Care%20Bengaluru%20Urban%20Bengaluru,OpenStreetMap Real Spatial Node
Ramakrishna Hospital,Bengaluru Urban,N/A,N/A,N/A,N/A (Contact Clinic),General Healthcare & Rehab,N/A,N/A,N/A,"Ramakrishna Hospital, Hewlett Packard Avenue , Bengaluru",https://www.google.com/maps/search/Ramakrishna%20Hospital%20Bengaluru%20Urban%20Bengaluru,OpenStreetMap Real Spatial Node
Yamluru Urban Primary Health Centre,Bengaluru Urban,N/A,N/A,N/A,N/A (Contact Clinic),General Healthcare & Rehab,N/A,N/A,N/A,"Yamluru Urban Primary Health Centre,  Bangalore, Bengaluru 560037",https://www.google.com/maps/search/Yamluru%20Urban%20Primary%20Health%20Centre%20Bengaluru%20Urban%20Bengaluru,OpenStreetMap Real Spatial Node
Vishweshwarapura PHC,Bengaluru Urban,N/A,N/A,N/A,N/A (Contact Clinic),General Healthcare & Rehab,N/A,N/A,N/A,"Vishweshwarapura PHC,  Chitradurga, Bengaluru 572161",https://www.google.com/maps/search/Vishweshwarapura%20PHC%20Bengaluru%20Urban%20Bengaluru,OpenStreetMap Real Spatial Node
"PHC, Gottigere",Bengaluru Urban,N/A,N/A,N/A,N/A (Contact Clinic),General Healthcare & Rehab,N/A,N/A,N/A,"PHC, Gottigere,  Bangalore, Bengaluru 560083",https://www.google.com/maps/search/PHC%2C%20Gottigere%20Bengaluru%20Urban%20Bengaluru,OpenStreetMap Real Spatial Node
Marsur Urban Primary Health Centre,Bengaluru Urban,N/A,N/A,N/A,N/A (Contact Clinic),General Healthcare & Rehab,N/A,N/A,N/A,"Marsur Urban Primary Health Centre,  Bangalore, Bengaluru 562106",https://www.google.com/maps/search/Marsur%20Urban%20Primary%20Health%20Centre%20Bengaluru%20Urban%20Bengaluru,OpenStreetMap Real Spatial Node
Hebbagodi Urban Primary Health Centre,Bengaluru Urban,N/A,N/A,N/A,N/A (Contact Clinic),General Healthcare & Rehab,N/A,N/A,N/A,"Hebbagodi Urban Primary Health Centre,  Bangalore, Bengaluru 560099",https://www.google.com/maps/search/Hebbagodi%20Urban%20Primary%20Health%20Centre%20Bengaluru%20Urban%20Bengaluru,OpenStreetMap Real Spatial Node
Marathalli PHC,Bengaluru Urban,N/A,N/A,N/A,N/A (Contact Clinic),General Healthcare & Rehab,N/A,N/A,N/A,"Marathalli PHC,  Bangalore, Bengaluru 560035",https://www.google.com/maps/search/Marathalli%20PHC%20Bengaluru%20Urban%20Bengaluru,OpenStreetMap Real Spatial Node
"Government Hospital, Ballur",Bengaluru Urban,N/A,N/A,N/A,N/A (Contact Clinic),General Healthcare & Rehab,N/A,N/A,N/A,"Government Hospital, Ballur,  Bangalore, Bengaluru 562107",https://www.google.com/maps/search/Government%20Hospital%2C%20Ballur%20Bengaluru%20Urban%20Bengaluru,OpenStreetMap Real Spatial Node
Uttarahalli Primary Health Centre,Bengaluru Urban,N/A,N/A,N/A,N/A (Contact Clinic),General Healthcare & Rehab,N/A,N/A,N/A,"Uttarahalli Primary Health Centre,  Bangalore, Bengaluru 560061",https://www.google.com/maps/search/Uttarahalli%20Primary%20Health%20Centre%20Bengaluru%20Urban%20Bengaluru,OpenStreetMap Real Spatial Node
Bommanahalli uphc,Bengaluru Urban,N/A,N/A,N/A,N/A (Contact Clinic),General Healthcare & Rehab,N/A,N/A,N/A,"Bommanahalli uphc,  Bangalore, Bengaluru 560068",https://www.google.com/maps/search/Bommanahalli%20uphc%20Bengaluru%20Urban%20Bengaluru,OpenStreetMap Real Spatial Node
Mahanthalingapura Urban Primary Health Centre,Bengaluru Urban,N/A,N/A,N/A,N/A (Contact Clinic),General Healthcare & Rehab,N/A,N/A,N/A,"Mahanthalingapura Urban Primary Health Centre,  Bangalore, Bengaluru 560105",https://www.google.com/maps/search/Mahanthalingapura%20Urban%20Primary%20Health%20Centre%20Bengaluru%20Urban%20Bengaluru,OpenStreetMap Real Spatial Node
Bapuji Nagar,Bengaluru Urban,N/A,N/A,N/A,N/A (Contact Clinic),General Healthcare & Rehab,N/A,N/A,N/A,"Bapuji Nagar,  Shimoga, Bengaluru 566026",https://www.google.com/maps/search/Bapuji%20Nagar%20Bengaluru%20Urban%20Bengaluru,OpenStreetMap Real Spatial Node
Dommasandra phc,Bengaluru Urban,N/A,N/A,N/A,N/A (Contact Clinic),General Healthcare & Rehab,N/A,N/A,N/A,"Dommasandra phc,  Bangalore, Bengaluru 562125",https://www.google.com/maps/search/Dommasandra%20phc%20Bengaluru%20Urban%20Bengaluru,OpenStreetMap Real Spatial Node
PHC Attibele,Bengaluru Urban,N/A,N/A,N/A,N/A (Contact Clinic),General Healthcare & Rehab,N/A,N/A,N/A,"PHC Attibele,  Bangalore, Bengaluru 562107",https://www.google.com/maps/search/PHC%20Attibele%20Bengaluru%20Urban%20Bengaluru,OpenStreetMap Real Spatial Node
"PHC, Bommanahalli",Bengaluru Urban,N/A,N/A,N/A,N/A (Contact Clinic),General Healthcare & Rehab,N/A,N/A,N/A,"PHC, Bommanahalli,  Haveri, Bengaluru 560068",https://www.google.com/maps/search/PHC%2C%20Bommanahalli%20Bengaluru%20Urban%20Bengaluru,OpenStreetMap Real Spatial Node
Muthsandra PHC,Bengaluru Urban,N/A,N/A,N/A,N/A (Contact Clinic),General Healthcare & Rehab,N/A,N/A,N/A,"Muthsandra PHC,  Bangalore Rural, Bengaluru 560087",https://www.google.com/maps/search/Muthsandra%20PHC%20Bengaluru%20Urban%20Bengaluru,OpenStreetMap Real Spatial Node
Jigani Urban Primary Health Centre,Bengaluru Urban,N/A,N/A,N/A,N/A (Contact Clinic),General Healthcare & Rehab,N/A,N/A,N/A,"Jigani Urban Primary Health Centre,  Bangalore, Bengaluru 560105",https://www.google.com/maps/search/Jigani%20Urban%20Primary%20Health%20Centre%20Bengaluru%20Urban%20Bengaluru,OpenStreetMap Real Spatial Node
Yalechenahalli Urban Primary Health Centre,Bengaluru Urban,N/A,N/A,N/A,N/A (Contact Clinic),General Healthcare & Rehab,N/A,N/A,N/A,"Yalechenahalli Urban Primary Health Centre,  Bangalore, Bengaluru 560078",https://www.google.com/maps/search/Yalechenahalli%20Urban%20Primary%20Health%20Centre%20Bengaluru%20Urban%20Bengaluru,OpenStreetMap Real Spatial Node
"PHC, Haragadde",Bengaluru Urban,N/A,N/A,N/A,N/A (Contact Clinic),General Healthcare & Rehab,N/A,N/A,N/A,"PHC, Haragadde,  Bangalore, Bengaluru 562106",https://www.google.com/maps/search/PHC%2C%20Haragadde%20Bengaluru%20Urban%20Bengaluru,OpenStreetMap Real Spatial Node
Agara uphc,Bengaluru Urban,N/A,N/A,N/A,N/A (Contact Clinic),General Healthcare & Rehab,N/A,N/A,N/A,"Agara uphc,  Bangalore, Bengaluru 560102",https://www.google.com/maps/search/Agara%20uphc%20Bengaluru%20Urban%20Bengaluru,OpenStreetMap Real Spatial Node
Kadugondanhalli CHC,Bengaluru Urban,N/A,N/A,N/A,N/A (Contact Clinic),General Healthcare & Rehab,N/A,N/A,N/A,"Kadugondanhalli CHC,  Bangalore, Bengaluru 560045",https://www.google.com/maps/search/Kadugondanhalli%20CHC%20Bengaluru%20Urban%20Bengaluru,OpenStreetMap Real Spatial Node
Kuvempunagara PHC,Bengaluru Urban,N/A,N/A,N/A,N/A (Contact Clinic),General Healthcare & Rehab,N/A,N/A,N/A,"Kuvempunagara PHC,  Bangalore, Bengaluru 560014",https://www.google.com/maps/search/Kuvempunagara%20PHC%20Bengaluru%20Urban%20Bengaluru,OpenStreetMap Real Spatial Node
Hesaraghatta Primary Health Centre,Bengaluru Urban,N/A,N/A,N/A,N/A (Contact Clinic),General Healthcare & Rehab,N/A,N/A,N/A,"Hesaraghatta Primary Health Centre,  Bangalore, Bengaluru 560088",https://www.google.com/maps/search/Hesaraghatta%20Primary%20Health%20Centre%20Bengaluru%20Urban%20Bengaluru,OpenStreetMap Real Spatial Node
PHC Bhaktarahalli,Bengaluru Urban,N/A,N/A,N/A,N/A (Contact Clinic),General Healthcare & Rehab,N/A,N/A,N/A,"PHC Bhaktarahalli,  Tumkur, Bengaluru 572120",https://www.google.com/maps/search/PHC%20Bhaktarahalli%20Bengaluru%20Urban%20Bengaluru,OpenStreetMap Real Spatial Node
CHC Avalahalli,Bengaluru Urban,N/A,N/A,N/A,N/A (Contact Clinic),General Healthcare & Rehab,N/A,N/A,N/A,"CHC Avalahalli,  Bangalore, Bengaluru 560049",https://www.google.com/maps/search/CHC%20Avalahalli%20Bengaluru%20Urban%20Bengaluru,OpenStreetMap Real Spatial Node
PHC Bettahalasuru,Bengaluru Urban,N/A,N/A,N/A,N/A (Contact Clinic),General Healthcare & Rehab,N/A,N/A,N/A,"PHC Bettahalasuru,  Bangalore, Bengaluru 560001",https://www.google.com/maps/search/PHC%20Bettahalasuru%20Bengaluru%20Urban%20Bengaluru,OpenStreetMap Real Spatial Node
Vibuthipura PHC,Bengaluru Urban,N/A,N/A,N/A,N/A (Contact Clinic),General Healthcare & Rehab,N/A,N/A,N/A,"Vibuthipura PHC,  Bangalore, Bengaluru 560037",https://www.google.com/maps/search/Vibuthipura%20PHC%20Bengaluru%20Urban%20Bengaluru,OpenStreetMap Real Spatial Node
"PHC, Chikkabanavara",Bengaluru Urban,N/A,N/A,N/A,N/A (Contact Clinic),General Healthcare & Rehab,N/A,N/A,N/A,"PHC, Chikkabanavara,  Bangalore, Bengaluru 560090",https://www.google.com/maps/search/PHC%2C%20Chikkabanavara%20Bengaluru%20Urban%20Bengaluru,OpenStreetMap Real Spatial Node
"PHC, Hasurvalli",Bengaluru Urban,N/A,N/A,N/A,N/A (Contact Clinic),General Healthcare & Rehab,N/A,N/A,N/A,"PHC, Hasurvalli,  Bangalore Rural, Bengaluru 562132",https://www.google.com/maps/search/PHC%2C%20Hasurvalli%20Bengaluru%20Urban%20Bengaluru,OpenStreetMap Real Spatial Node
Karuna Trust PHC,Bengaluru Urban,N/A,N/A,N/A,N/A (Contact Clinic),General Healthcare & Rehab,N/A,N/A,N/A,"Karuna Trust PHC,  Bangalore Rural, Bengaluru 561203",https://www.google.com/maps/search/Karuna%20Trust%20PHC%20Bengaluru%20Urban%20Bengaluru,OpenStreetMap Real Spatial Node
"PHC, Bagaluru",Bengaluru Urban,N/A,N/A,N/A,N/A (Contact Clinic),General Healthcare & Rehab,N/A,N/A,N/A,"PHC, Bagaluru,  Bangalore, Bengaluru 562149",https://www.google.com/maps/search/PHC%2C%20Bagaluru%20Bengaluru%20Urban%20Bengaluru,OpenStreetMap Real Spatial Node
Jalahalli PHC,Bengaluru Urban,N/A,N/A,N/A,N/A (Contact Clinic),General Healthcare & Rehab,N/A,N/A,N/A,"Jalahalli PHC,  Raichur, Bengaluru",https://www.google.com/maps/search/Jalahalli%20PHC%20Bengaluru%20Urban%20Bengaluru,OpenStreetMap Real Spatial Node
K Narayanapura Urban Primary Health Centre,Bengaluru Urban,N/A,N/A,N/A,N/A (Contact Clinic),General Healthcare & Rehab,N/A,N/A,N/A,"K Narayanapura Urban Primary Health Centre,  Bangalore, Bengaluru 560077",https://www.google.com/maps/search/K%20Narayanapura%20Urban%20Primary%20Health%20Centre%20Bengaluru%20Urban%20Bengaluru,OpenStreetMap Real Spatial Node
Herohalli Urban Primary Health Centre,Bengaluru Urban,N/A,N/A,N/A,N/A (Contact Clinic),General Healthcare & Rehab,N/A,N/A,N/A,"Herohalli Urban Primary Health Centre,  Bangalore, Bengaluru 560091",https://www.google.com/maps/search/Herohalli%20Urban%20Primary%20Health%20Centre%20Bengaluru%20Urban%20Bengaluru,OpenStreetMap Real Spatial Node
Urban Primary Health Centre Atturu,Bengaluru Urban,N/A,N/A,N/A,N/A (Contact Clinic),General Healthcare & Rehab,N/A,N/A,N/A,"Urban Primary Health Centre Atturu,  Bangalore, Bengaluru 560064",https://www.google.com/maps/search/Urban%20Primary%20Health%20Centre%20Atturu%20Bengaluru%20Urban%20Bengaluru,OpenStreetMap Real Spatial Node
Sondekoppa Phc,Bengaluru Urban,N/A,N/A,N/A,N/A (Contact Clinic),General Healthcare & Rehab,N/A,N/A,N/A,"Sondekoppa Phc,  Bangalore, Bengaluru 562130",https://www.google.com/maps/search/Sondekoppa%20Phc%20Bengaluru%20Urban%20Bengaluru,OpenStreetMap Real Spatial Node
Mallathahalli Urban Primary Health Centre,Bengaluru Urban,N/A,N/A,N/A,N/A (Contact Clinic),General Healthcare & Rehab,N/A,N/A,N/A,"Mallathahalli Urban Primary Health Centre,  Bangalore, Bengaluru 560056",https://www.google.com/maps/search/Mallathahalli%20Urban%20Primary%20Health%20Centre%20Bengaluru%20Urban%20Bengaluru,OpenStreetMap Real Spatial Node
Kodigehalli Urban Primary Health Centre,Bengaluru Urban,N/A,N/A,N/A,N/A (Contact Clinic),General Healthcare & Rehab,N/A,N/A,N/A,"Kodigehalli Urban Primary Health Centre,  Bangalore, Bengaluru 560091",https://www.google.com/maps/search/Kodigehalli%20Urban%20Primary%20Health%20Centre%20Bengaluru%20Urban%20Bengaluru,OpenStreetMap Real Spatial Node
M S Palya Urban Primary Health Centre,Bengaluru Urban,N/A,N/A,N/A,N/A (Contact Clinic),General Healthcare & Rehab,N/A,N/A,N/A,"M S Palya Urban Primary Health Centre,  Bangalore, Bengaluru 560091",https://www.google.com/maps/search/M%20S%20Palya%20Urban%20Primary%20Health%20Centre%20Bengaluru%20Urban%20Bengaluru,OpenStreetMap Real Spatial Node
Sahakar Nagara UPHC,Bengaluru Urban,N/A,N/A,N/A,N/A (Contact Clinic),General Healthcare & Rehab,N/A,N/A,N/A,"Sahakar Nagara UPHC,  Bangalore, Bengaluru 560097",https://www.google.com/maps/search/Sahakar%20Nagara%20UPHC%20Bengaluru%20Urban%20Bengaluru,OpenStreetMap Real Spatial Node
Sadahalli PHC,Bengaluru Urban,N/A,N/A,N/A,N/A (Contact Clinic),General Healthcare & Rehab,N/A,N/A,N/A,"Sadahalli PHC,  Bangalore Rural, Bengaluru 562110",https://www.google.com/maps/search/Sadahalli%20PHC%20Bengaluru%20Urban%20Bengaluru,OpenStreetMap Real Spatial Node
"PHC, Aradeshanahalli",Bengaluru Urban,N/A,N/A,N/A,N/A (Contact Clinic),General Healthcare & Rehab,N/A,N/A,N/A,"PHC, Aradeshanahalli,  Bangalore Rural, Bengaluru 562157",https://www.google.com/maps/search/PHC%2C%20Aradeshanahalli%20Bengaluru%20Urban%20Bengaluru,OpenStreetMap Real Spatial Node
"PHC, Dodda Tumkur",Bengaluru Urban,N/A,N/A,N/A,N/A (Contact Clinic),General Healthcare & Rehab,N/A,N/A,N/A,"PHC, Dodda Tumkur,  Bangalore Rural, Bengaluru 562157",https://www.google.com/maps/search/PHC%2C%20Dodda%20Tumkur%20Bengaluru%20Urban%20Bengaluru,OpenStreetMap Real Spatial Node
Siddapura PHC,Bengaluru Urban,N/A,N/A,N/A,N/A (Contact Clinic),General Healthcare & Rehab,N/A,N/A,N/A,"Siddapura PHC,  Bangalore, Bengaluru 560066",https://www.google.com/maps/search/Siddapura%20PHC%20Bengaluru%20Urban%20Bengaluru,OpenStreetMap Real Spatial Node
PHC Bidarahalli,Bengaluru Urban,N/A,N/A,N/A,N/A (Contact Clinic),General Healthcare & Rehab,N/A,N/A,N/A,"PHC Bidarahalli,  Bangalore, Bengaluru 560049",https://www.google.com/maps/search/PHC%20Bidarahalli%20Bengaluru%20Urban%20Bengaluru,OpenStreetMap Real Spatial Node
Chikkajala Primary Health Centre,Bengaluru Urban,N/A,N/A,N/A,N/A (Contact Clinic),General Healthcare & Rehab,N/A,N/A,N/A,"Chikkajala Primary Health Centre,  Bangalore, Bengaluru 562157",https://www.google.com/maps/search/Chikkajala%20Primary%20Health%20Centre%20Bengaluru%20Urban%20Bengaluru,OpenStreetMap Real Spatial Node
Kanasavadi PHC,Bengaluru Urban,N/A,N/A,N/A,N/A (Contact Clinic),General Healthcare & Rehab,N/A,N/A,N/A,"Kanasavadi PHC,  Bangalore Rural, Bengaluru 561203",https://www.google.com/maps/search/Kanasavadi%20PHC%20Bengaluru%20Urban%20Bengaluru,OpenStreetMap Real Spatial Node
Sonnenahalli Primary Health Centre,Bengaluru Urban,N/A,N/A,N/A,N/A (Contact Clinic),General Healthcare & Rehab,N/A,N/A,N/A,"Sonnenahalli Primary Health Centre,  Bangalore, Bengaluru 560089",https://www.google.com/maps/search/Sonnenahalli%20Primary%20Health%20Centre%20Bengaluru%20Urban%20Bengaluru,OpenStreetMap Real Spatial Node
Kadugodi Urban Primary Health Centre,Bengaluru Urban,N/A,N/A,N/A,N/A (Contact Clinic),General Healthcare & Rehab,N/A,N/A,N/A,"Kadugodi Urban Primary Health Centre,  Bangalore, Bengaluru 560067",https://www.google.com/maps/search/Kadugodi%20Urban%20Primary%20Health%20Centre%20Bengaluru%20Urban%20Bengaluru,OpenStreetMap Real Spatial Node
"PHC, Channarayapatana",Bengaluru Urban,N/A,N/A,N/A,N/A (Contact Clinic),General Healthcare & Rehab,N/A,N/A,N/A,"PHC, Channarayapatana,  Bangalore Rural, Bengaluru 562135",https://www.google.com/maps/search/PHC%2C%20Channarayapatana%20Bengaluru%20Urban%20Bengaluru,OpenStreetMap Real Spatial Node
Maithri Nursing Home and Diagnostic centre,Bengaluru Urban,N/A,N/A,N/A,N/A (Contact Clinic),General Healthcare & Rehab,N/A,N/A,N/A,"Maithri Nursing Home and Diagnostic centre,  Bengaluru Urban, Bengaluru 560036",https://www.google.com/maps/search/Maithri%20Nursing%20Home%20and%20Diagnostic%20centre%20Bengaluru%20Urban%20Bengaluru,OpenStreetMap Real Spatial Node
"Sri Ram Nursing Home, Bengaluru Urban",Bengaluru Urban,N/A,N/A,N/A,N/A (Contact Clinic),General Healthcare & Rehab,N/A,N/A,N/A,"Sri Ram Nursing Home, Bengaluru Urban,  Bengaluru Urban, Bengaluru 560050",https://www.google.com/maps/search/Sri%20Ram%20Nursing%20Home%2C%20Bengaluru%20Urban%20Bengaluru%20Urban%20Bengaluru,OpenStreetMap Real Spatial Node
Cure Hospital,Bengaluru Urban,N/A,N/A,N/A,N/A (Contact Clinic),General Healthcare & Rehab,N/A,N/A,N/A,"Cure Hospital,  Bengaluru Urban, Bengaluru 560032",https://www.google.com/maps/search/Cure%20Hospital%20Bengaluru%20Urban%20Bengaluru,OpenStreetMap Real Spatial Node
Sanjay Urology and Andrology Center,Bengaluru Urban,N/A,N/A,N/A,N/A (Contact Clinic),General Healthcare & Rehab,N/A,N/A,N/A,"Sanjay Urology and Andrology Center, Bengaluru Urban, Bengaluru, Karnataka",https://www.google.com/maps/search/Sanjay%20Urology%20and%20Andrology%20Center%20Bengaluru%20Urban%20Bengaluru,OpenStreetMap Real Spatial Node
Cauvery Clinic and Laboratory,Bengaluru Urban,N/A,N/A,N/A,N/A (Contact Clinic),General Healthcare & Rehab,N/A,N/A,N/A,"Cauvery Clinic and Laboratory, Bengaluru Urban, Bengaluru, Karnataka",https://www.google.com/maps/search/Cauvery%20Clinic%20and%20Laboratory%20Bengaluru%20Urban%20Bengaluru,OpenStreetMap Real Spatial Node
ESI Krishnagiri,Bengaluru Urban,N/A,N/A,N/A,N/A (Contact Clinic),General Healthcare & Rehab,N/A,N/A,N/A,"ESI Krishnagiri,  Krishnagiri, Bengaluru 635126",https://www.google.com/maps/search/ESI%20Krishnagiri%20Bengaluru%20Urban%20Bengaluru,OpenStreetMap Real Spatial Node
Janani Hospital,Bengaluru Urban,N/A,N/A,N/A,N/A (Contact Clinic),General Healthcare & Rehab,N/A,N/A,N/A,"Janani Hospital,  Krishnagiri, Bengaluru 635126",https://www.google.com/maps/search/Janani%20Hospital%20Bengaluru%20Urban%20Bengaluru,OpenStreetMap Real Spatial Node
Begapalli PHC,Bengaluru Urban,N/A,N/A,N/A,N/A (Contact Clinic),General Healthcare & Rehab,N/A,N/A,N/A,"Begapalli PHC,  Krishnagiri, Bengaluru 635126",https://www.google.com/maps/search/Begapalli%20PHC%20Bengaluru%20Urban%20Bengaluru,OpenStreetMap Real Spatial Node
Ayush Ayurvedic,Bengaluru Urban,N/A,N/A,N/A,N/A (Contact Clinic),General Healthcare & Rehab,N/A,N/A,N/A,"Ayush Ayurvedic, Bengaluru Urban, Bengaluru, Karnataka",https://www.google.com/maps/search/Ayush%20Ayurvedic%20Bengaluru%20Urban%20Bengaluru,OpenStreetMap Real Spatial Node
Vittal Eye HOspital,Bengaluru Urban,N/A,N/A,N/A,N/A (Contact Clinic),General Healthcare & Rehab,N/A,N/A,N/A,"Vittal Eye HOspital, Bengaluru Urban, Bengaluru, Karnataka",https://www.google.com/maps/search/Vittal%20Eye%20HOspital%20Bengaluru%20Urban%20Bengaluru,OpenStreetMap Real Spatial Node
Sucheta Clinic,Bengaluru Urban,N/A,N/A,N/A,N/A (Contact Clinic),General Healthcare & Rehab,N/A,N/A,N/A,"Sucheta Clinic, Bengaluru Urban, Bengaluru, Karnataka",https://www.google.com/maps/search/Sucheta%20Clinic%20Bengaluru%20Urban%20Bengaluru,OpenStreetMap Real Spatial Node
Confident Dental Care,Bengaluru Urban,N/A,N/A,N/A,N/A (Contact Clinic),General Healthcare & Rehab,N/A,N/A,N/A,"Confident Dental Care, Bengaluru Urban, Bengaluru, Karnataka",https://www.google.com/maps/search/Confident%20Dental%20Care%20Bengaluru%20Urban%20Bengaluru,OpenStreetMap Real Spatial Node
Ista Ayurvedic,Bengaluru Urban,N/A,N/A,N/A,N/A (Contact Clinic),General Healthcare & Rehab,N/A,N/A,N/A,"Ista Ayurvedic, Bengaluru Urban, Bengaluru, Karnataka",https://www.google.com/maps/search/Ista%20Ayurvedic%20Bengaluru%20Urban%20Bengaluru,OpenStreetMap Real Spatial Node
Aria Clinic,Bengaluru Urban,N/A,N/A,N/A,N/A (Contact Clinic),General Healthcare & Rehab,N/A,N/A,N/A,"Aria Clinic, Bengaluru Urban, Bengaluru, Karnataka",https://www.google.com/maps/search/Aria%20Clinic%20Bengaluru%20Urban%20Bengaluru,OpenStreetMap Real Spatial Node
Aria Pharma,Bengaluru Urban,N/A,N/A,N/A,N/A (Contact Clinic),General Healthcare & Rehab,N/A,N/A,N/A,"Aria Pharma, Bengaluru Urban, Bengaluru, Karnataka",https://www.google.com/maps/search/Aria%20Pharma%20Bengaluru%20Urban%20Bengaluru,OpenStreetMap Real Spatial Node
Ortho Centre Clinic,Bengaluru Urban,N/A,N/A,N/A,N/A (Contact Clinic),Orthopedic & Spine Care,N/A,N/A,N/A,"Ortho Centre Clinic, Bengaluru Urban, Bengaluru, Karnataka",https://www.google.com/maps/search/Ortho%20Centre%20Clinic%20Bengaluru%20Urban%20Bengaluru,OpenStreetMap Real Spatial Node
Nandi Pharma,Bengaluru Urban,N/A,N/A,N/A,N/A (Contact Clinic),General Healthcare & Rehab,N/A,N/A,N/A,"Nandi Pharma, Bengaluru Urban, Bengaluru, Karnataka",https://www.google.com/maps/search/Nandi%20Pharma%20Bengaluru%20Urban%20Bengaluru,OpenStreetMap Real Spatial Node
Srinivasa Dental Clinic,Bengaluru Urban,N/A,N/A,N/A,N/A (Contact Clinic),General Healthcare & Rehab,N/A,N/A,N/A,"Srinivasa Dental Clinic, Bengaluru Urban, Bengaluru, Karnataka",https://www.google.com/maps/search/Srinivasa%20Dental%20Clinic%20Bengaluru%20Urban%20Bengaluru,OpenStreetMap Real Spatial Node
Ramdev Pharmacy,Bengaluru Urban,N/A,N/A,N/A,N/A (Contact Clinic),General Healthcare & Rehab,N/A,N/A,N/A,"Ramdev Pharmacy, Bengaluru Urban, Bengaluru, Karnataka",https://www.google.com/maps/search/Ramdev%20Pharmacy%20Bengaluru%20Urban%20Bengaluru,OpenStreetMap Real Spatial Node
Patanjali Pharmacy,Bengaluru Urban,N/A,N/A,N/A,N/A (Contact Clinic),General Healthcare & Rehab,N/A,N/A,N/A,"Patanjali Pharmacy, Bengaluru Urban, Bengaluru, Karnataka",https://www.google.com/maps/search/Patanjali%20Pharmacy%20Bengaluru%20Urban%20Bengaluru,OpenStreetMap Real Spatial Node
naveen clinc,Bengaluru Urban,N/A,N/A,N/A,N/A (Contact Clinic),General Healthcare & Rehab,N/A,N/A,N/A,"naveen clinc, Bengaluru Urban, Bengaluru, Karnataka",https://www.google.com/maps/search/naveen%20clinc%20Bengaluru%20Urban%20Bengaluru,OpenStreetMap Real Spatial Node
Chamundi Hi Tech Hospital,Bengaluru Urban,N/A,N/A,N/A,N/A (Contact Clinic),General Healthcare & Rehab,N/A,N/A,N/A,"Chamundi Hi Tech Hospital, Bengaluru Urban, Bengaluru, Karnataka",https://www.google.com/maps/search/Chamundi%20Hi%20Tech%20Hospital%20Bengaluru%20Urban%20Bengaluru,OpenStreetMap Real Spatial Node
Precious Blood Missionaries,Bengaluru Urban,N/A,N/A,N/A,N/A (Contact Clinic),General Healthcare & Rehab,N/A,N/A,N/A,"Precious Blood Missionaries, Bengaluru Urban, Bengaluru, Karnataka",https://www.google.com/maps/search/Precious%20Blood%20Missionaries%20Bengaluru%20Urban%20Bengaluru,OpenStreetMap Real Spatial Node
Lotus Medical Centre,Bengaluru Urban,N/A,N/A,N/A,N/A (Contact Clinic),General Healthcare & Rehab,N/A,N/A,N/A,"Lotus Medical Centre,  Bengaluru Urban, Bengaluru 560075",https://www.google.com/maps/search/Lotus%20Medical%20Centre%20Bengaluru%20Urban%20Bengaluru,OpenStreetMap Real Spatial Node
Sri Ragavendra Homeo Clinic,Bengaluru Urban,N/A,N/A,N/A,N/A (Contact Clinic),General Healthcare & Rehab,N/A,N/A,N/A,"Sri Ragavendra Homeo Clinic,  Bengaluru Urban, Bengaluru 560036",https://www.google.com/maps/search/Sri%20Ragavendra%20Homeo%20Clinic%20Bengaluru%20Urban%20Bengaluru,OpenStreetMap Real Spatial Node
Suma Clinic,Bengaluru Urban,N/A,N/A,N/A,N/A (Contact Clinic),General Healthcare & Rehab,N/A,N/A,N/A,"Suma Clinic,  Bengaluru Urban, Bengaluru 560016",https://www.google.com/maps/search/Suma%20Clinic%20Bengaluru%20Urban%20Bengaluru,OpenStreetMap Real Spatial Node
Indianova Heart Centre,Bengaluru Urban,N/A,N/A,N/A,N/A (Contact Clinic),General Healthcare & Rehab,N/A,N/A,N/A,"Indianova Heart Centre,  Bengaluru Urban, Bengaluru 560036",https://www.google.com/maps/search/Indianova%20Heart%20Centre%20Bengaluru%20Urban%20Bengaluru,OpenStreetMap Real Spatial Node
Arjun's Child Care Clinic,Bengaluru Urban,N/A,N/A,N/A,N/A (Contact Clinic),General Healthcare & Rehab,N/A,N/A,N/A,"Arjun's Child Care Clinic,  Bengaluru Urban, Bengaluru 560113",https://www.google.com/maps/search/Arjun%27s%20Child%20Care%20Clinic%20Bengaluru%20Urban%20Bengaluru,OpenStreetMap Real Spatial Node
Health Care Medi Clinic,Bengaluru Urban,N/A,N/A,N/A,N/A (Contact Clinic),General Healthcare & Rehab,N/A,N/A,N/A,"Health Care Medi Clinic,  Bengaluru Urban, Bengaluru 560093",https://www.google.com/maps/search/Health%20Care%20Medi%20Clinic%20Bengaluru%20Urban%20Bengaluru,OpenStreetMap Real Spatial Node
Women's Speciality Polyclinic,Bengaluru Urban,N/A,N/A,N/A,N/A (Contact Clinic),General Healthcare & Rehab,N/A,N/A,N/A,"Women's Speciality Polyclinic,  Bengaluru Urban, Bengaluru 560043",https://www.google.com/maps/search/Women%27s%20Speciality%20Polyclinic%20Bengaluru%20Urban%20Bengaluru,OpenStreetMap Real Spatial Node
Vijaya Lakshmi Clinic,Bengaluru Urban,N/A,N/A,N/A,N/A (Contact Clinic),General Healthcare & Rehab,N/A,N/A,N/A,"Vijaya Lakshmi Clinic,  Bengaluru Urban, Bengaluru 560036",https://www.google.com/maps/search/Vijaya%20Lakshmi%20Clinic%20Bengaluru%20Urban%20Bengaluru,OpenStreetMap Real Spatial Node
Maneet Poly Clinic,Bengaluru Urban,N/A,N/A,N/A,N/A (Contact Clinic),General Healthcare & Rehab,N/A,N/A,N/A,"Maneet Poly Clinic,  Bengaluru Urban, Bengaluru 560043",https://www.google.com/maps/search/Maneet%20Poly%20Clinic%20Bengaluru%20Urban%20Bengaluru,OpenStreetMap Real Spatial Node
Aashraya ENT Healthcare,Bengaluru Urban,N/A,N/A,N/A,N/A (Contact Clinic),General Healthcare & Rehab,N/A,N/A,N/A,"Aashraya ENT Healthcare,  Bengaluru Urban, Bengaluru 560093",https://www.google.com/maps/search/Aashraya%20ENT%20Healthcare%20Bengaluru%20Urban%20Bengaluru,OpenStreetMap Real Spatial Node
Sri Venkateshwara Clinic,Bengaluru Urban,N/A,N/A,N/A,N/A (Contact Clinic),General Healthcare & Rehab,N/A,N/A,N/A,"Sri Venkateshwara Clinic,  Bengaluru Urban, Bengaluru 560113",https://www.google.com/maps/search/Sri%20Venkateshwara%20Clinic%20Bengaluru%20Urban%20Bengaluru,OpenStreetMap Real Spatial Node
Apple Clinic,Bengaluru Urban,N/A,N/A,N/A,N/A (Contact Clinic),General Healthcare & Rehab,N/A,N/A,N/A,"Apple Clinic,  Bengaluru Urban, Bengaluru 560093",https://www.google.com/maps/search/Apple%20Clinic%20Bengaluru%20Urban%20Bengaluru,OpenStreetMap Real Spatial Node
Shyam ENT clinic,Bengaluru Urban,N/A,N/A,N/A,N/A (Contact Clinic),General Healthcare & Rehab,N/A,N/A,N/A,"Shyam ENT clinic,  Bengaluru Urban, Bengaluru 560036",https://www.google.com/maps/search/Shyam%20ENT%20clinic%20Bengaluru%20Urban%20Bengaluru,OpenStreetMap Real Spatial Node
Bhavani Skin & Cosmetology Clinic,Bengaluru Urban,N/A,N/A,N/A,N/A (Contact Clinic),General Healthcare & Rehab,N/A,N/A,N/A,"Bhavani Skin & Cosmetology Clinic,  Bengaluru Urban, Bengaluru 560036",https://www.google.com/maps/search/Bhavani%20Skin%20%26%20Cosmetology%20Clinic%20Bengaluru%20Urban%20Bengaluru,OpenStreetMap Real Spatial Node
Cure Multi Speciality Clinic,Bengaluru Urban,N/A,N/A,N/A,N/A (Contact Clinic),General Healthcare & Rehab,N/A,N/A,N/A,"Cure Multi Speciality Clinic,  Bengaluru Urban, Bengaluru 560037",https://www.google.com/maps/search/Cure%20Multi%20Speciality%20Clinic%20Bengaluru%20Urban%20Bengaluru,OpenStreetMap Real Spatial Node
Chirayu Health care centre,Bengaluru Urban,N/A,N/A,N/A,N/A (Contact Clinic),General Healthcare & Rehab,N/A,N/A,N/A,"Chirayu Health care centre,  Bengaluru Urban, Bengaluru 560048",https://www.google.com/maps/search/Chirayu%20Health%20care%20centre%20Bengaluru%20Urban%20Bengaluru,OpenStreetMap Real Spatial Node
Sri Vinayaka Clinic,Bengaluru Urban,N/A,N/A,N/A,N/A (Contact Clinic),General Healthcare & Rehab,N/A,N/A,N/A,"Sri Vinayaka Clinic,  Bengaluru Urban, Bengaluru 560016",https://www.google.com/maps/search/Sri%20Vinayaka%20Clinic%20Bengaluru%20Urban%20Bengaluru,OpenStreetMap Real Spatial Node
Kiyara Dental Multispeciality Clinic,Bengaluru Urban,N/A,N/A,N/A,N/A (Contact Clinic),General Healthcare & Rehab,N/A,N/A,N/A,"Kiyara Dental Multispeciality Clinic,  Bengaluru Urban, Bengaluru 560075",https://www.google.com/maps/search/Kiyara%20Dental%20Multispeciality%20Clinic%20Bengaluru%20Urban%20Bengaluru,OpenStreetMap Real Spatial Node
Priya Health Care,Bengaluru Urban,N/A,N/A,N/A,N/A (Contact Clinic),General Healthcare & Rehab,N/A,N/A,N/A,"Priya Health Care,  Bengaluru Urban, Bengaluru 560037",https://www.google.com/maps/search/Priya%20Health%20Care%20Bengaluru%20Urban%20Bengaluru,OpenStreetMap Real Spatial Node
People's Clinic,Bengaluru Urban,N/A,N/A,N/A,N/A (Contact Clinic),General Healthcare & Rehab,N/A,N/A,N/A,"People's Clinic,  Bengaluru Urban, Bengaluru 560043",https://www.google.com/maps/search/People%27s%20Clinic%20Bengaluru%20Urban%20Bengaluru,OpenStreetMap Real Spatial Node
Medicure Poly Clinic & Daycare Centre,Bengaluru Urban,N/A,N/A,N/A,N/A (Contact Clinic),General Healthcare & Rehab,N/A,N/A,N/A,"Medicure Poly Clinic & Daycare Centre,  Bengaluru Urban, Bengaluru 560016",https://www.google.com/maps/search/Medicure%20Poly%20Clinic%20%26%20Daycare%20Centre%20Bengaluru%20Urban%20Bengaluru,OpenStreetMap Real Spatial Node
The Children's Clinic,Bengaluru Urban,N/A,N/A,N/A,N/A (Contact Clinic),General Healthcare & Rehab,N/A,N/A,N/A,"The Children's Clinic,  Bengaluru Urban, Bengaluru 560043",https://www.google.com/maps/search/The%20Children%27s%20Clinic%20Bengaluru%20Urban%20Bengaluru,OpenStreetMap Real Spatial Node
Bharat Piles & Fistula Clinic,Bengaluru Urban,N/A,N/A,N/A,N/A (Contact Clinic),General Healthcare & Rehab,N/A,N/A,N/A,"Bharat Piles & Fistula Clinic,  Bengaluru Urban, Bengaluru 560036",https://www.google.com/maps/search/Bharat%20Piles%20%26%20Fistula%20Clinic%20Bengaluru%20Urban%20Bengaluru,OpenStreetMap Real Spatial Node
Tirumala Newborn Kids and Ortho Clinic,Bengaluru Urban,N/A,N/A,N/A,N/A (Contact Clinic),Orthopedic & Spine Care,N/A,N/A,N/A,"Tirumala Newborn Kids and Ortho Clinic,  Bengaluru Urban, Bengaluru 560036",https://www.google.com/maps/search/Tirumala%20Newborn%20Kids%20and%20Ortho%20Clinic%20Bengaluru%20Urban%20Bengaluru,OpenStreetMap Real Spatial Node
Rapha Polyclinic & Lab,Bengaluru Urban,N/A,N/A,N/A,N/A (Contact Clinic),General Healthcare & Rehab,N/A,N/A,N/A,"Rapha Polyclinic & Lab,  Bengaluru Urban, Bengaluru 560075",https://www.google.com/maps/search/Rapha%20Polyclinic%20%26%20Lab%20Bengaluru%20Urban%20Bengaluru,OpenStreetMap Real Spatial Node
Sandhya Clinic,Bengaluru Urban,N/A,N/A,N/A,N/A (Contact Clinic),General Healthcare & Rehab,N/A,N/A,N/A,"Sandhya Clinic,  Bengaluru Urban, Bengaluru 560036",https://www.google.com/maps/search/Sandhya%20Clinic%20Bengaluru%20Urban%20Bengaluru,OpenStreetMap Real Spatial Node
Urban Kids Clinic,Bengaluru Urban,N/A,N/A,N/A,N/A (Contact Clinic),General Healthcare & Rehab,N/A,N/A,N/A,"Urban Kids Clinic,  Bengaluru Urban, Bengaluru 560016",https://www.google.com/maps/search/Urban%20Kids%20Clinic%20Bengaluru%20Urban%20Bengaluru,OpenStreetMap Real Spatial Node
Tvacha Skin and Cosmetology Clinic,Bengaluru Urban,N/A,N/A,N/A,N/A (Contact Clinic),General Healthcare & Rehab,N/A,N/A,N/A,"Tvacha Skin and Cosmetology Clinic,  Bengaluru Urban, Bengaluru 560093",https://www.google.com/maps/search/Tvacha%20Skin%20and%20Cosmetology%20Clinic%20Bengaluru%20Urban%20Bengaluru,OpenStreetMap Real Spatial Node
Bright Children's Clinic,Bengaluru Urban,N/A,N/A,N/A,N/A (Contact Clinic),General Healthcare & Rehab,N/A,N/A,N/A,"Bright Children's Clinic,  Bengaluru Urban, Bengaluru 560048",https://www.google.com/maps/search/Bright%20Children%27s%20Clinic%20Bengaluru%20Urban%20Bengaluru,OpenStreetMap Real Spatial Node
Shishu clinic,Bengaluru Urban,N/A,N/A,N/A,N/A (Contact Clinic),General Healthcare & Rehab,N/A,N/A,N/A,"Shishu clinic,  Bengaluru Urban, Bengaluru 560093",https://www.google.com/maps/search/Shishu%20clinic%20Bengaluru%20Urban%20Bengaluru,OpenStreetMap Real Spatial Node
Rama Krishna Poly Clinic,Bengaluru Urban,N/A,N/A,N/A,N/A (Contact Clinic),General Healthcare & Rehab,N/A,N/A,N/A,"Rama Krishna Poly Clinic,  Bengaluru Urban, Bengaluru 560036",https://www.google.com/maps/search/Rama%20Krishna%20Poly%20Clinic%20Bengaluru%20Urban%20Bengaluru,OpenStreetMap Real Spatial Node
Motherhoodclinic,Bengaluru Urban,N/A,N/A,N/A,N/A (Contact Clinic),General Healthcare & Rehab,N/A,N/A,N/A,"Motherhoodclinic,  Bengaluru Urban, Bengaluru 560043",https://www.google.com/maps/search/Motherhoodclinic%20Bengaluru%20Urban%20Bengaluru,OpenStreetMap Real Spatial Node
Sri Krishna Poly Clinic,Bengaluru Urban,N/A,N/A,N/A,N/A (Contact Clinic),General Healthcare & Rehab,N/A,N/A,N/A,"Sri Krishna Poly Clinic,  Bengaluru Urban, Bengaluru 560036",https://www.google.com/maps/search/Sri%20Krishna%20Poly%20Clinic%20Bengaluru%20Urban%20Bengaluru,OpenStreetMap Real Spatial Node
Sai Kripa Nursing Home,Bengaluru Urban,N/A,N/A,N/A,N/A (Contact Clinic),General Healthcare & Rehab,N/A,N/A,N/A,"Sai Kripa Nursing Home,  Bengaluru Urban, Bengaluru 560048",https://www.google.com/maps/search/Sai%20Kripa%20Nursing%20Home%20Bengaluru%20Urban%20Bengaluru,OpenStreetMap Real Spatial Node
Lyfas Digital Health Clinic,Bengaluru Urban,N/A,N/A,N/A,N/A (Contact Clinic),General Healthcare & Rehab,N/A,N/A,N/A,"Lyfas Digital Health Clinic,  Bengaluru Urban, Bengaluru 560048",https://www.google.com/maps/search/Lyfas%20Digital%20Health%20Clinic%20Bengaluru%20Urban%20Bengaluru,OpenStreetMap Real Spatial Node
Sri Sai Child Clinic,Bengaluru Urban,N/A,N/A,N/A,N/A (Contact Clinic),General Healthcare & Rehab,N/A,N/A,N/A,"Sri Sai Child Clinic,  Bengaluru Urban, Bengaluru 560036",https://www.google.com/maps/search/Sri%20Sai%20Child%20Clinic%20Bengaluru%20Urban%20Bengaluru,OpenStreetMap Real Spatial Node
Deepam Eye Clinic,Bengaluru Urban,N/A,N/A,N/A,N/A (Contact Clinic),General Healthcare & Rehab,N/A,N/A,N/A,"Deepam Eye Clinic,  Bengaluru Urban, Bengaluru 560093",https://www.google.com/maps/search/Deepam%20Eye%20Clinic%20Bengaluru%20Urban%20Bengaluru,OpenStreetMap Real Spatial Node
Shree Srinivasa Homeo Clinic,Bengaluru Urban,N/A,N/A,N/A,N/A (Contact Clinic),General Healthcare & Rehab,N/A,N/A,N/A,"Shree Srinivasa Homeo Clinic,  Bengaluru Urban, Bengaluru 560036",https://www.google.com/maps/search/Shree%20Srinivasa%20Homeo%20Clinic%20Bengaluru%20Urban%20Bengaluru,OpenStreetMap Real Spatial Node
Shubham Ayurvedic Clinic,Bengaluru Urban,N/A,N/A,N/A,N/A (Contact Clinic),General Healthcare & Rehab,N/A,N/A,N/A,"Shubham Ayurvedic Clinic,  Bengaluru Urban, Bengaluru 560043",https://www.google.com/maps/search/Shubham%20Ayurvedic%20Clinic%20Bengaluru%20Urban%20Bengaluru,OpenStreetMap Real Spatial Node
Netrajyoti Eye Centre,Bengaluru Urban,N/A,N/A,N/A,N/A (Contact Clinic),General Healthcare & Rehab,N/A,N/A,N/A,"Netrajyoti Eye Centre,  Bengaluru Urban, Bengaluru 560017",https://www.google.com/maps/search/Netrajyoti%20Eye%20Centre%20Bengaluru%20Urban%20Bengaluru,OpenStreetMap Real Spatial Node
Swiss Medic Health Care,Bengaluru Urban,N/A,N/A,N/A,N/A (Contact Clinic),General Healthcare & Rehab,N/A,N/A,N/A,"Swiss Medic Health Care,  Bengaluru Urban, Bengaluru 560036",https://www.google.com/maps/search/Swiss%20Medic%20Health%20Care%20Bengaluru%20Urban%20Bengaluru,OpenStreetMap Real Spatial Node
Bhagya Sri Clinic,Bengaluru Urban,N/A,N/A,N/A,N/A (Contact Clinic),General Healthcare & Rehab,N/A,N/A,N/A,"Bhagya Sri Clinic,  Bengaluru Urban, Bengaluru 560036",https://www.google.com/maps/search/Bhagya%20Sri%20Clinic%20Bengaluru%20Urban%20Bengaluru,OpenStreetMap Real Spatial Node
Sri Vinayaka Homeopathic Clinic,Bengaluru Urban,N/A,N/A,N/A,N/A (Contact Clinic),General Healthcare & Rehab,N/A,N/A,N/A,"Sri Vinayaka Homeopathic Clinic,  Bengaluru Urban, Bengaluru 560093",https://www.google.com/maps/search/Sri%20Vinayaka%20Homeopathic%20Clinic%20Bengaluru%20Urban%20Bengaluru,OpenStreetMap Real Spatial Node
Sri Krishna Ayurvedic Clinic,Bengaluru Urban,N/A,N/A,N/A,N/A (Contact Clinic),General Healthcare & Rehab,N/A,N/A,N/A,"Sri Krishna Ayurvedic Clinic,  Bengaluru Urban, Bengaluru 560036",https://www.google.com/maps/search/Sri%20Krishna%20Ayurvedic%20Clinic%20Bengaluru%20Urban%20Bengaluru,OpenStreetMap Real Spatial Node
Dr. Pranjali Srivastava's Clinic,Bengaluru Urban,N/A,N/A,N/A,N/A (Contact Clinic),General Healthcare & Rehab,N/A,N/A,N/A,"Dr. Pranjali Srivastava's Clinic,  Bengaluru Urban, Bengaluru 560093",https://www.google.com/maps/search/Dr.%20Pranjali%20Srivastava%27s%20Clinic%20Bengaluru%20Urban%20Bengaluru,OpenStreetMap Real Spatial Node
Medihope Super Specialty Hospital,Bengaluru Urban,N/A,N/A,N/A,N/A (Contact Clinic),General Healthcare & Rehab,N/A,N/A,N/A,"Medihope Super Specialty Hospital,  Bengaluru Urban, Bengaluru 560075",https://www.google.com/maps/search/Medihope%20Super%20Specialty%20Hospital%20Bengaluru%20Urban%20Bengaluru,OpenStreetMap Real Spatial Node
Dr. Mohan Babu's Clinic,Bengaluru Urban,N/A,N/A,N/A,N/A (Contact Clinic),General Healthcare & Rehab,N/A,N/A,N/A,"Dr. Mohan Babu's Clinic,  Bengaluru Urban, Bengaluru 560036",https://www.google.com/maps/search/Dr.%20Mohan%20Babu%27s%20Clinic%20Bengaluru%20Urban%20Bengaluru,OpenStreetMap Real Spatial Node
Nava Chaithanya Clinic,Bengaluru Urban,N/A,N/A,N/A,N/A (Contact Clinic),General Healthcare & Rehab,N/A,N/A,N/A,"Nava Chaithanya Clinic,  Bengaluru Urban, Bengaluru 560043",https://www.google.com/maps/search/Nava%20Chaithanya%20Clinic%20Bengaluru%20Urban%20Bengaluru,OpenStreetMap Real Spatial Node
Trinity Homeopathy Clinic,Bengaluru Urban,N/A,N/A,N/A,N/A (Contact Clinic),General Healthcare & Rehab,N/A,N/A,N/A,"Trinity Homeopathy Clinic,  Bengaluru Urban, Bengaluru",https://www.google.com/maps/search/Trinity%20Homeopathy%20Clinic%20Bengaluru%20Urban%20Bengaluru,OpenStreetMap Real Spatial Node
Lifespan Diabetic Clinic,Bengaluru Urban,N/A,N/A,N/A,N/A (Contact Clinic),General Healthcare & Rehab,N/A,N/A,N/A,"Lifespan Diabetic Clinic,  Bengaluru Urban, Bengaluru 560043",https://www.google.com/maps/search/Lifespan%20Diabetic%20Clinic%20Bengaluru%20Urban%20Bengaluru,OpenStreetMap Real Spatial Node
Mahayogam Clinic,Bengaluru Urban,N/A,N/A,N/A,N/A (Contact Clinic),General Healthcare & Rehab,N/A,N/A,N/A,"Mahayogam Clinic,  Bengaluru Urban, Bengaluru 560016",https://www.google.com/maps/search/Mahayogam%20Clinic%20Bengaluru%20Urban%20Bengaluru,OpenStreetMap Real Spatial Node
Niswaras Homeopathy Clinic,Bengaluru Urban,N/A,N/A,N/A,N/A (Contact Clinic),General Healthcare & Rehab,N/A,N/A,N/A,"Niswaras Homeopathy Clinic,  Bengaluru Urban, Bengaluru 560016",https://www.google.com/maps/search/Niswaras%20Homeopathy%20Clinic%20Bengaluru%20Urban%20Bengaluru,OpenStreetMap Real Spatial Node
Dr. Rao's Skin Clinic,Bengaluru Urban,N/A,N/A,N/A,N/A (Contact Clinic),General Healthcare & Rehab,N/A,N/A,N/A,"Dr. Rao's Skin Clinic,  Bengaluru Urban, Bengaluru 560036",https://www.google.com/maps/search/Dr.%20Rao%27s%20Skin%20Clinic%20Bengaluru%20Urban%20Bengaluru,OpenStreetMap Real Spatial Node
Curewell Clinic,Bengaluru Urban,N/A,N/A,N/A,N/A (Contact Clinic),General Healthcare & Rehab,N/A,N/A,N/A,"Curewell Clinic,  Bengaluru Urban, Bengaluru 560036",https://www.google.com/maps/search/Curewell%20Clinic%20Bengaluru%20Urban%20Bengaluru,OpenStreetMap Real Spatial Node
GSR Dental & Health Care,Bengaluru Urban,N/A,N/A,N/A,N/A (Contact Clinic),General Healthcare & Rehab,N/A,N/A,N/A,"GSR Dental & Health Care,  Bengaluru Urban, Bengaluru 560036",https://www.google.com/maps/search/GSR%20Dental%20%26%20Health%20Care%20Bengaluru%20Urban%20Bengaluru,OpenStreetMap Real Spatial Node
Amma Poly Clinic,Bengaluru Urban,N/A,N/A,N/A,N/A (Contact Clinic),General Healthcare & Rehab,N/A,N/A,N/A,"Amma Poly Clinic,  Bengaluru Urban, Bengaluru 560036",https://www.google.com/maps/search/Amma%20Poly%20Clinic%20Bengaluru%20Urban%20Bengaluru,OpenStreetMap Real Spatial Node
Grihi's Diabetes Centre,Bengaluru Urban,N/A,N/A,N/A,N/A (Contact Clinic),General Healthcare & Rehab,N/A,N/A,N/A,"Grihi's Diabetes Centre,  Bengaluru Urban, Bengaluru 560093",https://www.google.com/maps/search/Grihi%27s%20Diabetes%20Centre%20Bengaluru%20Urban%20Bengaluru,OpenStreetMap Real Spatial Node
Sreenivasa Poly Clinic,Bengaluru Urban,N/A,N/A,N/A,N/A (Contact Clinic),General Healthcare & Rehab,N/A,N/A,N/A,"Sreenivasa Poly Clinic,  Bengaluru Urban, Bengaluru 560093",https://www.google.com/maps/search/Sreenivasa%20Poly%20Clinic%20Bengaluru%20Urban%20Bengaluru,OpenStreetMap Real Spatial Node
Heal & Comfort Homeopathic Clinic,Bengaluru Urban,N/A,N/A,N/A,N/A (Contact Clinic),General Healthcare & Rehab,N/A,N/A,N/A,"Heal & Comfort Homeopathic Clinic,  Bengaluru Urban, Bengaluru 560016",https://www.google.com/maps/search/Heal%20%26%20Comfort%20Homeopathic%20Clinic%20Bengaluru%20Urban%20Bengaluru,OpenStreetMap Real Spatial Node
Winter Mist Clinic,Bengaluru Urban,N/A,N/A,N/A,N/A (Contact Clinic),General Healthcare & Rehab,N/A,N/A,N/A,"Winter Mist Clinic,  Bengaluru Urban, Bengaluru 560093",https://www.google.com/maps/search/Winter%20Mist%20Clinic%20Bengaluru%20Urban%20Bengaluru,OpenStreetMap Real Spatial Node
IMS Clinic,Bengaluru Urban,N/A,N/A,N/A,N/A (Contact Clinic),General Healthcare & Rehab,N/A,N/A,N/A,"IMS Clinic,  Bengaluru Urban, Bengaluru 560048",https://www.google.com/maps/search/IMS%20Clinic%20Bengaluru%20Urban%20Bengaluru,OpenStreetMap Real Spatial Node
Matrusree Clinic,Bengaluru Urban,N/A,N/A,N/A,N/A (Contact Clinic),General Healthcare & Rehab,N/A,N/A,N/A,"Matrusree Clinic,  Bengaluru Urban, Bengaluru 560016",https://www.google.com/maps/search/Matrusree%20Clinic%20Bengaluru%20Urban%20Bengaluru,OpenStreetMap Real Spatial Node
R K Polyclinic,Bengaluru Urban,N/A,N/A,N/A,N/A (Contact Clinic),General Healthcare & Rehab,N/A,N/A,N/A,"R K Polyclinic,  Bengaluru Urban, Bengaluru 560043",https://www.google.com/maps/search/R%20K%20Polyclinic%20Bengaluru%20Urban%20Bengaluru,OpenStreetMap Real Spatial Node
Ashwin Clinic,Bengaluru Urban,N/A,N/A,N/A,N/A (Contact Clinic),General Healthcare & Rehab,N/A,N/A,N/A,"Ashwin Clinic,  Bengaluru Urban, Bengaluru 560075",https://www.google.com/maps/search/Ashwin%20Clinic%20Bengaluru%20Urban%20Bengaluru,OpenStreetMap Real Spatial Node
Vishwa Health Care Centre,Bengaluru Urban,N/A,N/A,N/A,N/A (Contact Clinic),General Healthcare & Rehab,N/A,N/A,N/A,"Vishwa Health Care Centre,  Bengaluru Urban, Bengaluru 560036",https://www.google.com/maps/search/Vishwa%20Health%20Care%20Centre%20Bengaluru%20Urban%20Bengaluru,OpenStreetMap Real Spatial Node
Easwari Clinic,Bengaluru Urban,N/A,N/A,N/A,N/A (Contact Clinic),General Healthcare & Rehab,N/A,N/A,N/A,"Easwari Clinic,  Bengaluru Urban, Bengaluru 560037",https://www.google.com/maps/search/Easwari%20Clinic%20Bengaluru%20Urban%20Bengaluru,OpenStreetMap Real Spatial Node
Venkateshwara Clinic,Bengaluru Urban,N/A,N/A,N/A,N/A (Contact Clinic),General Healthcare & Rehab,N/A,N/A,N/A,"Venkateshwara Clinic,  Bengaluru Urban, Bengaluru 560048",https://www.google.com/maps/search/Venkateshwara%20Clinic%20Bengaluru%20Urban%20Bengaluru,OpenStreetMap Real Spatial Node
Sri Vinayaka Child Care Clinic,Bengaluru Urban,N/A,N/A,N/A,N/A (Contact Clinic),General Healthcare & Rehab,N/A,N/A,N/A,"Sri Vinayaka Child Care Clinic,  Bengaluru Urban, Bengaluru 560049",https://www.google.com/maps/search/Sri%20Vinayaka%20Child%20Care%20Clinic%20Bengaluru%20Urban%20Bengaluru,OpenStreetMap Real Spatial Node
Deepa Clinic,Bengaluru Urban,N/A,N/A,N/A,N/A (Contact Clinic),General Healthcare & Rehab,N/A,N/A,N/A,"Deepa Clinic,  Bengaluru Urban, Bengaluru 560036",https://www.google.com/maps/search/Deepa%20Clinic%20Bengaluru%20Urban%20Bengaluru,OpenStreetMap Real Spatial Node
Tata Health Clinic,Bengaluru Urban,N/A,N/A,N/A,N/A (Contact Clinic),General Healthcare & Rehab,N/A,N/A,N/A,"Tata Health Clinic,  Bengaluru Urban, Bengaluru 560048",https://www.google.com/maps/search/Tata%20Health%20Clinic%20Bengaluru%20Urban%20Bengaluru,OpenStreetMap Real Spatial Node
Maithri Nursing Maternity Home,Bengaluru Urban,N/A,N/A,N/A,N/A (Contact Clinic),General Healthcare & Rehab,N/A,N/A,N/A,"Maithri Nursing Maternity Home,  Bengaluru Urban, Bengaluru 560036",https://www.google.com/maps/search/Maithri%20Nursing%20Maternity%20Home%20Bengaluru%20Urban%20Bengaluru,OpenStreetMap Real Spatial Node
Raju Institute Of Nephro Urology Clinic,Bengaluru Urban,N/A,N/A,N/A,N/A (Contact Clinic),General Healthcare & Rehab,N/A,N/A,N/A,"Raju Institute Of Nephro Urology Clinic,  Bengaluru Urban, Bengaluru 560104",https://www.google.com/maps/search/Raju%20Institute%20Of%20Nephro%20Urology%20Clinic%20Bengaluru%20Urban%20Bengaluru,OpenStreetMap Real Spatial Node
Shifa Health Care Clinic,Bengaluru Urban,N/A,N/A,N/A,N/A (Contact Clinic),General Healthcare & Rehab,N/A,N/A,N/A,"Shifa Health Care Clinic,  Bengaluru Urban, Bengaluru 560040",https://www.google.com/maps/search/Shifa%20Health%20Care%20Clinic%20Bengaluru%20Urban%20Bengaluru,OpenStreetMap Real Spatial Node
Dr. Rajesh Hospitals Eye and Dental,Bengaluru Urban,N/A,N/A,N/A,N/A (Contact Clinic),General Healthcare & Rehab,N/A,N/A,N/A,"Dr. Rajesh Hospitals Eye and Dental,  Bengaluru Urban, Bengaluru 560008",https://www.google.com/maps/search/Dr.%20Rajesh%20Hospitals%20Eye%20and%20Dental%20Bengaluru%20Urban%20Bengaluru,OpenStreetMap Real Spatial Node
Bhadrahomeo,Bengaluru Urban,N/A,N/A,N/A,N/A (Contact Clinic),General Healthcare & Rehab,N/A,N/A,N/A,"Bhadrahomeo,  Bengaluru Urban, Bengaluru 560017",https://www.google.com/maps/search/Bhadrahomeo%20Bengaluru%20Urban%20Bengaluru,OpenStreetMap Real Spatial Node
Nidevs Child Care,Bengaluru Urban,N/A,N/A,N/A,N/A (Contact Clinic),General Healthcare & Rehab,N/A,N/A,N/A,"Nidevs Child Care,  Bengaluru Urban, Bengaluru 560079",https://www.google.com/maps/search/Nidevs%20Child%20Care%20Bengaluru%20Urban%20Bengaluru,OpenStreetMap Real Spatial Node
Vaidyamrutha Child Clinic,Bengaluru Urban,N/A,N/A,N/A,N/A (Contact Clinic),General Healthcare & Rehab,N/A,N/A,N/A,"Vaidyamrutha Child Clinic,  Bengaluru Urban, Bengaluru 560040",https://www.google.com/maps/search/Vaidyamrutha%20Child%20Clinic%20Bengaluru%20Urban%20Bengaluru,OpenStreetMap Real Spatial Node
Dr. K Monika Yadav Clinic,Bengaluru Urban,N/A,N/A,N/A,N/A (Contact Clinic),General Healthcare & Rehab,N/A,N/A,N/A,"Dr. K Monika Yadav Clinic,  Bengaluru Urban, Bengaluru 560017",https://www.google.com/maps/search/Dr.%20K%20Monika%20Yadav%20Clinic%20Bengaluru%20Urban%20Bengaluru,OpenStreetMap Real Spatial Node
Adarsha Clinic,Bengaluru Urban,N/A,N/A,N/A,N/A (Contact Clinic),General Healthcare & Rehab,N/A,N/A,N/A,"Adarsha Clinic,  Bengaluru Urban, Bengaluru 560079",https://www.google.com/maps/search/Adarsha%20Clinic%20Bengaluru%20Urban%20Bengaluru,OpenStreetMap Real Spatial Node
Archana Clinic,Bengaluru Urban,N/A,N/A,N/A,N/A (Contact Clinic),General Healthcare & Rehab,N/A,N/A,N/A,"Archana Clinic,  Bengaluru Urban, Bengaluru 560040",https://www.google.com/maps/search/Archana%20Clinic%20Bengaluru%20Urban%20Bengaluru,OpenStreetMap Real Spatial Node
Vanitha Child Care & Skin Clinic,Bengaluru Urban,N/A,N/A,N/A,N/A (Contact Clinic),General Healthcare & Rehab,N/A,N/A,N/A,"Vanitha Child Care & Skin Clinic,  Bengaluru Urban, Bengaluru 560040",https://www.google.com/maps/search/Vanitha%20Child%20Care%20%26%20Skin%20Clinic%20Bengaluru%20Urban%20Bengaluru,OpenStreetMap Real Spatial Node
Dr. Nagbhushan Skin Care Clinic,Bengaluru Urban,N/A,N/A,N/A,N/A (Contact Clinic),General Healthcare & Rehab,N/A,N/A,N/A,"Dr. Nagbhushan Skin Care Clinic,  Bengaluru Urban, Bengaluru 560040",https://www.google.com/maps/search/Dr.%20Nagbhushan%20Skin%20Care%20Clinic%20Bengaluru%20Urban%20Bengaluru,OpenStreetMap Real Spatial Node
Sai Ganesh Dental Clinic,Bengaluru Urban,N/A,N/A,N/A,N/A (Contact Clinic),General Healthcare & Rehab,N/A,N/A,N/A,"Sai Ganesh Dental Clinic,  Bengaluru Urban, Bengaluru 560008",https://www.google.com/maps/search/Sai%20Ganesh%20Dental%20Clinic%20Bengaluru%20Urban%20Bengaluru,OpenStreetMap Real Spatial Node
Raju Health Centre,Bengaluru Urban,N/A,N/A,N/A,N/A (Contact Clinic),General Healthcare & Rehab,N/A,N/A,N/A,"Raju Health Centre,  Bengaluru Urban, Bengaluru 560017",https://www.google.com/maps/search/Raju%20Health%20Centre%20Bengaluru%20Urban%20Bengaluru,OpenStreetMap Real Spatial Node
Asha ENT Clinic,Bengaluru Urban,N/A,N/A,N/A,N/A (Contact Clinic),General Healthcare & Rehab,N/A,N/A,N/A,"Asha ENT Clinic,  Bengaluru Urban, Bengaluru 560040",https://www.google.com/maps/search/Asha%20ENT%20Clinic%20Bengaluru%20Urban%20Bengaluru,OpenStreetMap Real Spatial Node
Vidya Eye Hospital,Bengaluru Urban,N/A,N/A,N/A,N/A (Contact Clinic),General Healthcare & Rehab,N/A,N/A,N/A,"Vidya Eye Hospital,  Bengaluru Urban, Bengaluru 560040",https://www.google.com/maps/search/Vidya%20Eye%20Hospital%20Bengaluru%20Urban%20Bengaluru,OpenStreetMap Real Spatial Node
Medivision Clinic,Bengaluru Urban,N/A,N/A,N/A,N/A (Contact Clinic),General Healthcare & Rehab,N/A,N/A,N/A,"Medivision Clinic,  Bengaluru Urban, Bengaluru 560017",https://www.google.com/maps/search/Medivision%20Clinic%20Bengaluru%20Urban%20Bengaluru,OpenStreetMap Real Spatial Node
Nms Sanjivini Health Center,Bengaluru Urban,N/A,N/A,N/A,N/A (Contact Clinic),General Healthcare & Rehab,N/A,N/A,N/A,"Nms Sanjivini Health Center,  Bengaluru Urban, Bengaluru 560017",https://www.google.com/maps/search/Nms%20Sanjivini%20Health%20Center%20Bengaluru%20Urban%20Bengaluru,OpenStreetMap Real Spatial Node
Dr. Harish Tyagi Clinic,Bengaluru Urban,N/A,N/A,N/A,N/A (Contact Clinic),General Healthcare & Rehab,N/A,N/A,N/A,"Dr. Harish Tyagi Clinic,  Bengaluru Urban, Bengaluru 560017",https://www.google.com/maps/search/Dr.%20Harish%20Tyagi%20Clinic%20Bengaluru%20Urban%20Bengaluru,OpenStreetMap Real Spatial Node
Orthopaedic & Skin Clinic,Bengaluru Urban,N/A,N/A,N/A,N/A (Contact Clinic),Orthopedic & Spine Care,N/A,N/A,N/A,"Orthopaedic & Skin Clinic,  Bengaluru Urban, Bengaluru 560008",https://www.google.com/maps/search/Orthopaedic%20%26%20Skin%20Clinic%20Bengaluru%20Urban%20Bengaluru,OpenStreetMap Real Spatial Node
Ganesh Clinic,Bengaluru Urban,N/A,N/A,N/A,N/A (Contact Clinic),General Healthcare & Rehab,N/A,N/A,N/A,"Ganesh Clinic,  Bengaluru Urban, Bengaluru 560040",https://www.google.com/maps/search/Ganesh%20Clinic%20Bengaluru%20Urban%20Bengaluru,OpenStreetMap Real Spatial Node
"PHC, Kalarani",Bengaluru Urban,N/A,N/A,N/A,N/A (Contact Clinic),General Healthcare & Rehab,N/A,N/A,N/A,"PHC, Kalarani,  Bengaluru Urban, Bengaluru 560040",https://www.google.com/maps/search/PHC%2C%20Kalarani%20Bengaluru%20Urban%20Bengaluru,OpenStreetMap Real Spatial Node
Shree Maternity,Bengaluru Urban,N/A,N/A,N/A,N/A (Contact Clinic),General Healthcare & Rehab,N/A,N/A,N/A,"Shree Maternity,  Bengaluru Urban, Bengaluru 560010",https://www.google.com/maps/search/Shree%20Maternity%20Bengaluru%20Urban%20Bengaluru,OpenStreetMap Real Spatial Node
Dr. Vasudeva's Orthopaedic Clinic,Bengaluru Urban,N/A,N/A,N/A,N/A (Contact Clinic),Orthopedic & Spine Care,N/A,N/A,N/A,"Dr. Vasudeva's Orthopaedic Clinic,  Bengaluru Urban, Bengaluru 560040",https://www.google.com/maps/search/Dr.%20Vasudeva%27s%20Orthopaedic%20Clinic%20Bengaluru%20Urban%20Bengaluru,OpenStreetMap Real Spatial Node
Sudharma Homeo Clinic,Bengaluru Urban,N/A,N/A,N/A,N/A (Contact Clinic),General Healthcare & Rehab,N/A,N/A,N/A,"Sudharma Homeo Clinic,  Bengaluru Urban, Bengaluru 560040",https://www.google.com/maps/search/Sudharma%20Homeo%20Clinic%20Bengaluru%20Urban%20Bengaluru,OpenStreetMap Real Spatial Node
Sri Sai Dental Esthetic & Surgical Clinic,Bengaluru Urban,N/A,N/A,N/A,N/A (Contact Clinic),General Healthcare & Rehab,N/A,N/A,N/A,"Sri Sai Dental Esthetic & Surgical Clinic,  Bengaluru Urban, Bengaluru 560040",https://www.google.com/maps/search/Sri%20Sai%20Dental%20Esthetic%20%26%20Surgical%20Clinic%20Bengaluru%20Urban%20Bengaluru,OpenStreetMap Real Spatial Node
Ideal Health Care Centre,Bengaluru Urban,N/A,N/A,N/A,N/A (Contact Clinic),General Healthcare & Rehab,N/A,N/A,N/A,"Ideal Health Care Centre,  Bengaluru Urban, Bengaluru 560056",https://www.google.com/maps/search/Ideal%20Health%20Care%20Centre%20Bengaluru%20Urban%20Bengaluru,OpenStreetMap Real Spatial Node
GHOC Clinic,Bengaluru Urban,N/A,N/A,N/A,N/A (Contact Clinic),General Healthcare & Rehab,N/A,N/A,N/A,"GHOC Clinic,  Bengaluru Urban, Bengaluru 560104",https://www.google.com/maps/search/GHOC%20Clinic%20Bengaluru%20Urban%20Bengaluru,OpenStreetMap Real Spatial Node
Smile Studio Oral Care,Bengaluru Urban,N/A,N/A,N/A,N/A (Contact Clinic),General Healthcare & Rehab,N/A,N/A,N/A,"Smile Studio Oral Care,  Bengaluru Urban, Bengaluru 560040",https://www.google.com/maps/search/Smile%20Studio%20Oral%20Care%20Bengaluru%20Urban%20Bengaluru,OpenStreetMap Real Spatial Node
Dr. Veena's Ayurvedalaya,Bengaluru Urban,N/A,N/A,N/A,N/A (Contact Clinic),General Healthcare & Rehab,N/A,N/A,N/A,"Dr. Veena's Ayurvedalaya,  Bengaluru Urban, Bengaluru 560072",https://www.google.com/maps/search/Dr.%20Veena%27s%20Ayurvedalaya%20Bengaluru%20Urban%20Bengaluru,OpenStreetMap Real Spatial Node
Chethana Homeo Clinic,Bengaluru Urban,N/A,N/A,N/A,N/A (Contact Clinic),General Healthcare & Rehab,N/A,N/A,N/A,"Chethana Homeo Clinic,  Bengaluru Urban, Bengaluru 560040",https://www.google.com/maps/search/Chethana%20Homeo%20Clinic%20Bengaluru%20Urban%20Bengaluru,OpenStreetMap Real Spatial Node
Nandini Children Clinic,Bengaluru Urban,N/A,N/A,N/A,N/A (Contact Clinic),General Healthcare & Rehab,N/A,N/A,N/A,"Nandini Children Clinic,  Bengaluru Urban, Bengaluru 560040",https://www.google.com/maps/search/Nandini%20Children%20Clinic%20Bengaluru%20Urban%20Bengaluru,OpenStreetMap Real Spatial Node
Pandu Eye Clinic,Bengaluru Urban,N/A,N/A,N/A,N/A (Contact Clinic),General Healthcare & Rehab,N/A,N/A,N/A,"Pandu Eye Clinic,  Bengaluru Urban, Bengaluru 560017",https://www.google.com/maps/search/Pandu%20Eye%20Clinic%20Bengaluru%20Urban%20Bengaluru,OpenStreetMap Real Spatial Node
Samruddhi Health Care Centre,Bengaluru Urban,N/A,N/A,N/A,N/A (Contact Clinic),General Healthcare & Rehab,N/A,N/A,N/A,"Samruddhi Health Care Centre,  Bengaluru Urban, Bengaluru 560017",https://www.google.com/maps/search/Samruddhi%20Health%20Care%20Centre%20Bengaluru%20Urban%20Bengaluru,OpenStreetMap Real Spatial Node
Lifeline Polyclinic,Bengaluru Urban,N/A,N/A,N/A,N/A (Contact Clinic),General Healthcare & Rehab,N/A,N/A,N/A,"Lifeline Polyclinic,  Bengaluru Urban, Bengaluru 560017",https://www.google.com/maps/search/Lifeline%20Polyclinic%20Bengaluru%20Urban%20Bengaluru,OpenStreetMap Real Spatial Node
Sri Balaji Clinic,Bengaluru Urban,N/A,N/A,N/A,N/A (Contact Clinic),General Healthcare & Rehab,N/A,N/A,N/A,"Sri Balaji Clinic,  Bengaluru Urban, Bengaluru 560075",https://www.google.com/maps/search/Sri%20Balaji%20Clinic%20Bengaluru%20Urban%20Bengaluru,OpenStreetMap Real Spatial Node
Cosmic Health Centre,Bengaluru Urban,N/A,N/A,N/A,N/A (Contact Clinic),General Healthcare & Rehab,N/A,N/A,N/A,"Cosmic Health Centre,  Bengaluru Urban, Bengaluru 560056",https://www.google.com/maps/search/Cosmic%20Health%20Centre%20Bengaluru%20Urban%20Bengaluru,OpenStreetMap Real Spatial Node
Deepak Clinic,Bengaluru Urban,N/A,N/A,N/A,N/A (Contact Clinic),General Healthcare & Rehab,N/A,N/A,N/A,"Deepak Clinic,  Bengaluru Urban, Bengaluru 560017",https://www.google.com/maps/search/Deepak%20Clinic%20Bengaluru%20Urban%20Bengaluru,OpenStreetMap Real Spatial Node
Ghagare Health Care Clinic,Bengaluru Urban,N/A,N/A,N/A,N/A (Contact Clinic),General Healthcare & Rehab,N/A,N/A,N/A,"Ghagare Health Care Clinic,  Bengaluru Urban, Bengaluru 560008",https://www.google.com/maps/search/Ghagare%20Health%20Care%20Clinic%20Bengaluru%20Urban%20Bengaluru,OpenStreetMap Real Spatial Node
Magdum Hospital,Bengaluru Urban,N/A,N/A,N/A,N/A (Contact Clinic),General Healthcare & Rehab,N/A,N/A,N/A,"Magdum Hospital,  Bengaluru Urban, Bengaluru 560017",https://www.google.com/maps/search/Magdum%20Hospital%20Bengaluru%20Urban%20Bengaluru,OpenStreetMap Real Spatial Node
Athoz Hospitals,Bengaluru Urban,N/A,N/A,N/A,N/A (Contact Clinic),General Healthcare & Rehab,N/A,N/A,N/A,"Athoz Hospitals,  Bengaluru Urban, Bengaluru 560008",https://www.google.com/maps/search/Athoz%20Hospitals%20Bengaluru%20Urban%20Bengaluru,OpenStreetMap Real Spatial Node
Pavithra Kids Care Clinic,Bengaluru Urban,N/A,N/A,N/A,N/A (Contact Clinic),General Healthcare & Rehab,N/A,N/A,N/A,"Pavithra Kids Care Clinic,  Bengaluru Urban, Bengaluru 560072",https://www.google.com/maps/search/Pavithra%20Kids%20Care%20Clinic%20Bengaluru%20Urban%20Bengaluru,OpenStreetMap Real Spatial Node
Anirudh Skin Clinic,Bengaluru Urban,N/A,N/A,N/A,N/A (Contact Clinic),General Healthcare & Rehab,N/A,N/A,N/A,"Anirudh Skin Clinic,  Bengaluru Urban, Bengaluru 560072",https://www.google.com/maps/search/Anirudh%20Skin%20Clinic%20Bengaluru%20Urban%20Bengaluru,OpenStreetMap Real Spatial Node
Sri Krishna Clinic,Bengaluru Urban,N/A,N/A,N/A,N/A (Contact Clinic),General Healthcare & Rehab,N/A,N/A,N/A,"Sri Krishna Clinic,  Bengaluru Urban, Bengaluru 560010",https://www.google.com/maps/search/Sri%20Krishna%20Clinic%20Bengaluru%20Urban%20Bengaluru,OpenStreetMap Real Spatial Node
AR Diagnostic Healthcare and Polyclinic,Bengaluru Urban,N/A,N/A,N/A,N/A (Contact Clinic),General Healthcare & Rehab,N/A,N/A,N/A,"AR Diagnostic Healthcare and Polyclinic,  Bengaluru Urban, Bengaluru 560017",https://www.google.com/maps/search/AR%20Diagnostic%20Healthcare%20and%20Polyclinic%20Bengaluru%20Urban%20Bengaluru,OpenStreetMap Real Spatial Node
Dr. Reddy ENT Care Centre,Bengaluru Urban,N/A,N/A,N/A,N/A (Contact Clinic),General Healthcare & Rehab,N/A,N/A,N/A,"Dr. Reddy ENT Care Centre,  Bengaluru Urban, Bengaluru 560072",https://www.google.com/maps/search/Dr.%20Reddy%20ENT%20Care%20Centre%20Bengaluru%20Urban%20Bengaluru,OpenStreetMap Real Spatial Node
Darshan Clinic,Bengaluru Urban,N/A,N/A,N/A,N/A (Contact Clinic),General Healthcare & Rehab,N/A,N/A,N/A,"Darshan Clinic,  Bengaluru Urban, Bengaluru 560040",https://www.google.com/maps/search/Darshan%20Clinic%20Bengaluru%20Urban%20Bengaluru,OpenStreetMap Real Spatial Node
Shivjyoti Clinic,Bengaluru Urban,N/A,N/A,N/A,N/A (Contact Clinic),General Healthcare & Rehab,N/A,N/A,N/A,"Shivjyoti Clinic,  Bengaluru Urban, Bengaluru 560008",https://www.google.com/maps/search/Shivjyoti%20Clinic%20Bengaluru%20Urban%20Bengaluru,OpenStreetMap Real Spatial Node
Guru Shree Polyclinic,Bengaluru Urban,N/A,N/A,N/A,N/A (Contact Clinic),General Healthcare & Rehab,N/A,N/A,N/A,"Guru Shree Polyclinic,  Bengaluru Urban, Bengaluru 560072",https://www.google.com/maps/search/Guru%20Shree%20Polyclinic%20Bengaluru%20Urban%20Bengaluru,OpenStreetMap Real Spatial Node
Golden Blossom Dental Care,Bengaluru Urban,N/A,N/A,N/A,N/A (Contact Clinic),General Healthcare & Rehab,N/A,N/A,N/A,"Golden Blossom Dental Care,  Bengaluru Urban, Bengaluru 560071",https://www.google.com/maps/search/Golden%20Blossom%20Dental%20Care%20Bengaluru%20Urban%20Bengaluru,OpenStreetMap Real Spatial Node
Dr. Banerjee Homeopathy Clinic,Bengaluru Urban,N/A,N/A,N/A,N/A (Contact Clinic),General Healthcare & Rehab,N/A,N/A,N/A,"Dr. Banerjee Homeopathy Clinic,  Bengaluru Urban, Bengaluru 560008",https://www.google.com/maps/search/Dr.%20Banerjee%20Homeopathy%20Clinic%20Bengaluru%20Urban%20Bengaluru,OpenStreetMap Real Spatial Node
Orthotrend Clinic,Bengaluru Urban,N/A,N/A,N/A,N/A (Contact Clinic),Orthopedic & Spine Care,N/A,N/A,N/A,"Orthotrend Clinic,  Bengaluru Urban, Bengaluru 560008",https://www.google.com/maps/search/Orthotrend%20Clinic%20Bengaluru%20Urban%20Bengaluru,OpenStreetMap Real Spatial Node
Orthopaedic Clinic,Bengaluru Urban,N/A,N/A,N/A,N/A (Contact Clinic),Orthopedic & Spine Care,N/A,N/A,N/A,"Orthopaedic Clinic,  Bengaluru Urban, Bengaluru 560040",https://www.google.com/maps/search/Orthopaedic%20Clinic%20Bengaluru%20Urban%20Bengaluru,OpenStreetMap Real Spatial Node
Evacare Women's Clinic,Bengaluru Urban,N/A,N/A,N/A,N/A (Contact Clinic),General Healthcare & Rehab,N/A,N/A,N/A,"Evacare Women's Clinic,  Bengaluru Urban, Bengaluru 560023",https://www.google.com/maps/search/Evacare%20Women%27s%20Clinic%20Bengaluru%20Urban%20Bengaluru,OpenStreetMap Real Spatial Node
Bluetooth Dental Clinic,Bengaluru Urban,N/A,N/A,N/A,N/A (Contact Clinic),General Healthcare & Rehab,N/A,N/A,N/A,"Bluetooth Dental Clinic,  Bengaluru Urban, Bengaluru 560001",https://www.google.com/maps/search/Bluetooth%20Dental%20Clinic%20Bengaluru%20Urban%20Bengaluru,OpenStreetMap Real Spatial Node
Synergy Healthcare,Bengaluru Urban,N/A,N/A,N/A,N/A (Contact Clinic),General Healthcare & Rehab,N/A,N/A,N/A,"Synergy Healthcare,  Bengaluru Urban, Bengaluru 560040",https://www.google.com/maps/search/Synergy%20Healthcare%20Bengaluru%20Urban%20Bengaluru,OpenStreetMap Real Spatial Node
Bangalore Psoriasis Clinic,Bengaluru Urban,N/A,N/A,N/A,N/A (Contact Clinic),General Healthcare & Rehab,N/A,N/A,N/A,"Bangalore Psoriasis Clinic,  Bengaluru Urban, Bengaluru 560017",https://www.google.com/maps/search/Bangalore%20Psoriasis%20Clinic%20Bengaluru%20Urban%20Bengaluru,OpenStreetMap Real Spatial Node
SNP Homoeopathy Clinic,Bengaluru Urban,N/A,N/A,N/A,N/A (Contact Clinic),General Healthcare & Rehab,N/A,N/A,N/A,"SNP Homoeopathy Clinic,  Bengaluru Urban, Bengaluru 560017",https://www.google.com/maps/search/SNP%20Homoeopathy%20Clinic%20Bengaluru%20Urban%20Bengaluru,OpenStreetMap Real Spatial Node
Ranganatha Clinic,Bengaluru Urban,N/A,N/A,N/A,N/A (Contact Clinic),General Healthcare & Rehab,N/A,N/A,N/A,"Ranganatha Clinic,  Bengaluru Urban, Bengaluru 560079",https://www.google.com/maps/search/Ranganatha%20Clinic%20Bengaluru%20Urban%20Bengaluru,OpenStreetMap Real Spatial Node
Alpha Ortho Clinic,Bengaluru Urban,N/A,N/A,N/A,N/A (Contact Clinic),Orthopedic & Spine Care,N/A,N/A,N/A,"Alpha Ortho Clinic,  Bengaluru Urban, Bengaluru 560072",https://www.google.com/maps/search/Alpha%20Ortho%20Clinic%20Bengaluru%20Urban%20Bengaluru,OpenStreetMap Real Spatial Node
Vijaya Netralaya,Bengaluru Urban,N/A,N/A,N/A,N/A (Contact Clinic),General Healthcare & Rehab,N/A,N/A,N/A,"Vijaya Netralaya,  Bengaluru Urban, Bengaluru 560091",https://www.google.com/maps/search/Vijaya%20Netralaya%20Bengaluru%20Urban%20Bengaluru,OpenStreetMap Real Spatial Node
Dr. Hemant Agrawal,Bengaluru Urban,N/A,N/A,N/A,N/A (Contact Clinic),General Healthcare & Rehab,N/A,N/A,N/A,"Dr. Hemant Agrawal,  Bengaluru Urban, Bengaluru 560017",https://www.google.com/maps/search/Dr.%20Hemant%20Agrawal%20Bengaluru%20Urban%20Bengaluru,OpenStreetMap Real Spatial Node
Dr. Mahesh Clinic,Bengaluru Urban,N/A,N/A,N/A,N/A (Contact Clinic),General Healthcare & Rehab,N/A,N/A,N/A,"Dr. Mahesh Clinic,  Bengaluru Urban, Bengaluru 560056",https://www.google.com/maps/search/Dr.%20Mahesh%20Clinic%20Bengaluru%20Urban%20Bengaluru,OpenStreetMap Real Spatial Node
PS Health Care Centre,Bengaluru Urban,N/A,N/A,N/A,N/A (Contact Clinic),General Healthcare & Rehab,N/A,N/A,N/A,"PS Health Care Centre,  Bengaluru Urban, Bengaluru 560040",https://www.google.com/maps/search/PS%20Health%20Care%20Centre%20Bengaluru%20Urban%20Bengaluru,OpenStreetMap Real Spatial Node
Disha Kids Clinic,Bengaluru Urban,N/A,N/A,N/A,N/A (Contact Clinic),General Healthcare & Rehab,N/A,N/A,N/A,"Disha Kids Clinic,  Bengaluru Urban, Bengaluru 560072",https://www.google.com/maps/search/Disha%20Kids%20Clinic%20Bengaluru%20Urban%20Bengaluru,OpenStreetMap Real Spatial Node
N N Homeo clinic,Bengaluru Urban,N/A,N/A,N/A,N/A (Contact Clinic),General Healthcare & Rehab,N/A,N/A,N/A,"N N Homeo clinic,  Bengaluru Urban, Bengaluru 560040",https://www.google.com/maps/search/N%20N%20Homeo%20clinic%20Bengaluru%20Urban%20Bengaluru,OpenStreetMap Real Spatial Node
Rai Clinic,Bengaluru Urban,N/A,N/A,N/A,N/A (Contact Clinic),General Healthcare & Rehab,N/A,N/A,N/A,"Rai Clinic,  Bengaluru Urban, Bengaluru 560008",https://www.google.com/maps/search/Rai%20Clinic%20Bengaluru%20Urban%20Bengaluru,OpenStreetMap Real Spatial Node
Anjaneya Homeo Care,Bengaluru Urban,N/A,N/A,N/A,N/A (Contact Clinic),General Healthcare & Rehab,N/A,N/A,N/A,"Anjaneya Homeo Care,  Bengaluru Urban, Bengaluru 560100",https://www.google.com/maps/search/Anjaneya%20Homeo%20Care%20Bengaluru%20Urban%20Bengaluru,OpenStreetMap Real Spatial Node
Gayathri Dental Clinic,Bengaluru Urban,N/A,N/A,N/A,N/A (Contact Clinic),General Healthcare & Rehab,N/A,N/A,N/A,"Gayathri Dental Clinic,  Bengaluru Urban, Bengaluru 560076",https://www.google.com/maps/search/Gayathri%20Dental%20Clinic%20Bengaluru%20Urban%20Bengaluru,OpenStreetMap Real Spatial Node
Svasthir Care Centre,Bengaluru Urban,N/A,N/A,N/A,N/A (Contact Clinic),General Healthcare & Rehab,N/A,N/A,N/A,"Svasthir Care Centre,  Bengaluru Urban, Bengaluru 560099",https://www.google.com/maps/search/Svasthir%20Care%20Centre%20Bengaluru%20Urban%20Bengaluru,OpenStreetMap Real Spatial Node
Niyati Children Clinic,Bengaluru Urban,N/A,N/A,N/A,N/A (Contact Clinic),General Healthcare & Rehab,N/A,N/A,N/A,"Niyati Children Clinic,  Bengaluru Urban, Bengaluru 560076",https://www.google.com/maps/search/Niyati%20Children%20Clinic%20Bengaluru%20Urban%20Bengaluru,OpenStreetMap Real Spatial Node
Sri Sai Clinic,Bengaluru Urban,N/A,N/A,N/A,N/A (Contact Clinic),General Healthcare & Rehab,N/A,N/A,N/A,"Sri Sai Clinic,  Bengaluru Urban, Bengaluru 560100",https://www.google.com/maps/search/Sri%20Sai%20Clinic%20Bengaluru%20Urban%20Bengaluru,OpenStreetMap Real Spatial Node
Thirumala clinic,Bengaluru Urban,N/A,N/A,N/A,N/A (Contact Clinic),General Healthcare & Rehab,N/A,N/A,N/A,"Thirumala clinic,  Bengaluru Urban, Bengaluru 560099",https://www.google.com/maps/search/Thirumala%20clinic%20Bengaluru%20Urban%20Bengaluru,OpenStreetMap Real Spatial Node
Sri Sai Hospitals,Bengaluru Urban,N/A,N/A,N/A,N/A (Contact Clinic),General Healthcare & Rehab,N/A,N/A,N/A,"Sri Sai Hospitals,  Bengaluru Urban, Bengaluru 562107",https://www.google.com/maps/search/Sri%20Sai%20Hospitals%20Bengaluru%20Urban%20Bengaluru,OpenStreetMap Real Spatial Node
Sarathi Clinic,Bengaluru Urban,N/A,N/A,N/A,N/A (Contact Clinic),General Healthcare & Rehab,N/A,N/A,N/A,"Sarathi Clinic,  Bengaluru Urban, Bengaluru 562107",https://www.google.com/maps/search/Sarathi%20Clinic%20Bengaluru%20Urban%20Bengaluru,OpenStreetMap Real Spatial Node
Rajashri Grandhim Hospitals,Bengaluru Urban,N/A,N/A,N/A,N/A (Contact Clinic),General Healthcare & Rehab,N/A,N/A,N/A,"Rajashri Grandhim Hospitals,  Bengaluru Urban, Bengaluru 560076",https://www.google.com/maps/search/Rajashri%20Grandhim%20Hospitals%20Bengaluru%20Urban%20Bengaluru,OpenStreetMap Real Spatial Node
Sapthagiri Clinic,Bengaluru Urban,N/A,N/A,N/A,N/A (Contact Clinic),General Healthcare & Rehab,N/A,N/A,N/A,"Sapthagiri Clinic,  Bengaluru Urban, Bengaluru 562107",https://www.google.com/maps/search/Sapthagiri%20Clinic%20Bengaluru%20Urban%20Bengaluru,OpenStreetMap Real Spatial Node
Goldage Hospital,Bengaluru Urban,N/A,N/A,N/A,N/A (Contact Clinic),General Healthcare & Rehab,N/A,N/A,N/A,"Goldage Hospital,  Bengaluru Urban, Bengaluru 560068",https://www.google.com/maps/search/Goldage%20Hospital%20Bengaluru%20Urban%20Bengaluru,OpenStreetMap Real Spatial Node
Shree Vinayaka Multispeciality Centre,Bengaluru Urban,N/A,N/A,N/A,N/A (Contact Clinic),General Healthcare & Rehab,N/A,N/A,N/A,"Shree Vinayaka Multispeciality Centre,  Bengaluru Urban, Bengaluru 560106",https://www.google.com/maps/search/Shree%20Vinayaka%20Multispeciality%20Centre%20Bengaluru%20Urban%20Bengaluru,OpenStreetMap Real Spatial Node
E-City Allergy & Asthma Specialty Clinic,Bengaluru Urban,N/A,N/A,N/A,N/A (Contact Clinic),General Healthcare & Rehab,N/A,N/A,N/A,"E-City Allergy & Asthma Specialty Clinic,  Bengaluru Urban, Bengaluru 560099",https://www.google.com/maps/search/E-City%20Allergy%20%26%20Asthma%20Specialty%20Clinic%20Bengaluru%20Urban%20Bengaluru,OpenStreetMap Real Spatial Node
RMHC Homeopathy Clinic,Bengaluru Urban,N/A,N/A,N/A,N/A (Contact Clinic),General Healthcare & Rehab,N/A,N/A,N/A,"RMHC Homeopathy Clinic,  Bengaluru Urban, Bengaluru 560099",https://www.google.com/maps/search/RMHC%20Homeopathy%20Clinic%20Bengaluru%20Urban%20Bengaluru,OpenStreetMap Real Spatial Node
Partha Dental Clinic,Bengaluru Urban,N/A,N/A,N/A,N/A (Contact Clinic),General Healthcare & Rehab,N/A,N/A,N/A,"Partha Dental Clinic,  Bengaluru Urban, Bengaluru 560100",https://www.google.com/maps/search/Partha%20Dental%20Clinic%20Bengaluru%20Urban%20Bengaluru,OpenStreetMap Real Spatial Node
Sri Saptagiri Clinic,Bengaluru Urban,N/A,N/A,N/A,N/A (Contact Clinic),General Healthcare & Rehab,N/A,N/A,N/A,"Sri Saptagiri Clinic,  Bengaluru Urban, Bengaluru 560100",https://www.google.com/maps/search/Sri%20Saptagiri%20Clinic%20Bengaluru%20Urban%20Bengaluru,OpenStreetMap Real Spatial Node
Shrinivasa Clinic,Bengaluru Urban,N/A,N/A,N/A,N/A (Contact Clinic),General Healthcare & Rehab,N/A,N/A,N/A,"Shrinivasa Clinic,  Bengaluru Urban, Bengaluru 562107",https://www.google.com/maps/search/Shrinivasa%20Clinic%20Bengaluru%20Urban%20Bengaluru,OpenStreetMap Real Spatial Node
Dr. Shankar's Ear Nose & Throat,Bengaluru Urban,N/A,N/A,N/A,N/A (Contact Clinic),General Healthcare & Rehab,N/A,N/A,N/A,"Dr. Shankar's Ear Nose & Throat,  Bengaluru Urban, Bengaluru 560076",https://www.google.com/maps/search/Dr.%20Shankar%27s%20Ear%20Nose%20%26%20Throat%20Bengaluru%20Urban%20Bengaluru,OpenStreetMap Real Spatial Node
The Child Clinic,Bengaluru Urban,N/A,N/A,N/A,N/A (Contact Clinic),General Healthcare & Rehab,N/A,N/A,N/A,"The Child Clinic,  Bengaluru Urban, Bengaluru 560076",https://www.google.com/maps/search/The%20Child%20Clinic%20Bengaluru%20Urban%20Bengaluru,OpenStreetMap Real Spatial Node
Swarna Clinic,Bengaluru Urban,N/A,N/A,N/A,N/A (Contact Clinic),General Healthcare & Rehab,N/A,N/A,N/A,"Swarna Clinic,  Bengaluru Urban, Bengaluru 560076",https://www.google.com/maps/search/Swarna%20Clinic%20Bengaluru%20Urban%20Bengaluru,OpenStreetMap Real Spatial Node
Mahima Clinic,Bengaluru Urban,N/A,N/A,N/A,N/A (Contact Clinic),General Healthcare & Rehab,N/A,N/A,N/A,"Mahima Clinic,  Bengaluru Urban, Bengaluru 560076",https://www.google.com/maps/search/Mahima%20Clinic%20Bengaluru%20Urban%20Bengaluru,OpenStreetMap Real Spatial Node
Jaya Krishna Clinic,Bengaluru Urban,N/A,N/A,N/A,N/A (Contact Clinic),General Healthcare & Rehab,N/A,N/A,N/A,"Jaya Krishna Clinic,  Bengaluru Urban, Bengaluru 560081",https://www.google.com/maps/search/Jaya%20Krishna%20Clinic%20Bengaluru%20Urban%20Bengaluru,OpenStreetMap Real Spatial Node
Balaji Clinic,Bengaluru Urban,N/A,N/A,N/A,N/A (Contact Clinic),General Healthcare & Rehab,N/A,N/A,N/A,"Balaji Clinic,  Bengaluru Urban, Bengaluru 562106",https://www.google.com/maps/search/Balaji%20Clinic%20Bengaluru%20Urban%20Bengaluru,OpenStreetMap Real Spatial Node
Saraswathi Healthcare,Bengaluru Urban,N/A,N/A,N/A,N/A (Contact Clinic),General Healthcare & Rehab,N/A,N/A,N/A,"Saraswathi Healthcare,  Bengaluru Urban, Bengaluru 562107",https://www.google.com/maps/search/Saraswathi%20Healthcare%20Bengaluru%20Urban%20Bengaluru,OpenStreetMap Real Spatial Node
Vita Family Clinic,Bengaluru Urban,N/A,N/A,N/A,N/A (Contact Clinic),General Healthcare & Rehab,N/A,N/A,N/A,"Vita Family Clinic,  Bengaluru Urban, Bengaluru 560068",https://www.google.com/maps/search/Vita%20Family%20Clinic%20Bengaluru%20Urban%20Bengaluru,OpenStreetMap Real Spatial Node
Yashaayu Multi Speciality Ayurveda and Panchakarma Centre,Bengaluru Urban,N/A,N/A,N/A,N/A (Contact Clinic),General Healthcare & Rehab,N/A,N/A,N/A,"Yashaayu Multi Speciality Ayurveda and Panchakarma Centre,  Bengaluru Urban, Bengaluru 560100",https://www.google.com/maps/search/Yashaayu%20Multi%20Speciality%20Ayurveda%20and%20Panchakarma%20Centre%20Bengaluru%20Urban%20Bengaluru,OpenStreetMap Real Spatial Node
Life is Beautiful Clinic,Bengaluru Urban,N/A,N/A,N/A,N/A (Contact Clinic),General Healthcare & Rehab,N/A,N/A,N/A,"Life is Beautiful Clinic,  Bengaluru Urban, Bengaluru 560004",https://www.google.com/maps/search/Life%20is%20Beautiful%20Clinic%20Bengaluru%20Urban%20Bengaluru,OpenStreetMap Real Spatial Node
Preeti ENT Clinic,Bengaluru Urban,N/A,N/A,N/A,N/A (Contact Clinic),General Healthcare & Rehab,N/A,N/A,N/A,"Preeti ENT Clinic,  Bengaluru Urban, Bengaluru 560004",https://www.google.com/maps/search/Preeti%20ENT%20Clinic%20Bengaluru%20Urban%20Bengaluru,OpenStreetMap Real Spatial Node
Happy Heart Cardiac & Diabetes Clinic,Bengaluru Urban,N/A,N/A,N/A,N/A (Contact Clinic),General Healthcare & Rehab,N/A,N/A,N/A,"Happy Heart Cardiac & Diabetes Clinic,  Bengaluru Urban, Bengaluru 560047",https://www.google.com/maps/search/Happy%20Heart%20Cardiac%20%26%20Diabetes%20Clinic%20Bengaluru%20Urban%20Bengaluru,OpenStreetMap Real Spatial Node
Priya Clinic,Bengaluru Urban,N/A,N/A,N/A,N/A (Contact Clinic),General Healthcare & Rehab,N/A,N/A,N/A,"Priya Clinic,  Bengaluru Urban, Bengaluru 560053",https://www.google.com/maps/search/Priya%20Clinic%20Bengaluru%20Urban%20Bengaluru,OpenStreetMap Real Spatial Node
Vaidya shaam singh memorial nursing home,Bengaluru Urban,N/A,N/A,N/A,N/A (Contact Clinic),General Healthcare & Rehab,N/A,N/A,N/A,"Vaidya shaam singh memorial nursing home,  Bengaluru Urban, Bengaluru",https://www.google.com/maps/search/Vaidya%20shaam%20singh%20memorial%20nursing%20home%20Bengaluru%20Urban%20Bengaluru,OpenStreetMap Real Spatial Node
Zama Health Care,Bengaluru Urban,N/A,N/A,N/A,N/A (Contact Clinic),General Healthcare & Rehab,N/A,N/A,N/A,"Zama Health Care,  Bengaluru Urban, Bengaluru 560047",https://www.google.com/maps/search/Zama%20Health%20Care%20Bengaluru%20Urban%20Bengaluru,OpenStreetMap Real Spatial Node
Ashraya Clinic,Bengaluru Urban,N/A,N/A,N/A,N/A (Contact Clinic),General Healthcare & Rehab,N/A,N/A,N/A,"Ashraya Clinic,  Bengaluru Urban, Bengaluru",https://www.google.com/maps/search/Ashraya%20Clinic%20Bengaluru%20Urban%20Bengaluru,OpenStreetMap Real Spatial Node
Advanced Gastro Care,Bengaluru Urban,N/A,N/A,N/A,N/A (Contact Clinic),General Healthcare & Rehab,N/A,N/A,N/A,"Advanced Gastro Care,  Bengaluru Urban, Bengaluru",https://www.google.com/maps/search/Advanced%20Gastro%20Care%20Bengaluru%20Urban%20Bengaluru,OpenStreetMap Real Spatial Node
Rao's Uro Care,Bengaluru Urban,N/A,N/A,N/A,N/A (Contact Clinic),General Healthcare & Rehab,N/A,N/A,N/A,"Rao's Uro Care,  Bengaluru Urban, Bengaluru 560004",https://www.google.com/maps/search/Rao%27s%20Uro%20Care%20Bengaluru%20Urban%20Bengaluru,OpenStreetMap Real Spatial Node
Ragvan Clinic,Bengaluru Urban,N/A,N/A,N/A,N/A (Contact Clinic),General Healthcare & Rehab,N/A,N/A,N/A,"Ragvan Clinic,  Bengaluru Urban, Bengaluru 560004",https://www.google.com/maps/search/Ragvan%20Clinic%20Bengaluru%20Urban%20Bengaluru,OpenStreetMap Real Spatial Node
Ashirvad Clinic,Bengaluru Urban,N/A,N/A,N/A,N/A (Contact Clinic),General Healthcare & Rehab,N/A,N/A,N/A,"Ashirvad Clinic,  Bengaluru Urban, Bengaluru 560004",https://www.google.com/maps/search/Ashirvad%20Clinic%20Bengaluru%20Urban%20Bengaluru,OpenStreetMap Real Spatial Node
Children's Clinic,Bengaluru Urban,N/A,N/A,N/A,N/A (Contact Clinic),General Healthcare & Rehab,N/A,N/A,N/A,"Children's Clinic,  Bengaluru Urban, Bengaluru 560004",https://www.google.com/maps/search/Children%27s%20Clinic%20Bengaluru%20Urban%20Bengaluru,OpenStreetMap Real Spatial Node
Medall Healthcare,Bengaluru Urban,N/A,N/A,N/A,N/A (Contact Clinic),General Healthcare & Rehab,N/A,N/A,N/A,"Medall Healthcare,  Bengaluru Urban, Bengaluru 560004",https://www.google.com/maps/search/Medall%20Healthcare%20Bengaluru%20Urban%20Bengaluru,OpenStreetMap Real Spatial Node
Apollo Specialty Hospital,Bengaluru Urban,N/A,N/A,N/A,N/A (Contact Clinic),General Healthcare & Rehab,N/A,N/A,N/A,"Apollo Specialty Hospital,  Bengaluru Urban, Bengaluru 560011",https://www.google.com/maps/search/Apollo%20Specialty%20Hospital%20Bengaluru%20Urban%20Bengaluru,OpenStreetMap Real Spatial Node
Taranatha Ayurveda Mandira,Bengaluru Urban,N/A,N/A,N/A,N/A (Contact Clinic),General Healthcare & Rehab,N/A,N/A,N/A,"Taranatha Ayurveda Mandira,  Bengaluru Urban, Bengaluru 560004",https://www.google.com/maps/search/Taranatha%20Ayurveda%20Mandira%20Bengaluru%20Urban%20Bengaluru,OpenStreetMap Real Spatial Node
Sham Singh Clinic,Bengaluru Urban,N/A,N/A,N/A,N/A (Contact Clinic),General Healthcare & Rehab,N/A,N/A,N/A,"Sham Singh Clinic,  Bengaluru Urban, Bengaluru 560053",https://www.google.com/maps/search/Sham%20Singh%20Clinic%20Bengaluru%20Urban%20Bengaluru,OpenStreetMap Real Spatial Node
Dr. Shankar Desai Clinic,Bengaluru Urban,N/A,N/A,N/A,N/A (Contact Clinic),General Healthcare & Rehab,N/A,N/A,N/A,"Dr. Shankar Desai Clinic,  Bengaluru Urban, Bengaluru 560027",https://www.google.com/maps/search/Dr.%20Shankar%20Desai%20Clinic%20Bengaluru%20Urban%20Bengaluru,OpenStreetMap Real Spatial Node
Padma Sanjeev Clinic,Bengaluru Urban,N/A,N/A,N/A,N/A (Contact Clinic),General Healthcare & Rehab,N/A,N/A,N/A,"Padma Sanjeev Clinic,  Bengaluru Urban, Bengaluru 560070",https://www.google.com/maps/search/Padma%20Sanjeev%20Clinic%20Bengaluru%20Urban%20Bengaluru,OpenStreetMap Real Spatial Node
Shubha Clinic,Bengaluru Urban,N/A,N/A,N/A,N/A (Contact Clinic),General Healthcare & Rehab,N/A,N/A,N/A,"Shubha Clinic,  Bengaluru Urban, Bengaluru 560004",https://www.google.com/maps/search/Shubha%20Clinic%20Bengaluru%20Urban%20Bengaluru,OpenStreetMap Real Spatial Node
Kidney Care Centre,Bengaluru Urban,N/A,N/A,N/A,N/A (Contact Clinic),General Healthcare & Rehab,N/A,N/A,N/A,"Kidney Care Centre,  Bengaluru Urban, Bengaluru",https://www.google.com/maps/search/Kidney%20Care%20Centre%20Bengaluru%20Urban%20Bengaluru,OpenStreetMap Real Spatial Node
Ashwini Medical Specialist Centre,Bengaluru Urban,N/A,N/A,N/A,N/A (Contact Clinic),General Healthcare & Rehab,N/A,N/A,N/A,"Ashwini Medical Specialist Centre,  Bengaluru Urban, Bengaluru 560027",https://www.google.com/maps/search/Ashwini%20Medical%20Specialist%20Centre%20Bengaluru%20Urban%20Bengaluru,OpenStreetMap Real Spatial Node
ENT Care Centre,Bengaluru Urban,N/A,N/A,N/A,N/A (Contact Clinic),General Healthcare & Rehab,N/A,N/A,N/A,"ENT Care Centre,  Bengaluru Urban, Bengaluru",https://www.google.com/maps/search/ENT%20Care%20Centre%20Bengaluru%20Urban%20Bengaluru,OpenStreetMap Real Spatial Node
Kshema Childrens Surgical Clinic,Bengaluru Urban,N/A,N/A,N/A,N/A (Contact Clinic),General Healthcare & Rehab,N/A,N/A,N/A,"Kshema Childrens Surgical Clinic,  Bengaluru Urban, Bengaluru 560004",https://www.google.com/maps/search/Kshema%20Childrens%20Surgical%20Clinic%20Bengaluru%20Urban%20Bengaluru,OpenStreetMap Real Spatial Node
Raghu Homeopathy,Bengaluru Urban,N/A,N/A,N/A,N/A (Contact Clinic),General Healthcare & Rehab,N/A,N/A,N/A,"Raghu Homeopathy,  Bengaluru Urban, Bengaluru 560019",https://www.google.com/maps/search/Raghu%20Homeopathy%20Bengaluru%20Urban%20Bengaluru,OpenStreetMap Real Spatial Node
Zak Eye Clinic,Bengaluru Urban,N/A,N/A,N/A,N/A (Contact Clinic),General Healthcare & Rehab,N/A,N/A,N/A,"Zak Eye Clinic,  Bengaluru Urban, Bengaluru 560047",https://www.google.com/maps/search/Zak%20Eye%20Clinic%20Bengaluru%20Urban%20Bengaluru,OpenStreetMap Real Spatial Node
Sree Homeopathic Clinic,Bengaluru Urban,N/A,N/A,N/A,N/A (Contact Clinic),General Healthcare & Rehab,N/A,N/A,N/A,"Sree Homeopathic Clinic,  Bengaluru Urban, Bengaluru 560004",https://www.google.com/maps/search/Sree%20Homeopathic%20Clinic%20Bengaluru%20Urban%20Bengaluru,OpenStreetMap Real Spatial Node
Khincha Orthopaedic Centre,Bengaluru Urban,N/A,N/A,N/A,N/A (Contact Clinic),Orthopedic & Spine Care,N/A,N/A,N/A,"Khincha Orthopaedic Centre,  Bengaluru Urban, Bengaluru 560004",https://www.google.com/maps/search/Khincha%20Orthopaedic%20Centre%20Bengaluru%20Urban%20Bengaluru,OpenStreetMap Real Spatial Node
Ganesha Clinic,Bengaluru Urban,N/A,N/A,N/A,N/A (Contact Clinic),General Healthcare & Rehab,N/A,N/A,N/A,"Ganesha Clinic,  Bengaluru Urban, Bengaluru 560050",https://www.google.com/maps/search/Ganesha%20Clinic%20Bengaluru%20Urban%20Bengaluru,OpenStreetMap Real Spatial Node
Shantanu Ayurveda Clinic,Bengaluru Urban,N/A,N/A,N/A,N/A (Contact Clinic),General Healthcare & Rehab,N/A,N/A,N/A,"Shantanu Ayurveda Clinic,  Bengaluru Urban, Bengaluru",https://www.google.com/maps/search/Shantanu%20Ayurveda%20Clinic%20Bengaluru%20Urban%20Bengaluru,OpenStreetMap Real Spatial Node
Woodlands Clinic,Bengaluru Urban,N/A,N/A,N/A,N/A (Contact Clinic),General Healthcare & Rehab,N/A,N/A,N/A,"Woodlands Clinic,  Bengaluru Urban, Bengaluru 560027",https://www.google.com/maps/search/Woodlands%20Clinic%20Bengaluru%20Urban%20Bengaluru,OpenStreetMap Real Spatial Node
Trinity Hospital and Heart Foundation,Bengaluru Urban,N/A,N/A,N/A,N/A (Contact Clinic),General Healthcare & Rehab,N/A,N/A,N/A,"Trinity Hospital and Heart Foundation,  Bengaluru Urban, Bengaluru 560004",https://www.google.com/maps/search/Trinity%20Hospital%20and%20Heart%20Foundation%20Bengaluru%20Urban%20Bengaluru,OpenStreetMap Real Spatial Node
Orthodontic Maxillofacial Clinic,Bengaluru Urban,N/A,N/A,N/A,N/A (Contact Clinic),Orthopedic & Spine Care,N/A,N/A,N/A,"Orthodontic Maxillofacial Clinic,  Bengaluru Urban, Bengaluru 560025",https://www.google.com/maps/search/Orthodontic%20Maxillofacial%20Clinic%20Bengaluru%20Urban%20Bengaluru,OpenStreetMap Real Spatial Node
Matha Pitha Hospital,Bengaluru Urban,N/A,N/A,N/A,N/A (Contact Clinic),General Healthcare & Rehab,N/A,N/A,N/A,"Matha Pitha Hospital,  Bengaluru Urban, Bengaluru 560070",https://www.google.com/maps/search/Matha%20Pitha%20Hospital%20Bengaluru%20Urban%20Bengaluru,OpenStreetMap Real Spatial Node
Daksh Eye Care Centre,Bengaluru Urban,N/A,N/A,N/A,N/A (Contact Clinic),General Healthcare & Rehab,N/A,N/A,N/A,"Daksh Eye Care Centre,  Bengaluru Urban, Bengaluru 560025",https://www.google.com/maps/search/Daksh%20Eye%20Care%20Centre%20Bengaluru%20Urban%20Bengaluru,OpenStreetMap Real Spatial Node
Novel Hearing Care Centre,Bengaluru Urban,N/A,N/A,N/A,N/A (Contact Clinic),General Healthcare & Rehab,N/A,N/A,N/A,"Novel Hearing Care Centre,  Bengaluru Urban, Bengaluru",https://www.google.com/maps/search/Novel%20Hearing%20Care%20Centre%20Bengaluru%20Urban%20Bengaluru,OpenStreetMap Real Spatial Node
Happy Clinics - Multispeciality,Bengaluru Urban,N/A,N/A,N/A,N/A (Contact Clinic),General Healthcare & Rehab,N/A,N/A,N/A,"Happy Clinics - Multispeciality,  Bengaluru Urban, Bengaluru 560004",https://www.google.com/maps/search/Happy%20Clinics%20-%20Multispeciality%20Bengaluru%20Urban%20Bengaluru,OpenStreetMap Real Spatial Node
"Skin, Allergy, Cosmetology & Hair Clinic",Bengaluru Urban,N/A,N/A,N/A,N/A (Contact Clinic),General Healthcare & Rehab,N/A,N/A,N/A,"Skin, Allergy, Cosmetology & Hair Clinic,  Bengaluru Urban, Bengaluru 560004",https://www.google.com/maps/search/Skin%2C%20Allergy%2C%20Cosmetology%20%26%20Hair%20Clinic%20Bengaluru%20Urban%20Bengaluru,OpenStreetMap Real Spatial Node
Suhruda Clinic,Bengaluru Urban,N/A,N/A,N/A,N/A (Contact Clinic),General Healthcare & Rehab,N/A,N/A,N/A,"Suhruda Clinic,  Bengaluru Urban, Bengaluru 560018",https://www.google.com/maps/search/Suhruda%20Clinic%20Bengaluru%20Urban%20Bengaluru,OpenStreetMap Real Spatial Node
Yeshaswi Clinics,Bengaluru Urban,N/A,N/A,N/A,N/A (Contact Clinic),General Healthcare & Rehab,N/A,N/A,N/A,"Yeshaswi Clinics,  Bengaluru Urban, Bengaluru 560027",https://www.google.com/maps/search/Yeshaswi%20Clinics%20Bengaluru%20Urban%20Bengaluru,OpenStreetMap Real Spatial Node
Saraswathi Maternity Centre,Bengaluru Urban,N/A,N/A,N/A,N/A (Contact Clinic),General Healthcare & Rehab,N/A,N/A,N/A,"Saraswathi Maternity Centre,  Bengaluru Urban, Bengaluru",https://www.google.com/maps/search/Saraswathi%20Maternity%20Centre%20Bengaluru%20Urban%20Bengaluru,OpenStreetMap Real Spatial Node
Chamarajpete Skin care clinic,Bengaluru Urban,N/A,N/A,N/A,N/A (Contact Clinic),General Healthcare & Rehab,N/A,N/A,N/A,"Chamarajpete Skin care clinic,  Bengaluru Urban, Bengaluru 560018",https://www.google.com/maps/search/Chamarajpete%20Skin%20care%20clinic%20Bengaluru%20Urban%20Bengaluru,OpenStreetMap Real Spatial Node
Vijaya Nethralaya,Bengaluru Urban,N/A,N/A,N/A,N/A (Contact Clinic),General Healthcare & Rehab,N/A,N/A,N/A,"Vijaya Nethralaya,  Bengaluru Urban, Bengaluru 560019",https://www.google.com/maps/search/Vijaya%20Nethralaya%20Bengaluru%20Urban%20Bengaluru,OpenStreetMap Real Spatial Node
Malika Clinic,Bengaluru Urban,N/A,N/A,N/A,N/A (Contact Clinic),General Healthcare & Rehab,N/A,N/A,N/A,"Malika Clinic,  Bengaluru Urban, Bengaluru 560027",https://www.google.com/maps/search/Malika%20Clinic%20Bengaluru%20Urban%20Bengaluru,OpenStreetMap Real Spatial Node
Synergy Diabetes Clinic,Bengaluru Urban,N/A,N/A,N/A,N/A (Contact Clinic),General Healthcare & Rehab,N/A,N/A,N/A,"Synergy Diabetes Clinic,  Bengaluru Urban, Bengaluru 560004",https://www.google.com/maps/search/Synergy%20Diabetes%20Clinic%20Bengaluru%20Urban%20Bengaluru,OpenStreetMap Real Spatial Node
Tejas Clinic,Bengaluru Urban,N/A,N/A,N/A,N/A (Contact Clinic),General Healthcare & Rehab,N/A,N/A,N/A,"Tejas Clinic,  Bengaluru Urban, Bengaluru",https://www.google.com/maps/search/Tejas%20Clinic%20Bengaluru%20Urban%20Bengaluru,OpenStreetMap Real Spatial Node
Shyam Clinic,Bengaluru Urban,N/A,N/A,N/A,N/A (Contact Clinic),General Healthcare & Rehab,N/A,N/A,N/A,"Shyam Clinic,  Bengaluru Urban, Bengaluru 560002",https://www.google.com/maps/search/Shyam%20Clinic%20Bengaluru%20Urban%20Bengaluru,OpenStreetMap Real Spatial Node
Sri Sri Ayurveda Clinic,Bengaluru Urban,N/A,N/A,N/A,N/A (Contact Clinic),General Healthcare & Rehab,N/A,N/A,N/A,"Sri Sri Ayurveda Clinic,  Bengaluru Urban, Bengaluru 560004",https://www.google.com/maps/search/Sri%20Sri%20Ayurveda%20Clinic%20Bengaluru%20Urban%20Bengaluru,OpenStreetMap Real Spatial Node
Dave Gray Hospital,Bengaluru Urban,N/A,N/A,N/A,N/A (Contact Clinic),General Healthcare & Rehab,N/A,N/A,N/A,"Dave Gray Hospital,  Bengaluru Urban, Bengaluru 560004",https://www.google.com/maps/search/Dave%20Gray%20Hospital%20Bengaluru%20Urban%20Bengaluru,OpenStreetMap Real Spatial Node
Parimala Childrens Nursing Home,Bengaluru Urban,N/A,N/A,N/A,N/A (Contact Clinic),General Healthcare & Rehab,N/A,N/A,N/A,"Parimala Childrens Nursing Home,  Bengaluru Urban, Bengaluru 560050",https://www.google.com/maps/search/Parimala%20Childrens%20Nursing%20Home%20Bengaluru%20Urban%20Bengaluru,OpenStreetMap Real Spatial Node
Arya Vaidya Raksha Ayurveda,Bengaluru Urban,N/A,N/A,N/A,N/A (Contact Clinic),General Healthcare & Rehab,N/A,N/A,N/A,"Arya Vaidya Raksha Ayurveda,  Bengaluru Urban, Bengaluru 560097",https://www.google.com/maps/search/Arya%20Vaidya%20Raksha%20Ayurveda%20Bengaluru%20Urban%20Bengaluru,OpenStreetMap Real Spatial Node
Shekar Super Speciality Eye Centre,Bengaluru Urban,N/A,N/A,N/A,N/A (Contact Clinic),General Healthcare & Rehab,N/A,N/A,N/A,"Shekar Super Speciality Eye Centre,  Bengaluru Urban, Bengaluru 560097",https://www.google.com/maps/search/Shekar%20Super%20Speciality%20Eye%20Centre%20Bengaluru%20Urban%20Bengaluru,OpenStreetMap Real Spatial Node
Raja Rama's Homeopathy & Ayurvedic Centre,Bengaluru Urban,N/A,N/A,N/A,N/A (Contact Clinic),General Healthcare & Rehab,N/A,N/A,N/A,"Raja Rama's Homeopathy & Ayurvedic Centre,  Bengaluru Urban, Bengaluru 560043",https://www.google.com/maps/search/Raja%20Rama%27s%20Homeopathy%20%26%20Ayurvedic%20Centre%20Bengaluru%20Urban%20Bengaluru,OpenStreetMap Real Spatial Node
Poorna Heart and Women's Clinic,Bengaluru Urban,N/A,N/A,N/A,N/A (Contact Clinic),General Healthcare & Rehab,N/A,N/A,N/A,"Poorna Heart and Women's Clinic,  Bengaluru Urban, Bengaluru 560043",https://www.google.com/maps/search/Poorna%20Heart%20and%20Women%27s%20Clinic%20Bengaluru%20Urban%20Bengaluru,OpenStreetMap Real Spatial Node
Chethana Eye Clinic,Bengaluru Urban,N/A,N/A,N/A,N/A (Contact Clinic),General Healthcare & Rehab,N/A,N/A,N/A,"Chethana Eye Clinic,  Bengaluru Urban, Bengaluru 560045",https://www.google.com/maps/search/Chethana%20Eye%20Clinic%20Bengaluru%20Urban%20Bengaluru,OpenStreetMap Real Spatial Node
Shama Charitable Clinic,Bengaluru Urban,N/A,N/A,N/A,N/A (Contact Clinic),General Healthcare & Rehab,N/A,N/A,N/A,"Shama Charitable Clinic,  Bengaluru Urban, Bengaluru 560097",https://www.google.com/maps/search/Shama%20Charitable%20Clinic%20Bengaluru%20Urban%20Bengaluru,OpenStreetMap Real Spatial Node
Sangameshwara Clinic,Bengaluru Urban,N/A,N/A,N/A,N/A (Contact Clinic),General Healthcare & Rehab,N/A,N/A,N/A,"Sangameshwara Clinic,  Bengaluru Urban, Bengaluru 560092",https://www.google.com/maps/search/Sangameshwara%20Clinic%20Bengaluru%20Urban%20Bengaluru,OpenStreetMap Real Spatial Node
Anugraha Children's Clinic,Bengaluru Urban,N/A,N/A,N/A,N/A (Contact Clinic),General Healthcare & Rehab,N/A,N/A,N/A,"Anugraha Children's Clinic,  Bengaluru Urban, Bengaluru 560097",https://www.google.com/maps/search/Anugraha%20Children%27s%20Clinic%20Bengaluru%20Urban%20Bengaluru,OpenStreetMap Real Spatial Node
Oliva Skin and Hair Clinic,Bengaluru Urban,N/A,N/A,N/A,N/A (Contact Clinic),General Healthcare & Rehab,N/A,N/A,N/A,"Oliva Skin and Hair Clinic,  Bengaluru Urban, Bengaluru 560043",https://www.google.com/maps/search/Oliva%20Skin%20and%20Hair%20Clinic%20Bengaluru%20Urban%20Bengaluru,OpenStreetMap Real Spatial Node
Om Sai Clinic,Bengaluru Urban,N/A,N/A,N/A,N/A (Contact Clinic),General Healthcare & Rehab,N/A,N/A,N/A,"Om Sai Clinic,  Bengaluru Urban, Bengaluru 560097",https://www.google.com/maps/search/Om%20Sai%20Clinic%20Bengaluru%20Urban%20Bengaluru,OpenStreetMap Real Spatial Node
Rishi Acupuncture Clinic,Bengaluru Urban,N/A,N/A,N/A,N/A (Contact Clinic),General Healthcare & Rehab,N/A,N/A,N/A,"Rishi Acupuncture Clinic,  Bengaluru Urban, Bengaluru 560097",https://www.google.com/maps/search/Rishi%20Acupuncture%20Clinic%20Bengaluru%20Urban%20Bengaluru,OpenStreetMap Real Spatial Node
IMAX Clinic,Bengaluru Urban,N/A,N/A,N/A,N/A (Contact Clinic),General Healthcare & Rehab,N/A,N/A,N/A,"IMAX Clinic,  Bengaluru Urban, Bengaluru 560043",https://www.google.com/maps/search/IMAX%20Clinic%20Bengaluru%20Urban%20Bengaluru,OpenStreetMap Real Spatial Node
Pranav Diabetes Centre,Bengaluru Urban,N/A,N/A,N/A,N/A (Contact Clinic),General Healthcare & Rehab,N/A,N/A,N/A,"Pranav Diabetes Centre,  Bengaluru Urban, Bengaluru 560043",https://www.google.com/maps/search/Pranav%20Diabetes%20Centre%20Bengaluru%20Urban%20Bengaluru,OpenStreetMap Real Spatial Node
Janani Women & Kids Clinic,Bengaluru Urban,N/A,N/A,N/A,N/A (Contact Clinic),General Healthcare & Rehab,N/A,N/A,N/A,"Janani Women & Kids Clinic,  Bengaluru Urban, Bengaluru 560043",https://www.google.com/maps/search/Janani%20Women%20%26%20Kids%20Clinic%20Bengaluru%20Urban%20Bengaluru,OpenStreetMap Real Spatial Node
Sri Gopalan Clinic,Bengaluru Urban,N/A,N/A,N/A,N/A (Contact Clinic),General Healthcare & Rehab,N/A,N/A,N/A,"Sri Gopalan Clinic,  Bengaluru Urban, Bengaluru 560097",https://www.google.com/maps/search/Sri%20Gopalan%20Clinic%20Bengaluru%20Urban%20Bengaluru,OpenStreetMap Real Spatial Node
Twinkle Kids Child Care Speciality Clinic,Bengaluru Urban,N/A,N/A,N/A,N/A (Contact Clinic),General Healthcare & Rehab,N/A,N/A,N/A,"Twinkle Kids Child Care Speciality Clinic,  Bengaluru Urban, Bengaluru 560043",https://www.google.com/maps/search/Twinkle%20Kids%20Child%20Care%20Speciality%20Clinic%20Bengaluru%20Urban%20Bengaluru,OpenStreetMap Real Spatial Node
Nainda Advanced Eye Care Centre,Bengaluru Urban,N/A,N/A,N/A,N/A (Contact Clinic),General Healthcare & Rehab,N/A,N/A,N/A,"Nainda Advanced Eye Care Centre,  Bengaluru Urban, Bengaluru 560043",https://www.google.com/maps/search/Nainda%20Advanced%20Eye%20Care%20Centre%20Bengaluru%20Urban%20Bengaluru,OpenStreetMap Real Spatial Node
Bangalore Healthcare Centre,Bengaluru Urban,N/A,N/A,N/A,N/A (Contact Clinic),General Healthcare & Rehab,N/A,N/A,N/A,"Bangalore Healthcare Centre,  Bengaluru Urban, Bengaluru 560097",https://www.google.com/maps/search/Bangalore%20Healthcare%20Centre%20Bengaluru%20Urban%20Bengaluru,OpenStreetMap Real Spatial Node
Roots Skin Clinic,Bengaluru Urban,N/A,N/A,N/A,N/A (Contact Clinic),General Healthcare & Rehab,N/A,N/A,N/A,"Roots Skin Clinic,  Bengaluru Urban, Bengaluru 560043",https://www.google.com/maps/search/Roots%20Skin%20Clinic%20Bengaluru%20Urban%20Bengaluru,OpenStreetMap Real Spatial Node
Dr. Uma Homeo Clinic,Bengaluru Urban,N/A,N/A,N/A,N/A (Contact Clinic),General Healthcare & Rehab,N/A,N/A,N/A,"Dr. Uma Homeo Clinic,  Bengaluru Urban, Bengaluru 560024",https://www.google.com/maps/search/Dr.%20Uma%20Homeo%20Clinic%20Bengaluru%20Urban%20Bengaluru,OpenStreetMap Real Spatial Node
Dr. Archana's ENT Care Centre,Bengaluru Urban,N/A,N/A,N/A,N/A (Contact Clinic),General Healthcare & Rehab,N/A,N/A,N/A,"Dr. Archana's ENT Care Centre,  Bengaluru Urban, Bengaluru 560024",https://www.google.com/maps/search/Dr.%20Archana%27s%20ENT%20Care%20Centre%20Bengaluru%20Urban%20Bengaluru,OpenStreetMap Real Spatial Node
Vijaya Health Centre,Bengaluru Urban,N/A,N/A,N/A,N/A (Contact Clinic),General Healthcare & Rehab,N/A,N/A,N/A,"Vijaya Health Centre,  Bengaluru Urban, Bengaluru 560097",https://www.google.com/maps/search/Vijaya%20Health%20Centre%20Bengaluru%20Urban%20Bengaluru,OpenStreetMap Real Spatial Node
Honey Homeopathy Clinic,Bengaluru Urban,N/A,N/A,N/A,N/A (Contact Clinic),General Healthcare & Rehab,N/A,N/A,N/A,"Honey Homeopathy Clinic,  Bengaluru Urban, Bengaluru 560097",https://www.google.com/maps/search/Honey%20Homeopathy%20Clinic%20Bengaluru%20Urban%20Bengaluru,OpenStreetMap Real Spatial Node
"Vivekananda Health Global - Ayurveda, Naturopathy & Yoga",Bengaluru Urban,N/A,N/A,N/A,N/A (Contact Clinic),General Healthcare & Rehab,N/A,N/A,N/A,"Vivekananda Health Global - Ayurveda, Naturopathy & Yoga,  Bengaluru Urban, Bengaluru 560043",https://www.google.com/maps/search/Vivekananda%20Health%20Global%20-%20Ayurveda%2C%20Naturopathy%20%26%20Yoga%20Bengaluru%20Urban%20Bengaluru,OpenStreetMap Real Spatial Node
KMC Multispeciality Clinic,Bengaluru Urban,N/A,N/A,N/A,N/A (Contact Clinic),General Healthcare & Rehab,N/A,N/A,N/A,"KMC Multispeciality Clinic,  Bengaluru Urban, Bengaluru 560045",https://www.google.com/maps/search/KMC%20Multispeciality%20Clinic%20Bengaluru%20Urban%20Bengaluru,OpenStreetMap Real Spatial Node
Global Health Centre,Bengaluru Urban,N/A,N/A,N/A,N/A (Contact Clinic),General Healthcare & Rehab,N/A,N/A,N/A,"Global Health Centre,  Bengaluru Urban, Bengaluru 560097",https://www.google.com/maps/search/Global%20Health%20Centre%20Bengaluru%20Urban%20Bengaluru,OpenStreetMap Real Spatial Node
Sanjeevani Health Care,Bengaluru Urban,N/A,N/A,N/A,N/A (Contact Clinic),General Healthcare & Rehab,N/A,N/A,N/A,"Sanjeevani Health Care,  Bengaluru Urban, Bengaluru 560097",https://www.google.com/maps/search/Sanjeevani%20Health%20Care%20Bengaluru%20Urban%20Bengaluru,OpenStreetMap Real Spatial Node
Oskas Clinic,Bengaluru Urban,N/A,N/A,N/A,N/A (Contact Clinic),General Healthcare & Rehab,N/A,N/A,N/A,"Oskas Clinic,  Bengaluru Urban, Bengaluru 560097",https://www.google.com/maps/search/Oskas%20Clinic%20Bengaluru%20Urban%20Bengaluru,OpenStreetMap Real Spatial Node
Agastya Speciality Clinic,Bengaluru Urban,N/A,N/A,N/A,N/A (Contact Clinic),General Healthcare & Rehab,N/A,N/A,N/A,"Agastya Speciality Clinic,  Bengaluru Urban, Bengaluru 560024",https://www.google.com/maps/search/Agastya%20Speciality%20Clinic%20Bengaluru%20Urban%20Bengaluru,OpenStreetMap Real Spatial Node
Yashaswini ENT Clinic,Bengaluru Urban,N/A,N/A,N/A,N/A (Contact Clinic),General Healthcare & Rehab,N/A,N/A,N/A,"Yashaswini ENT Clinic,  Bengaluru Urban, Bengaluru 560097",https://www.google.com/maps/search/Yashaswini%20ENT%20Clinic%20Bengaluru%20Urban%20Bengaluru,OpenStreetMap Real Spatial Node
Krupa Homeopathic Clinic,Bengaluru Urban,N/A,N/A,N/A,N/A (Contact Clinic),General Healthcare & Rehab,N/A,N/A,N/A,"Krupa Homeopathic Clinic,  Bengaluru Urban, Bengaluru 560043",https://www.google.com/maps/search/Krupa%20Homeopathic%20Clinic%20Bengaluru%20Urban%20Bengaluru,OpenStreetMap Real Spatial Node
Sarwari Poly Clinic,Bengaluru Urban,N/A,N/A,N/A,N/A (Contact Clinic),General Healthcare & Rehab,N/A,N/A,N/A,"Sarwari Poly Clinic,  Bengaluru Urban, Bengaluru 560097",https://www.google.com/maps/search/Sarwari%20Poly%20Clinic%20Bengaluru%20Urban%20Bengaluru,OpenStreetMap Real Spatial Node
Dr. Dinakar's Child Care,Bengaluru Urban,N/A,N/A,N/A,N/A (Contact Clinic),General Healthcare & Rehab,N/A,N/A,N/A,"Dr. Dinakar's Child Care,  Bengaluru Urban, Bengaluru 560043",https://www.google.com/maps/search/Dr.%20Dinakar%27s%20Child%20Care%20Bengaluru%20Urban%20Bengaluru,OpenStreetMap Real Spatial Node
Dr. Josephs Holistic Health Care Clinic,Bengaluru Urban,N/A,N/A,N/A,N/A (Contact Clinic),General Healthcare & Rehab,N/A,N/A,N/A,"Dr. Josephs Holistic Health Care Clinic,  Bengaluru Urban, Bengaluru 560097",https://www.google.com/maps/search/Dr.%20Josephs%20Holistic%20Health%20Care%20Clinic%20Bengaluru%20Urban%20Bengaluru,OpenStreetMap Real Spatial Node
Vardhan Fertility,Bengaluru Urban,N/A,N/A,N/A,N/A (Contact Clinic),General Healthcare & Rehab,N/A,N/A,N/A,"Vardhan Fertility,  Bengaluru Urban, Bengaluru 560043",https://www.google.com/maps/search/Vardhan%20Fertility%20Bengaluru%20Urban%20Bengaluru,OpenStreetMap Real Spatial Node
Radhika clinic,Bengaluru Urban,N/A,N/A,N/A,N/A (Contact Clinic),General Healthcare & Rehab,N/A,N/A,N/A,"Radhika clinic,  Bengaluru Urban, Bengaluru 560097",https://www.google.com/maps/search/Radhika%20clinic%20Bengaluru%20Urban%20Bengaluru,OpenStreetMap Real Spatial Node
Ortho Care Clinic,Bengaluru Urban,N/A,N/A,N/A,N/A (Contact Clinic),Orthopedic & Spine Care,N/A,N/A,N/A,"Ortho Care Clinic,  Bengaluru Urban, Bengaluru 560097",https://www.google.com/maps/search/Ortho%20Care%20Clinic%20Bengaluru%20Urban%20Bengaluru,OpenStreetMap Real Spatial Node
Revive Skin and Hair Clinic,Bengaluru Urban,N/A,N/A,N/A,N/A (Contact Clinic),General Healthcare & Rehab,N/A,N/A,N/A,"Revive Skin and Hair Clinic,  Bengaluru Urban, Bengaluru 560097",https://www.google.com/maps/search/Revive%20Skin%20and%20Hair%20Clinic%20Bengaluru%20Urban%20Bengaluru,OpenStreetMap Real Spatial Node
Merlins Trichology Clinic,Bengaluru Urban,N/A,N/A,N/A,N/A (Contact Clinic),General Healthcare & Rehab,N/A,N/A,N/A,"Merlins Trichology Clinic,  Bengaluru Urban, Bengaluru 560024",https://www.google.com/maps/search/Merlins%20Trichology%20Clinic%20Bengaluru%20Urban%20Bengaluru,OpenStreetMap Real Spatial Node
Trinity Gastroenterology & Diagnostics,Bengaluru Urban,N/A,N/A,N/A,N/A (Contact Clinic),General Healthcare & Rehab,N/A,N/A,N/A,"Trinity Gastroenterology & Diagnostics,  Bengaluru Urban, Bengaluru 560043",https://www.google.com/maps/search/Trinity%20Gastroenterology%20%26%20Diagnostics%20Bengaluru%20Urban%20Bengaluru,OpenStreetMap Real Spatial Node
M J Child Clinic,Bengaluru Urban,N/A,N/A,N/A,N/A (Contact Clinic),General Healthcare & Rehab,N/A,N/A,N/A,"M J Child Clinic,  Bengaluru Urban, Bengaluru 560043",https://www.google.com/maps/search/M%20J%20Child%20Clinic%20Bengaluru%20Urban%20Bengaluru,OpenStreetMap Real Spatial Node
Jaeshta Children's Clinic,Bengaluru Urban,N/A,N/A,N/A,N/A (Contact Clinic),General Healthcare & Rehab,N/A,N/A,N/A,"Jaeshta Children's Clinic,  Bengaluru Urban, Bengaluru 560097",https://www.google.com/maps/search/Jaeshta%20Children%27s%20Clinic%20Bengaluru%20Urban%20Bengaluru,OpenStreetMap Real Spatial Node
Spandana Clinic,Bengaluru Urban,N/A,N/A,N/A,N/A (Contact Clinic),General Healthcare & Rehab,N/A,N/A,N/A,"Spandana Clinic,  Bengaluru Urban, Bengaluru 560097",https://www.google.com/maps/search/Spandana%20Clinic%20Bengaluru%20Urban%20Bengaluru,OpenStreetMap Real Spatial Node
Prarthana Home Health Care,Bengaluru Urban,N/A,N/A,N/A,N/A (Contact Clinic),General Healthcare & Rehab,N/A,N/A,N/A,"Prarthana Home Health Care,  Bengaluru Urban, Bengaluru 560097",https://www.google.com/maps/search/Prarthana%20Home%20Health%20Care%20Bengaluru%20Urban%20Bengaluru,OpenStreetMap Real Spatial Node
Mangala Gowri Clinic,Bengaluru Urban,N/A,N/A,N/A,N/A (Contact Clinic),General Healthcare & Rehab,N/A,N/A,N/A,"Mangala Gowri Clinic,  Bengaluru Urban, Bengaluru 560097",https://www.google.com/maps/search/Mangala%20Gowri%20Clinic%20Bengaluru%20Urban%20Bengaluru,OpenStreetMap Real Spatial Node
Dr. Murthy Ayurved Clinic,Bengaluru Urban,N/A,N/A,N/A,N/A (Contact Clinic),General Healthcare & Rehab,N/A,N/A,N/A,"Dr. Murthy Ayurved Clinic,  Bengaluru Urban, Bengaluru 560043",https://www.google.com/maps/search/Dr.%20Murthy%20Ayurved%20Clinic%20Bengaluru%20Urban%20Bengaluru,OpenStreetMap Real Spatial Node
Contura Clinic,Bengaluru Urban,N/A,N/A,N/A,N/A (Contact Clinic),General Healthcare & Rehab,N/A,N/A,N/A,"Contura Clinic,  Bengaluru Urban, Bengaluru 560043",https://www.google.com/maps/search/Contura%20Clinic%20Bengaluru%20Urban%20Bengaluru,OpenStreetMap Real Spatial Node
Ashwini Clinic,Bengaluru Urban,N/A,N/A,N/A,N/A (Contact Clinic),General Healthcare & Rehab,N/A,N/A,N/A,"Ashwini Clinic,  Bengaluru Urban, Bengaluru 560043",https://www.google.com/maps/search/Ashwini%20Clinic%20Bengaluru%20Urban%20Bengaluru,OpenStreetMap Real Spatial Node
Kalyan Eye Clinic,Bengaluru Urban,N/A,N/A,N/A,N/A (Contact Clinic),General Healthcare & Rehab,N/A,N/A,N/A,"Kalyan Eye Clinic,  Bengaluru Urban, Bengaluru 560043",https://www.google.com/maps/search/Kalyan%20Eye%20Clinic%20Bengaluru%20Urban%20Bengaluru,OpenStreetMap Real Spatial Node
Dr. Shekars Diabetes Speciality Centre,Bengaluru Urban,N/A,N/A,N/A,N/A (Contact Clinic),General Healthcare & Rehab,N/A,N/A,N/A,"Dr. Shekars Diabetes Speciality Centre,  Bengaluru Urban, Bengaluru 560092",https://www.google.com/maps/search/Dr.%20Shekars%20Diabetes%20Speciality%20Centre%20Bengaluru%20Urban%20Bengaluru,OpenStreetMap Real Spatial Node
Satish Poly Clinic,Bengaluru Urban,N/A,N/A,N/A,N/A (Contact Clinic),General Healthcare & Rehab,N/A,N/A,N/A,"Satish Poly Clinic,  Bengaluru Urban, Bengaluru 560097",https://www.google.com/maps/search/Satish%20Poly%20Clinic%20Bengaluru%20Urban%20Bengaluru,OpenStreetMap Real Spatial Node
Tranquil Healthcare,Bengaluru Urban,N/A,N/A,N/A,N/A (Contact Clinic),General Healthcare & Rehab,N/A,N/A,N/A,"Tranquil Healthcare,  Bengaluru Urban, Bengaluru 560043",https://www.google.com/maps/search/Tranquil%20Healthcare%20Bengaluru%20Urban%20Bengaluru,OpenStreetMap Real Spatial Node
Saaol Heart Centre,Bengaluru Urban,N/A,N/A,N/A,N/A (Contact Clinic),General Healthcare & Rehab,N/A,N/A,N/A,"Saaol Heart Centre,  Bengaluru Urban, Bengaluru 560024",https://www.google.com/maps/search/Saaol%20Heart%20Centre%20Bengaluru%20Urban%20Bengaluru,OpenStreetMap Real Spatial Node
Sneha Clinic,Bengaluru Urban,N/A,N/A,N/A,N/A (Contact Clinic),General Healthcare & Rehab,N/A,N/A,N/A,"Sneha Clinic,  Bengaluru Urban, Bengaluru 560043",https://www.google.com/maps/search/Sneha%20Clinic%20Bengaluru%20Urban%20Bengaluru,OpenStreetMap Real Spatial Node
Bangalore Spine Specialist Clinic,Bengaluru Urban,N/A,N/A,N/A,N/A (Contact Clinic),Orthopedic & Spine Care,N/A,N/A,N/A,"Bangalore Spine Specialist Clinic,  Bengaluru Urban, Bengaluru 560043",https://www.google.com/maps/search/Bangalore%20Spine%20Specialist%20Clinic%20Bengaluru%20Urban%20Bengaluru,OpenStreetMap Real Spatial Node
Eswar Women and Day Care Hospital,Bengaluru Urban,N/A,N/A,N/A,N/A (Contact Clinic),General Healthcare & Rehab,N/A,N/A,N/A,"Eswar Women and Day Care Hospital,  Bengaluru Urban, Bengaluru 560092",https://www.google.com/maps/search/Eswar%20Women%20and%20Day%20Care%20Hospital%20Bengaluru%20Urban%20Bengaluru,OpenStreetMap Real Spatial Node
Swarnarani Clinic,Bengaluru Urban,N/A,N/A,N/A,N/A (Contact Clinic),General Healthcare & Rehab,N/A,N/A,N/A,"Swarnarani Clinic,  Bengaluru Urban, Bengaluru 560097",https://www.google.com/maps/search/Swarnarani%20Clinic%20Bengaluru%20Urban%20Bengaluru,OpenStreetMap Real Spatial Node
Reachh Homeopathy Clinic,Bengaluru Urban,N/A,N/A,N/A,N/A (Contact Clinic),General Healthcare & Rehab,N/A,N/A,N/A,"Reachh Homeopathy Clinic,  Bengaluru Urban, Bengaluru 560043",https://www.google.com/maps/search/Reachh%20Homeopathy%20Clinic%20Bengaluru%20Urban%20Bengaluru,OpenStreetMap Real Spatial Node
Kanive Clinic,Bengaluru Urban,N/A,N/A,N/A,N/A (Contact Clinic),General Healthcare & Rehab,N/A,N/A,N/A,"Kanive Clinic,  Bengaluru Urban, Bengaluru 560097",https://www.google.com/maps/search/Kanive%20Clinic%20Bengaluru%20Urban%20Bengaluru,OpenStreetMap Real Spatial Node
Jawad ENT Clinic,Bengaluru Urban,N/A,N/A,N/A,N/A (Contact Clinic),General Healthcare & Rehab,N/A,N/A,N/A,"Jawad ENT Clinic,  Bengaluru Urban, Bengaluru 560043",https://www.google.com/maps/search/Jawad%20ENT%20Clinic%20Bengaluru%20Urban%20Bengaluru,OpenStreetMap Real Spatial Node
Sree Rajeshwari Homeo Clinic,Bengaluru Urban,N/A,N/A,N/A,N/A (Contact Clinic),General Healthcare & Rehab,N/A,N/A,N/A,"Sree Rajeshwari Homeo Clinic,  Bengaluru Urban, Bengaluru 560097",https://www.google.com/maps/search/Sree%20Rajeshwari%20Homeo%20Clinic%20Bengaluru%20Urban%20Bengaluru,OpenStreetMap Real Spatial Node
Shanthi Women's Healthcare Centre,Bengaluru Urban,N/A,N/A,N/A,N/A (Contact Clinic),General Healthcare & Rehab,N/A,N/A,N/A,"Shanthi Women's Healthcare Centre,  Bengaluru Urban, Bengaluru 560043",https://www.google.com/maps/search/Shanthi%20Women%27s%20Healthcare%20Centre%20Bengaluru%20Urban%20Bengaluru,OpenStreetMap Real Spatial Node
Kempaiah Clinic,Bengaluru Urban,N/A,N/A,N/A,N/A (Contact Clinic),General Healthcare & Rehab,N/A,N/A,N/A,"Kempaiah Clinic,  Bengaluru Urban, Bengaluru 560097",https://www.google.com/maps/search/Kempaiah%20Clinic%20Bengaluru%20Urban%20Bengaluru,OpenStreetMap Real Spatial Node
Cloudnine Fertility,Bengaluru Urban,N/A,N/A,N/A,N/A (Contact Clinic),General Healthcare & Rehab,N/A,N/A,N/A,"Cloudnine Fertility,  Bengaluru Urban, Bengaluru 560043",https://www.google.com/maps/search/Cloudnine%20Fertility%20Bengaluru%20Urban%20Bengaluru,OpenStreetMap Real Spatial Node
V Care Best Fertility IVF URO Kidney Centre,Bengaluru Urban,N/A,N/A,N/A,N/A (Contact Clinic),General Healthcare & Rehab,N/A,N/A,N/A,"V Care Best Fertility IVF URO Kidney Centre,  Bengaluru Urban, Bengaluru 560043",https://www.google.com/maps/search/V%20Care%20Best%20Fertility%20IVF%20URO%20Kidney%20Centre%20Bengaluru%20Urban%20Bengaluru,OpenStreetMap Real Spatial Node
Guruprasad Clinic,Bengaluru Urban,N/A,N/A,N/A,N/A (Contact Clinic),General Healthcare & Rehab,N/A,N/A,N/A,"Guruprasad Clinic,  Bengaluru Urban, Bengaluru 560064",https://www.google.com/maps/search/Guruprasad%20Clinic%20Bengaluru%20Urban%20Bengaluru,OpenStreetMap Real Spatial Node
Malavya Nursing Home,Bengaluru Urban,N/A,N/A,N/A,N/A (Contact Clinic),General Healthcare & Rehab,N/A,N/A,N/A,"Malavya Nursing Home,  Bengaluru Urban, Bengaluru 560064",https://www.google.com/maps/search/Malavya%20Nursing%20Home%20Bengaluru%20Urban%20Bengaluru,OpenStreetMap Real Spatial Node
Raksha Orthocare,Bengaluru Urban,N/A,N/A,N/A,N/A (Contact Clinic),Orthopedic & Spine Care,N/A,N/A,N/A,"Raksha Orthocare,  Bengaluru Urban, Bengaluru 560064",https://www.google.com/maps/search/Raksha%20Orthocare%20Bengaluru%20Urban%20Bengaluru,OpenStreetMap Real Spatial Node
Raksha health care,Bengaluru Urban,N/A,N/A,N/A,N/A (Contact Clinic),General Healthcare & Rehab,N/A,N/A,N/A,"Raksha health care,  Bengaluru Urban, Bengaluru 560064",https://www.google.com/maps/search/Raksha%20health%20care%20Bengaluru%20Urban%20Bengaluru,OpenStreetMap Real Spatial Node
Apex Poly Clinic,Bengaluru Urban,N/A,N/A,N/A,N/A (Contact Clinic),General Healthcare & Rehab,N/A,N/A,N/A,"Apex Poly Clinic,  Bengaluru Urban, Bengaluru 560064",https://www.google.com/maps/search/Apex%20Poly%20Clinic%20Bengaluru%20Urban%20Bengaluru,OpenStreetMap Real Spatial Node
Dr. Ashwin clinic,Bengaluru Urban,N/A,N/A,N/A,N/A (Contact Clinic),General Healthcare & Rehab,N/A,N/A,N/A,"Dr. Ashwin clinic,  Bengaluru Urban, Bengaluru 560063",https://www.google.com/maps/search/Dr.%20Ashwin%20clinic%20Bengaluru%20Urban%20Bengaluru,OpenStreetMap Real Spatial Node
Krishna Nethralaya,Bengaluru Urban,N/A,N/A,N/A,N/A (Contact Clinic),General Healthcare & Rehab,N/A,N/A,N/A,"Krishna Nethralaya,  Bengaluru Urban, Bengaluru 560064",https://www.google.com/maps/search/Krishna%20Nethralaya%20Bengaluru%20Urban%20Bengaluru,OpenStreetMap Real Spatial Node
Chirayu Clinic,Bengaluru Urban,N/A,N/A,N/A,N/A (Contact Clinic),General Healthcare & Rehab,N/A,N/A,N/A,"Chirayu Clinic,  Bengaluru Urban, Bengaluru 560064",https://www.google.com/maps/search/Chirayu%20Clinic%20Bengaluru%20Urban%20Bengaluru,OpenStreetMap Real Spatial Node
Janani Maternity & Women's Clinic,Bengaluru Urban,N/A,N/A,N/A,N/A (Contact Clinic),General Healthcare & Rehab,N/A,N/A,N/A,"Janani Maternity & Women's Clinic,  Bengaluru Urban, Bengaluru 560064",https://www.google.com/maps/search/Janani%20Maternity%20%26%20Women%27s%20Clinic%20Bengaluru%20Urban%20Bengaluru,OpenStreetMap Real Spatial Node
Sri Krishna Scanning and Diagnostic Centre,Bengaluru Urban,N/A,N/A,N/A,N/A (Contact Clinic),General Healthcare & Rehab,N/A,N/A,N/A,"Sri Krishna Scanning and Diagnostic Centre,  Bengaluru Urban, Bengaluru 560064",https://www.google.com/maps/search/Sri%20Krishna%20Scanning%20and%20Diagnostic%20Centre%20Bengaluru%20Urban%20Bengaluru,OpenStreetMap Real Spatial Node
Gayathri Clinic,Bengaluru Urban,N/A,N/A,N/A,N/A (Contact Clinic),General Healthcare & Rehab,N/A,N/A,N/A,"Gayathri Clinic,  Bengaluru Urban, Bengaluru 560106",https://www.google.com/maps/search/Gayathri%20Clinic%20Bengaluru%20Urban%20Bengaluru,OpenStreetMap Real Spatial Node
Chaithanya Poly Clinic,Bengaluru Urban,N/A,N/A,N/A,N/A (Contact Clinic),General Healthcare & Rehab,N/A,N/A,N/A,"Chaithanya Poly Clinic,  Bengaluru Urban, Bengaluru 560064",https://www.google.com/maps/search/Chaithanya%20Poly%20Clinic%20Bengaluru%20Urban%20Bengaluru,OpenStreetMap Real Spatial Node
Balaji Multispeciality Dental Clinic,Bengaluru Urban,N/A,N/A,N/A,N/A (Contact Clinic),General Healthcare & Rehab,N/A,N/A,N/A,"Balaji Multispeciality Dental Clinic,  Bengaluru Urban, Bengaluru 560064",https://www.google.com/maps/search/Balaji%20Multispeciality%20Dental%20Clinic%20Bengaluru%20Urban%20Bengaluru,OpenStreetMap Real Spatial Node
Primary Health Centre,Bengaluru Urban,N/A,N/A,N/A,N/A (Contact Clinic),General Healthcare & Rehab,N/A,N/A,N/A,"Primary Health Centre,  Bengaluru Urban, Bengaluru 562157",https://www.google.com/maps/search/Primary%20Health%20Centre%20Bengaluru%20Urban%20Bengaluru,OpenStreetMap Real Spatial Node
Shuban Diabetes Center,Bengaluru Urban,N/A,N/A,N/A,N/A (Contact Clinic),General Healthcare & Rehab,N/A,N/A,N/A,"Shuban Diabetes Center,  Bengaluru Urban, Bengaluru 560064",https://www.google.com/maps/search/Shuban%20Diabetes%20Center%20Bengaluru%20Urban%20Bengaluru,OpenStreetMap Real Spatial Node
Reva Health Centre,Bengaluru Urban,N/A,N/A,N/A,N/A (Contact Clinic),General Healthcare & Rehab,N/A,N/A,N/A,"Reva Health Centre,  Bengaluru Urban, Bengaluru 560064",https://www.google.com/maps/search/Reva%20Health%20Centre%20Bengaluru%20Urban%20Bengaluru,OpenStreetMap Real Spatial Node
Synapse Health Care,Bengaluru Urban,N/A,N/A,N/A,N/A (Contact Clinic),General Healthcare & Rehab,N/A,N/A,N/A,"Synapse Health Care,  Bengaluru Urban, Bengaluru 560064",https://www.google.com/maps/search/Synapse%20Health%20Care%20Bengaluru%20Urban%20Bengaluru,OpenStreetMap Real Spatial Node
Sri Sai Healthcare center,Bengaluru Urban,N/A,N/A,N/A,N/A (Contact Clinic),General Healthcare & Rehab,N/A,N/A,N/A,"Sri Sai Healthcare center,  Bengaluru Urban, Bengaluru 560064",https://www.google.com/maps/search/Sri%20Sai%20Healthcare%20center%20Bengaluru%20Urban%20Bengaluru,OpenStreetMap Real Spatial Node
SLV Poly Clinic,Bengaluru Urban,N/A,N/A,N/A,N/A (Contact Clinic),General Healthcare & Rehab,N/A,N/A,N/A,"SLV Poly Clinic,  Bengaluru Urban, Bengaluru 562149",https://www.google.com/maps/search/SLV%20Poly%20Clinic%20Bengaluru%20Urban%20Bengaluru,OpenStreetMap Real Spatial Node
Seven Hills Clinic,Bengaluru Urban,N/A,N/A,N/A,N/A (Contact Clinic),General Healthcare & Rehab,N/A,N/A,N/A,"Seven Hills Clinic,  Bengaluru Urban, Bengaluru 560063",https://www.google.com/maps/search/Seven%20Hills%20Clinic%20Bengaluru%20Urban%20Bengaluru,OpenStreetMap Real Spatial Node
Ganga ENT Clinic,Bengaluru Urban,N/A,N/A,N/A,N/A (Contact Clinic),General Healthcare & Rehab,N/A,N/A,N/A,"Ganga ENT Clinic,  Bengaluru Urban, Bengaluru 560063",https://www.google.com/maps/search/Ganga%20ENT%20Clinic%20Bengaluru%20Urban%20Bengaluru,OpenStreetMap Real Spatial Node
Srividya Clinic,Bengaluru Urban,N/A,N/A,N/A,N/A (Contact Clinic),General Healthcare & Rehab,N/A,N/A,N/A,"Srividya Clinic,  Bengaluru Urban, Bengaluru 560064",https://www.google.com/maps/search/Srividya%20Clinic%20Bengaluru%20Urban%20Bengaluru,OpenStreetMap Real Spatial Node
SB Clinic,Bengaluru Urban,N/A,N/A,N/A,N/A (Contact Clinic),General Healthcare & Rehab,N/A,N/A,N/A,"SB Clinic,  Bengaluru Urban, Bengaluru 560064",https://www.google.com/maps/search/SB%20Clinic%20Bengaluru%20Urban%20Bengaluru,OpenStreetMap Real Spatial Node
Sri Gurumangala Eye Foundation,Bengaluru Urban,N/A,N/A,N/A,N/A (Contact Clinic),General Healthcare & Rehab,N/A,N/A,N/A,"Sri Gurumangala Eye Foundation,  Bengaluru Urban, Bengaluru 560064",https://www.google.com/maps/search/Sri%20Gurumangala%20Eye%20Foundation%20Bengaluru%20Urban%20Bengaluru,OpenStreetMap Real Spatial Node
Unnathi Clinic,Bengaluru Urban,N/A,N/A,N/A,N/A (Contact Clinic),General Healthcare & Rehab,N/A,N/A,N/A,"Unnathi Clinic,  Bengaluru Urban, Bengaluru 560064",https://www.google.com/maps/search/Unnathi%20Clinic%20Bengaluru%20Urban%20Bengaluru,OpenStreetMap Real Spatial Node
Mathru Clinic,Bengaluru Urban,N/A,N/A,N/A,N/A (Contact Clinic),General Healthcare & Rehab,N/A,N/A,N/A,"Mathru Clinic,  Bengaluru Urban, Bengaluru 560064",https://www.google.com/maps/search/Mathru%20Clinic%20Bengaluru%20Urban%20Bengaluru,OpenStreetMap Real Spatial Node
Nisarga Poly Clinic,Bengaluru Urban,N/A,N/A,N/A,N/A (Contact Clinic),General Healthcare & Rehab,N/A,N/A,N/A,"Nisarga Poly Clinic,  Bengaluru Urban, Bengaluru",https://www.google.com/maps/search/Nisarga%20Poly%20Clinic%20Bengaluru%20Urban%20Bengaluru,OpenStreetMap Real Spatial Node
Dr. Biswas Ji,Bengaluru Urban,N/A,N/A,N/A,N/A (Contact Clinic),General Healthcare & Rehab,N/A,N/A,N/A,"Dr. Biswas Ji,  Bengaluru Urban, Bengaluru 560064",https://www.google.com/maps/search/Dr.%20Biswas%20Ji%20Bengaluru%20Urban%20Bengaluru,OpenStreetMap Real Spatial Node
Sri Satya Sai Orthopaedic Clinic,Bengaluru Urban,N/A,N/A,N/A,N/A (Contact Clinic),Orthopedic & Spine Care,N/A,N/A,N/A,"Sri Satya Sai Orthopaedic Clinic,  Bengaluru Urban, Bengaluru 560064",https://www.google.com/maps/search/Sri%20Satya%20Sai%20Orthopaedic%20Clinic%20Bengaluru%20Urban%20Bengaluru,OpenStreetMap Real Spatial Node
Sri Ragavendra Poly Clinic,Bengaluru Urban,N/A,N/A,N/A,N/A (Contact Clinic),General Healthcare & Rehab,N/A,N/A,N/A,"Sri Ragavendra Poly Clinic,  Bengaluru Urban, Bengaluru 560064",https://www.google.com/maps/search/Sri%20Ragavendra%20Poly%20Clinic%20Bengaluru%20Urban%20Bengaluru,OpenStreetMap Real Spatial Node
Aayurjisha Women's Clinic,Bengaluru Urban,N/A,N/A,N/A,N/A (Contact Clinic),General Healthcare & Rehab,N/A,N/A,N/A,"Aayurjisha Women's Clinic,  Bengaluru Urban, Bengaluru 560064",https://www.google.com/maps/search/Aayurjisha%20Women%27s%20Clinic%20Bengaluru%20Urban%20Bengaluru,OpenStreetMap Real Spatial Node
Amogh Ortho Centre,Bengaluru Urban,N/A,N/A,N/A,N/A (Contact Clinic),Orthopedic & Spine Care,N/A,N/A,N/A,"Amogh Ortho Centre,  Bengaluru Urban, Bengaluru 560070",https://www.google.com/maps/search/Amogh%20Ortho%20Centre%20Bengaluru%20Urban%20Bengaluru,OpenStreetMap Real Spatial Node
Vismaya ENT Clinic,Bengaluru Urban,N/A,N/A,N/A,N/A (Contact Clinic),General Healthcare & Rehab,N/A,N/A,N/A,"Vismaya ENT Clinic,  Bengaluru Urban, Bengaluru 560070",https://www.google.com/maps/search/Vismaya%20ENT%20Clinic%20Bengaluru%20Urban%20Bengaluru,OpenStreetMap Real Spatial Node
Beta Clinic,Bengaluru Urban,N/A,N/A,N/A,N/A (Contact Clinic),General Healthcare & Rehab,N/A,N/A,N/A,"Beta Clinic,  Bengaluru Urban, Bengaluru 560085",https://www.google.com/maps/search/Beta%20Clinic%20Bengaluru%20Urban%20Bengaluru,OpenStreetMap Real Spatial Node
Nagaratna Clinic,Bengaluru Urban,N/A,N/A,N/A,N/A (Contact Clinic),General Healthcare & Rehab,N/A,N/A,N/A,"Nagaratna Clinic,  Bengaluru Urban, Bengaluru 560061",https://www.google.com/maps/search/Nagaratna%20Clinic%20Bengaluru%20Urban%20Bengaluru,OpenStreetMap Real Spatial Node
Safa Health care,Bengaluru Urban,N/A,N/A,N/A,N/A (Contact Clinic),General Healthcare & Rehab,N/A,N/A,N/A,"Safa Health care,  Bengaluru Urban, Bengaluru 560029",https://www.google.com/maps/search/Safa%20Health%20care%20Bengaluru%20Urban%20Bengaluru,OpenStreetMap Real Spatial Node
Daivik Clinic,Bengaluru Urban,N/A,N/A,N/A,N/A (Contact Clinic),General Healthcare & Rehab,N/A,N/A,N/A,"Daivik Clinic,  Bengaluru Urban, Bengaluru 560076",https://www.google.com/maps/search/Daivik%20Clinic%20Bengaluru%20Urban%20Bengaluru,OpenStreetMap Real Spatial Node
Usha Clinic,Bengaluru Urban,N/A,N/A,N/A,N/A (Contact Clinic),General Healthcare & Rehab,N/A,N/A,N/A,"Usha Clinic,  Bengaluru Urban, Bengaluru 560029",https://www.google.com/maps/search/Usha%20Clinic%20Bengaluru%20Urban%20Bengaluru,OpenStreetMap Real Spatial Node
Prashant Clinic,Bengaluru Urban,N/A,N/A,N/A,N/A (Contact Clinic),General Healthcare & Rehab,N/A,N/A,N/A,"Prashant Clinic,  Bengaluru Urban, Bengaluru 560090",https://www.google.com/maps/search/Prashant%20Clinic%20Bengaluru%20Urban%20Bengaluru,OpenStreetMap Real Spatial Node
Soukhya Family Clinic,Bengaluru Urban,N/A,N/A,N/A,N/A (Contact Clinic),General Healthcare & Rehab,N/A,N/A,N/A,"Soukhya Family Clinic,  Bengaluru Urban, Bengaluru 560061",https://www.google.com/maps/search/Soukhya%20Family%20Clinic%20Bengaluru%20Urban%20Bengaluru,OpenStreetMap Real Spatial Node
Hanumagiri Clinic,Bengaluru Urban,N/A,N/A,N/A,N/A (Contact Clinic),General Healthcare & Rehab,N/A,N/A,N/A,"Hanumagiri Clinic,  Bengaluru Urban, Bengaluru 560085",https://www.google.com/maps/search/Hanumagiri%20Clinic%20Bengaluru%20Urban%20Bengaluru,OpenStreetMap Real Spatial Node
Reviva Dermaesthetic,Bengaluru Urban,N/A,N/A,N/A,N/A (Contact Clinic),General Healthcare & Rehab,N/A,N/A,N/A,"Reviva Dermaesthetic,  Bengaluru Urban, Bengaluru 560078",https://www.google.com/maps/search/Reviva%20Dermaesthetic%20Bengaluru%20Urban%20Bengaluru,OpenStreetMap Real Spatial Node
Sevakshetra Hospital,Bengaluru Urban,N/A,N/A,N/A,N/A (Contact Clinic),General Healthcare & Rehab,N/A,N/A,N/A,"Sevakshetra Hospital,  Bengaluru Urban, Bengaluru 560070",https://www.google.com/maps/search/Sevakshetra%20Hospital%20Bengaluru%20Urban%20Bengaluru,OpenStreetMap Real Spatial Node
Vitiligo Clinic,Bengaluru Urban,N/A,N/A,N/A,N/A (Contact Clinic),General Healthcare & Rehab,N/A,N/A,N/A,"Vitiligo Clinic,  Bengaluru Urban, Bengaluru 560068",https://www.google.com/maps/search/Vitiligo%20Clinic%20Bengaluru%20Urban%20Bengaluru,OpenStreetMap Real Spatial Node
Amar Ayurveda,Bengaluru Urban,N/A,N/A,N/A,N/A (Contact Clinic),General Healthcare & Rehab,N/A,N/A,N/A,"Amar Ayurveda,  Bengaluru Urban, Bengaluru 560041",https://www.google.com/maps/search/Amar%20Ayurveda%20Bengaluru%20Urban%20Bengaluru,OpenStreetMap Real Spatial Node
Disney Family Clinic,Bengaluru Urban,N/A,N/A,N/A,N/A (Contact Clinic),General Healthcare & Rehab,N/A,N/A,N/A,"Disney Family Clinic,  Bengaluru Urban, Bengaluru 560076",https://www.google.com/maps/search/Disney%20Family%20Clinic%20Bengaluru%20Urban%20Bengaluru,OpenStreetMap Real Spatial Node
Shrinetra Eye Clinic,Bengaluru Urban,N/A,N/A,N/A,N/A (Contact Clinic),General Healthcare & Rehab,N/A,N/A,N/A,"Shrinetra Eye Clinic,  Bengaluru Urban, Bengaluru 560085",https://www.google.com/maps/search/Shrinetra%20Eye%20Clinic%20Bengaluru%20Urban%20Bengaluru,OpenStreetMap Real Spatial Node
Ganesh Dental Care,Bengaluru Urban,N/A,N/A,N/A,N/A (Contact Clinic),General Healthcare & Rehab,N/A,N/A,N/A,"Ganesh Dental Care,  Bengaluru Urban, Bengaluru 560070",https://www.google.com/maps/search/Ganesh%20Dental%20Care%20Bengaluru%20Urban%20Bengaluru,OpenStreetMap Real Spatial Node
M.F. Dental Care,Bengaluru Urban,N/A,N/A,N/A,N/A (Contact Clinic),General Healthcare & Rehab,N/A,N/A,N/A,"M.F. Dental Care,  Bengaluru Urban, Bengaluru 560029",https://www.google.com/maps/search/M.F.%20Dental%20Care%20Bengaluru%20Urban%20Bengaluru,OpenStreetMap Real Spatial Node
Ramdas Homeopathy Clinic,Bengaluru Urban,N/A,N/A,N/A,N/A (Contact Clinic),General Healthcare & Rehab,N/A,N/A,N/A,"Ramdas Homeopathy Clinic,  Bengaluru Urban, Bengaluru 560085",https://www.google.com/maps/search/Ramdas%20Homeopathy%20Clinic%20Bengaluru%20Urban%20Bengaluru,OpenStreetMap Real Spatial Node
Dr. Revathi Prasad,Bengaluru Urban,N/A,N/A,N/A,N/A (Contact Clinic),General Healthcare & Rehab,N/A,N/A,N/A,"Dr. Revathi Prasad,  Bengaluru Urban, Bengaluru 560076",https://www.google.com/maps/search/Dr.%20Revathi%20Prasad%20Bengaluru%20Urban%20Bengaluru,OpenStreetMap Real Spatial Node
RespiCare,Bengaluru Urban,N/A,N/A,N/A,N/A (Contact Clinic),General Healthcare & Rehab,N/A,N/A,N/A,"RespiCare,  Bengaluru Urban, Bengaluru 560041",https://www.google.com/maps/search/RespiCare%20Bengaluru%20Urban%20Bengaluru,OpenStreetMap Real Spatial Node
Marigold Hospital,Bengaluru Urban,N/A,N/A,N/A,N/A (Contact Clinic),General Healthcare & Rehab,N/A,N/A,N/A,"Marigold Hospital,  Bengaluru Urban, Bengaluru 560076",https://www.google.com/maps/search/Marigold%20Hospital%20Bengaluru%20Urban%20Bengaluru,OpenStreetMap Real Spatial Node
GBY ENT Clinic,Bengaluru Urban,N/A,N/A,N/A,N/A (Contact Clinic),General Healthcare & Rehab,N/A,N/A,N/A,"GBY ENT Clinic,  Bengaluru Urban, Bengaluru 560061",https://www.google.com/maps/search/GBY%20ENT%20Clinic%20Bengaluru%20Urban%20Bengaluru,OpenStreetMap Real Spatial Node
Vijaya Orthopaedic Centre,Bengaluru Urban,N/A,N/A,N/A,N/A (Contact Clinic),Orthopedic & Spine Care,N/A,N/A,N/A,"Vijaya Orthopaedic Centre,  Bengaluru Urban, Bengaluru 560070",https://www.google.com/maps/search/Vijaya%20Orthopaedic%20Centre%20Bengaluru%20Urban%20Bengaluru,OpenStreetMap Real Spatial Node
Carewell Dental Clinic,Bengaluru Urban,N/A,N/A,N/A,N/A (Contact Clinic),General Healthcare & Rehab,N/A,N/A,N/A,"Carewell Dental Clinic,  Bengaluru Urban, Bengaluru 560061",https://www.google.com/maps/search/Carewell%20Dental%20Clinic%20Bengaluru%20Urban%20Bengaluru,OpenStreetMap Real Spatial Node
Devi Hospital,Bengaluru Urban,N/A,N/A,N/A,N/A (Contact Clinic),General Healthcare & Rehab,N/A,N/A,N/A,"Devi Hospital,  Bengaluru Urban, Bengaluru 560034",https://www.google.com/maps/search/Devi%20Hospital%20Bengaluru%20Urban%20Bengaluru,OpenStreetMap Real Spatial Node
Arogya Clinic,Bengaluru Urban,N/A,N/A,N/A,N/A (Contact Clinic),General Healthcare & Rehab,N/A,N/A,N/A,"Arogya Clinic,  Bengaluru Urban, Bengaluru 560085",https://www.google.com/maps/search/Arogya%20Clinic%20Bengaluru%20Urban%20Bengaluru,OpenStreetMap Real Spatial Node
Dermacare Skin Clinic,Bengaluru Urban,N/A,N/A,N/A,N/A (Contact Clinic),General Healthcare & Rehab,N/A,N/A,N/A,"Dermacare Skin Clinic,  Bengaluru Urban, Bengaluru 560085",https://www.google.com/maps/search/Dermacare%20Skin%20Clinic%20Bengaluru%20Urban%20Bengaluru,OpenStreetMap Real Spatial Node
Nisa Multi Speciality Clinics,Bengaluru Urban,N/A,N/A,N/A,N/A (Contact Clinic),General Healthcare & Rehab,N/A,N/A,N/A,"Nisa Multi Speciality Clinics,  Bengaluru Urban, Bengaluru 560076",https://www.google.com/maps/search/Nisa%20Multi%20Speciality%20Clinics%20Bengaluru%20Urban%20Bengaluru,OpenStreetMap Real Spatial Node
Amba Laser Clinic,Bengaluru Urban,N/A,N/A,N/A,N/A (Contact Clinic),General Healthcare & Rehab,N/A,N/A,N/A,"Amba Laser Clinic,  Bengaluru Urban, Bengaluru 560029",https://www.google.com/maps/search/Amba%20Laser%20Clinic%20Bengaluru%20Urban%20Bengaluru,OpenStreetMap Real Spatial Node
Dr. Seema Sultana's Women's Clinic,Bengaluru Urban,N/A,N/A,N/A,N/A (Contact Clinic),General Healthcare & Rehab,N/A,N/A,N/A,"Dr. Seema Sultana's Women's Clinic,  Bengaluru Urban, Bengaluru 560029",https://www.google.com/maps/search/Dr.%20Seema%20Sultana%27s%20Women%27s%20Clinic%20Bengaluru%20Urban%20Bengaluru,OpenStreetMap Real Spatial Node
Poorna Clinic,Bengaluru Urban,N/A,N/A,N/A,N/A (Contact Clinic),General Healthcare & Rehab,N/A,N/A,N/A,"Poorna Clinic,  Bengaluru Urban, Bengaluru 560061",https://www.google.com/maps/search/Poorna%20Clinic%20Bengaluru%20Urban%20Bengaluru,OpenStreetMap Real Spatial Node
Metropolis Healthcare,Bengaluru Urban,N/A,N/A,N/A,N/A (Contact Clinic),General Healthcare & Rehab,N/A,N/A,N/A,"Metropolis Healthcare,  Bengaluru Urban, Bengaluru 560001",https://www.google.com/maps/search/Metropolis%20Healthcare%20Bengaluru%20Urban%20Bengaluru,OpenStreetMap Real Spatial Node
Anand Kids,Bengaluru Urban,N/A,N/A,N/A,N/A (Contact Clinic),General Healthcare & Rehab,N/A,N/A,N/A,"Anand Kids,  Bengaluru Urban, Bengaluru 560085",https://www.google.com/maps/search/Anand%20Kids%20Bengaluru%20Urban%20Bengaluru,OpenStreetMap Real Spatial Node
Trinetra Polyclinic,Bengaluru Urban,N/A,N/A,N/A,N/A (Contact Clinic),General Healthcare & Rehab,N/A,N/A,N/A,"Trinetra Polyclinic,  Bengaluru Urban, Bengaluru 560070",https://www.google.com/maps/search/Trinetra%20Polyclinic%20Bengaluru%20Urban%20Bengaluru,OpenStreetMap Real Spatial Node
Ashya Clinic,Bengaluru Urban,N/A,N/A,N/A,N/A (Contact Clinic),General Healthcare & Rehab,N/A,N/A,N/A,"Ashya Clinic,  Bengaluru Urban, Bengaluru 560076",https://www.google.com/maps/search/Ashya%20Clinic%20Bengaluru%20Urban%20Bengaluru,OpenStreetMap Real Spatial Node
Madhumeha Diabetes Centre,Bengaluru Urban,N/A,N/A,N/A,N/A (Contact Clinic),General Healthcare & Rehab,N/A,N/A,N/A,"Madhumeha Diabetes Centre,  Bengaluru Urban, Bengaluru 560070",https://www.google.com/maps/search/Madhumeha%20Diabetes%20Centre%20Bengaluru%20Urban%20Bengaluru,OpenStreetMap Real Spatial Node
Shenoy's Children Clinic,Bengaluru Urban,N/A,N/A,N/A,N/A (Contact Clinic),General Healthcare & Rehab,N/A,N/A,N/A,"Shenoy's Children Clinic,  Bengaluru Urban, Bengaluru 560029",https://www.google.com/maps/search/Shenoy%27s%20Children%20Clinic%20Bengaluru%20Urban%20Bengaluru,OpenStreetMap Real Spatial Node
Pothys Hospital,Bengaluru Urban,N/A,N/A,N/A,N/A (Contact Clinic),General Healthcare & Rehab,N/A,N/A,N/A,"Pothys Hospital,  Bengaluru Urban, Bengaluru 560076",https://www.google.com/maps/search/Pothys%20Hospital%20Bengaluru%20Urban%20Bengaluru,OpenStreetMap Real Spatial Node
Center for Liver Disease Hospital,Bengaluru Urban,N/A,N/A,N/A,N/A (Contact Clinic),General Healthcare & Rehab,N/A,N/A,N/A,"Center for Liver Disease Hospital,  Bengaluru Urban, Bengaluru 560078",https://www.google.com/maps/search/Center%20for%20Liver%20Disease%20Hospital%20Bengaluru%20Urban%20Bengaluru,OpenStreetMap Real Spatial Node
Kareem ENT,Bengaluru Urban,N/A,N/A,N/A,N/A (Contact Clinic),General Healthcare & Rehab,N/A,N/A,N/A,"Kareem ENT,  Bengaluru Urban, Bengaluru 560029",https://www.google.com/maps/search/Kareem%20ENT%20Bengaluru%20Urban%20Bengaluru,OpenStreetMap Real Spatial Node
Dr. Santosh Clinic,Bengaluru Urban,N/A,N/A,N/A,N/A (Contact Clinic),General Healthcare & Rehab,N/A,N/A,N/A,"Dr. Santosh Clinic,  Bengaluru Urban, Bengaluru 560029",https://www.google.com/maps/search/Dr.%20Santosh%20Clinic%20Bengaluru%20Urban%20Bengaluru,OpenStreetMap Real Spatial Node
All Smiles Dental Health Centre,Bengaluru Urban,N/A,N/A,N/A,N/A (Contact Clinic),General Healthcare & Rehab,N/A,N/A,N/A,"All Smiles Dental Health Centre,  Bengaluru Urban, Bengaluru 560076",https://www.google.com/maps/search/All%20Smiles%20Dental%20Health%20Centre%20Bengaluru%20Urban%20Bengaluru,OpenStreetMap Real Spatial Node
Sri Devi Clinic,Bengaluru Urban,N/A,N/A,N/A,N/A (Contact Clinic),General Healthcare & Rehab,N/A,N/A,N/A,"Sri Devi Clinic,  Bengaluru Urban, Bengaluru 560085",https://www.google.com/maps/search/Sri%20Devi%20Clinic%20Bengaluru%20Urban%20Bengaluru,OpenStreetMap Real Spatial Node
Nargund Clinics,Bengaluru Urban,N/A,N/A,N/A,N/A (Contact Clinic),General Healthcare & Rehab,N/A,N/A,N/A,"Nargund Clinics,  Bengaluru Urban, Bengaluru 560085",https://www.google.com/maps/search/Nargund%20Clinics%20Bengaluru%20Urban%20Bengaluru,OpenStreetMap Real Spatial Node
Sri Jyoti Eye Clinic,Bengaluru Urban,N/A,N/A,N/A,N/A (Contact Clinic),General Healthcare & Rehab,N/A,N/A,N/A,"Sri Jyoti Eye Clinic,  Bengaluru Urban, Bengaluru 560068",https://www.google.com/maps/search/Sri%20Jyoti%20Eye%20Clinic%20Bengaluru%20Urban%20Bengaluru,OpenStreetMap Real Spatial Node
Nandeesh's Dental Speciality,Bengaluru Urban,N/A,N/A,N/A,N/A (Contact Clinic),General Healthcare & Rehab,N/A,N/A,N/A,"Nandeesh's Dental Speciality,  Bengaluru Urban, Bengaluru 560078",https://www.google.com/maps/search/Nandeesh%27s%20Dental%20Speciality%20Bengaluru%20Urban%20Bengaluru,OpenStreetMap Real Spatial Node
Anugraha Clinic,Bengaluru Urban,N/A,N/A,N/A,N/A (Contact Clinic),General Healthcare & Rehab,N/A,N/A,N/A,"Anugraha Clinic,  Bengaluru Urban, Bengaluru 560076",https://www.google.com/maps/search/Anugraha%20Clinic%20Bengaluru%20Urban%20Bengaluru,OpenStreetMap Real Spatial Node
Srinivas Clinic,Bengaluru Urban,N/A,N/A,N/A,N/A (Contact Clinic),General Healthcare & Rehab,N/A,N/A,N/A,"Srinivas Clinic,  Bengaluru Urban, Bengaluru 560061",https://www.google.com/maps/search/Srinivas%20Clinic%20Bengaluru%20Urban%20Bengaluru,OpenStreetMap Real Spatial Node
Vaishanavi ENT Clinic,Bengaluru Urban,N/A,N/A,N/A,N/A (Contact Clinic),General Healthcare & Rehab,N/A,N/A,N/A,"Vaishanavi ENT Clinic,  Bengaluru Urban, Bengaluru 560085",https://www.google.com/maps/search/Vaishanavi%20ENT%20Clinic%20Bengaluru%20Urban%20Bengaluru,OpenStreetMap Real Spatial Node
Ullas Clinic,Bengaluru Urban,N/A,N/A,N/A,N/A (Contact Clinic),General Healthcare & Rehab,N/A,N/A,N/A,"Ullas Clinic,  Bengaluru Urban, Bengaluru 560061",https://www.google.com/maps/search/Ullas%20Clinic%20Bengaluru%20Urban%20Bengaluru,OpenStreetMap Real Spatial Node
Hopeberry Clinic,Bengaluru Urban,N/A,N/A,N/A,N/A (Contact Clinic),General Healthcare & Rehab,N/A,N/A,N/A,"Hopeberry Clinic,  Bengaluru Urban, Bengaluru 560085",https://www.google.com/maps/search/Hopeberry%20Clinic%20Bengaluru%20Urban%20Bengaluru,OpenStreetMap Real Spatial Node
Devasparsha Ayurvedic Clinic,Bengaluru Urban,N/A,N/A,N/A,N/A (Contact Clinic),General Healthcare & Rehab,N/A,N/A,N/A,"Devasparsha Ayurvedic Clinic, 16th Main Road Bengaluru Urban, Bengaluru 560076",https://www.google.com/maps/search/Devasparsha%20Ayurvedic%20Clinic%20Bengaluru%20Urban%20Bengaluru,OpenStreetMap Real Spatial Node
Diya Speciality Eye Care,Bengaluru Urban,N/A,N/A,N/A,N/A (Contact Clinic),General Healthcare & Rehab,N/A,N/A,N/A,"Diya Speciality Eye Care,  Bengaluru Urban, Bengaluru 560061",https://www.google.com/maps/search/Diya%20Speciality%20Eye%20Care%20Bengaluru%20Urban%20Bengaluru,OpenStreetMap Real Spatial Node
Ravi Clinic,Bengaluru Urban,N/A,N/A,N/A,N/A (Contact Clinic),General Healthcare & Rehab,N/A,N/A,N/A,"Ravi Clinic,  Bengaluru Urban, Bengaluru 560085",https://www.google.com/maps/search/Ravi%20Clinic%20Bengaluru%20Urban%20Bengaluru,OpenStreetMap Real Spatial Node
Apollo Cradle Maternity & Children's Hospital,Bengaluru Urban,N/A,N/A,N/A,N/A (Contact Clinic),General Healthcare & Rehab,N/A,N/A,N/A,"Apollo Cradle Maternity & Children's Hospital,  Bengaluru Urban, Bengaluru 560011",https://www.google.com/maps/search/Apollo%20Cradle%20Maternity%20%26%20Children%27s%20Hospital%20Bengaluru%20Urban%20Bengaluru,OpenStreetMap Real Spatial Node
Ayesha Speciality Clinic,Bengaluru Urban,N/A,N/A,N/A,N/A (Contact Clinic),General Healthcare & Rehab,N/A,N/A,N/A,"Ayesha Speciality Clinic,  Bengaluru Urban, Bengaluru 560029",https://www.google.com/maps/search/Ayesha%20Speciality%20Clinic%20Bengaluru%20Urban%20Bengaluru,OpenStreetMap Real Spatial Node
Bharat Clinic,Bengaluru Urban,N/A,N/A,N/A,N/A (Contact Clinic),General Healthcare & Rehab,N/A,N/A,N/A,"Bharat Clinic,  Bengaluru Urban, Bengaluru 560076",https://www.google.com/maps/search/Bharat%20Clinic%20Bengaluru%20Urban%20Bengaluru,OpenStreetMap Real Spatial Node
Lakshmi Venkateswara Clinic,Bengaluru Urban,N/A,N/A,N/A,N/A (Contact Clinic),General Healthcare & Rehab,N/A,N/A,N/A,"Lakshmi Venkateswara Clinic,  Bengaluru Urban, Bengaluru 560061",https://www.google.com/maps/search/Lakshmi%20Venkateswara%20Clinic%20Bengaluru%20Urban%20Bengaluru,OpenStreetMap Real Spatial Node
The Orthopaedic Centre,Bengaluru Urban,N/A,N/A,N/A,N/A (Contact Clinic),Orthopedic & Spine Care,N/A,N/A,N/A,"The Orthopaedic Centre,  Bengaluru Urban, Bengaluru 560070",https://www.google.com/maps/search/The%20Orthopaedic%20Centre%20Bengaluru%20Urban%20Bengaluru,OpenStreetMap Real Spatial Node
Shree srinivasa uro care,Bengaluru Urban,N/A,N/A,N/A,N/A (Contact Clinic),General Healthcare & Rehab,N/A,N/A,N/A,"Shree srinivasa uro care, 80ft road , Bengaluru",https://www.google.com/maps/search/Shree%20srinivasa%20uro%20care%20Bengaluru%20Urban%20Bengaluru,OpenStreetMap Real Spatial Node
Dr Nidhi's Clinic and Implant Centre,Bengaluru Urban,N/A,N/A,N/A,N/A (Contact Clinic),General Healthcare & Rehab,N/A,N/A,N/A,"Dr Nidhi's Clinic and Implant Centre, Bengaluru Urban, Bengaluru, Karnataka",https://www.google.com/maps/search/Dr%20Nidhi%27s%20Clinic%20and%20Implant%20Centre%20Bengaluru%20Urban%20Bengaluru,OpenStreetMap Real Spatial Node
Sarooj Pharma,Bengaluru Urban,N/A,N/A,N/A,N/A (Contact Clinic),General Healthcare & Rehab,N/A,N/A,N/A,"Sarooj Pharma, Bengaluru Urban, Bengaluru, Karnataka",https://www.google.com/maps/search/Sarooj%20Pharma%20Bengaluru%20Urban%20Bengaluru,OpenStreetMap Real Spatial Node
Manjula Clinic,Bengaluru Urban,N/A,N/A,N/A,N/A (Contact Clinic),General Healthcare & Rehab,N/A,N/A,N/A,"Manjula Clinic, Bengaluru Urban, Bengaluru, Karnataka",https://www.google.com/maps/search/Manjula%20Clinic%20Bengaluru%20Urban%20Bengaluru,OpenStreetMap Real Spatial Node
Axis Pharma and Dental Supplies,Bengaluru Urban,N/A,N/A,N/A,N/A (Contact Clinic),General Healthcare & Rehab,N/A,N/A,N/A,"Axis Pharma and Dental Supplies, Bengaluru Urban, Bengaluru, Karnataka",https://www.google.com/maps/search/Axis%20Pharma%20and%20Dental%20Supplies%20Bengaluru%20Urban%20Bengaluru,OpenStreetMap Real Spatial Node
Richfeel Hair And Scalp Clinic,Bengaluru Urban,N/A,N/A,N/A,N/A (Contact Clinic),General Healthcare & Rehab,N/A,N/A,N/A,"Richfeel Hair And Scalp Clinic, Bengaluru Urban, Bengaluru, Karnataka",https://www.google.com/maps/search/Richfeel%20Hair%20And%20Scalp%20Clinic%20Bengaluru%20Urban%20Bengaluru,OpenStreetMap Real Spatial Node
Dhanvanthri Clinic,Bengaluru Urban,N/A,N/A,N/A,N/A (Contact Clinic),General Healthcare & Rehab,N/A,N/A,N/A,"Dhanvanthri Clinic, Bengaluru Urban, Bengaluru, Karnataka",https://www.google.com/maps/search/Dhanvanthri%20Clinic%20Bengaluru%20Urban%20Bengaluru,OpenStreetMap Real Spatial Node
Alleviate Pain Management Clinic,Bengaluru Urban,N/A,N/A,N/A,N/A (Contact Clinic),General Healthcare & Rehab,N/A,N/A,N/A,"Alleviate Pain Management Clinic, Bengaluru Urban, Bengaluru, Karnataka",https://www.google.com/maps/search/Alleviate%20Pain%20Management%20Clinic%20Bengaluru%20Urban%20Bengaluru,OpenStreetMap Real Spatial Node
Mona Clinic and Lab,Bengaluru Urban,N/A,N/A,N/A,N/A (Contact Clinic),General Healthcare & Rehab,N/A,N/A,N/A,"Mona Clinic and Lab, Bengaluru Urban, Bengaluru, Karnataka",https://www.google.com/maps/search/Mona%20Clinic%20and%20Lab%20Bengaluru%20Urban%20Bengaluru,OpenStreetMap Real Spatial Node
The orthopedics clinic,Bengaluru Urban,N/A,N/A,N/A,N/A (Contact Clinic),Orthopedic & Spine Care,N/A,N/A,N/A,"The orthopedics clinic, Bengaluru Urban, Bengaluru, Karnataka",https://www.google.com/maps/search/The%20orthopedics%20clinic%20Bengaluru%20Urban%20Bengaluru,OpenStreetMap Real Spatial Node
Dr. Satyananda Clinic,Bengaluru Urban,N/A,N/A,N/A,N/A (Contact Clinic),General Healthcare & Rehab,N/A,N/A,N/A,"Dr. Satyananda Clinic, Bengaluru Urban, Bengaluru, Karnataka",https://www.google.com/maps/search/Dr.%20Satyananda%20Clinic%20Bengaluru%20Urban%20Bengaluru,OpenStreetMap Real Spatial Node
Manjunatha maternity clinic,Bengaluru Urban,N/A,N/A,N/A,N/A (Contact Clinic),General Healthcare & Rehab,N/A,N/A,N/A,"Manjunatha maternity clinic, Bengaluru Urban, Bengaluru, Karnataka",https://www.google.com/maps/search/Manjunatha%20maternity%20clinic%20Bengaluru%20Urban%20Bengaluru,OpenStreetMap Real Spatial Node
Shilpa Clinic,Bengaluru Urban,N/A,N/A,N/A,N/A (Contact Clinic),General Healthcare & Rehab,N/A,N/A,N/A,"Shilpa Clinic, Bengaluru Urban, Bengaluru, Karnataka",https://www.google.com/maps/search/Shilpa%20Clinic%20Bengaluru%20Urban%20Bengaluru,OpenStreetMap Real Spatial Node
Namma Vaidyashaala Clinic,Bengaluru Urban,N/A,N/A,N/A,N/A (Contact Clinic),General Healthcare & Rehab,N/A,N/A,N/A,"Namma Vaidyashaala Clinic, Bengaluru Urban, Bengaluru, Karnataka",https://www.google.com/maps/search/Namma%20Vaidyashaala%20Clinic%20Bengaluru%20Urban%20Bengaluru,OpenStreetMap Real Spatial Node
Mythri Clinic,Bengaluru Urban,N/A,N/A,N/A,N/A (Contact Clinic),General Healthcare & Rehab,N/A,N/A,N/A,"Mythri Clinic, Bengaluru Urban, Bengaluru, Karnataka",https://www.google.com/maps/search/Mythri%20Clinic%20Bengaluru%20Urban%20Bengaluru,OpenStreetMap Real Spatial Node
Dr Ramesh Clinic,Bengaluru Urban,N/A,N/A,N/A,N/A (Contact Clinic),General Healthcare & Rehab,N/A,N/A,N/A,"Dr Ramesh Clinic, Bengaluru Urban, Bengaluru, Karnataka",https://www.google.com/maps/search/Dr%20Ramesh%20Clinic%20Bengaluru%20Urban%20Bengaluru,OpenStreetMap Real Spatial Node
Koushik Dental Care Orthodontic And Implantology Center,Bengaluru Urban,N/A,N/A,N/A,N/A (Contact Clinic),Orthopedic & Spine Care,N/A,N/A,N/A,"Koushik Dental Care Orthodontic And Implantology Center, Bengaluru Urban, Bengaluru, Karnataka",https://www.google.com/maps/search/Koushik%20Dental%20Care%20Orthodontic%20And%20Implantology%20Center%20Bengaluru%20Urban%20Bengaluru,OpenStreetMap Real Spatial Node
Sri Lakshmi Multi Speciality Hospital,Bengaluru Urban,N/A,N/A,N/A,N/A (Contact Clinic),General Healthcare & Rehab,N/A,N/A,N/A,"Sri Lakshmi Multi Speciality Hospital, Bengaluru Urban, Bengaluru, Karnataka",https://www.google.com/maps/search/Sri%20Lakshmi%20Multi%20Speciality%20Hospital%20Bengaluru%20Urban%20Bengaluru,OpenStreetMap Real Spatial Node
Kruthika Hospital,Bengaluru Urban,N/A,N/A,N/A,N/A (Contact Clinic),General Healthcare & Rehab,N/A,N/A,N/A,"Kruthika Hospital, Bengaluru Urban, Bengaluru, Karnataka",https://www.google.com/maps/search/Kruthika%20Hospital%20Bengaluru%20Urban%20Bengaluru,OpenStreetMap Real Spatial Node
Nayanalaya Super Speciality Eye Care Centre,Bengaluru Urban,N/A,N/A,N/A,N/A (Contact Clinic),General Healthcare & Rehab,N/A,N/A,N/A,"Nayanalaya Super Speciality Eye Care Centre, Bengaluru Urban, Bengaluru, Karnataka",https://www.google.com/maps/search/Nayanalaya%20Super%20Speciality%20Eye%20Care%20Centre%20Bengaluru%20Urban%20Bengaluru,OpenStreetMap Real Spatial Node
Srinidhi Health Centre,Bengaluru Urban,N/A,N/A,N/A,N/A (Contact Clinic),General Healthcare & Rehab,N/A,N/A,N/A,"Srinidhi Health Centre, Bengaluru Urban, Bengaluru, Karnataka",https://www.google.com/maps/search/Srinidhi%20Health%20Centre%20Bengaluru%20Urban%20Bengaluru,OpenStreetMap Real Spatial Node
Orthopedic & Eye Care Center,Bengaluru Urban,N/A,N/A,N/A,N/A (Contact Clinic),Orthopedic & Spine Care,N/A,N/A,N/A,"Orthopedic & Eye Care Center, Bengaluru Urban, Bengaluru, Karnataka",https://www.google.com/maps/search/Orthopedic%20%26%20Eye%20Care%20Center%20Bengaluru%20Urban%20Bengaluru,OpenStreetMap Real Spatial Node
Atharva Ayurdhama Ayurvedic Hospital,Bengaluru Urban,N/A,N/A,N/A,N/A (Contact Clinic),General Healthcare & Rehab,N/A,N/A,N/A,"Atharva Ayurdhama Ayurvedic Hospital, Bengaluru Urban, Bengaluru, Karnataka",https://www.google.com/maps/search/Atharva%20Ayurdhama%20Ayurvedic%20Hospital%20Bengaluru%20Urban%20Bengaluru,OpenStreetMap Real Spatial Node
RICH CARE HOMEOPATHY,Bengaluru Urban,N/A,N/A,N/A,N/A (Contact Clinic),General Healthcare & Rehab,N/A,N/A,N/A,"RICH CARE HOMEOPATHY, Bengaluru Urban, Bengaluru, Karnataka",https://www.google.com/maps/search/RICH%20CARE%20HOMEOPATHY%20Bengaluru%20Urban%20Bengaluru,OpenStreetMap Real Spatial Node
Poornayu Ayurveda Hospital,Bengaluru Urban,N/A,N/A,N/A,N/A (Contact Clinic),General Healthcare & Rehab,N/A,N/A,N/A,"Poornayu Ayurveda Hospital, Bengaluru Urban, Bengaluru, Karnataka",https://www.google.com/maps/search/Poornayu%20Ayurveda%20Hospital%20Bengaluru%20Urban%20Bengaluru,OpenStreetMap Real Spatial Node
Supra Diagnostics Spine Care And Ortho Care Hospital,Bengaluru Urban,N/A,N/A,N/A,N/A (Contact Clinic),Orthopedic & Spine Care,N/A,N/A,N/A,"Supra Diagnostics Spine Care And Ortho Care Hospital, Bengaluru Urban, Bengaluru, Karnataka",https://www.google.com/maps/search/Supra%20Diagnostics%20Spine%20Care%20And%20Ortho%20Care%20Hospital%20Bengaluru%20Urban%20Bengaluru,OpenStreetMap Real Spatial Node
K.C.General Hospital,Bengaluru Urban,N/A,N/A,N/A,N/A (Contact Clinic),General Healthcare & Rehab,N/A,N/A,N/A,"K.C.General Hospital, Bengaluru Urban, Bengaluru, Karnataka",https://www.google.com/maps/search/K.C.General%20Hospital%20Bengaluru%20Urban%20Bengaluru,OpenStreetMap Real Spatial Node
ESIC Model Hospital,Bengaluru Urban,N/A,N/A,N/A,N/A (Contact Clinic),General Healthcare & Rehab,N/A,N/A,N/A,"ESIC Model Hospital, Bengaluru Urban, Bengaluru, Karnataka",https://www.google.com/maps/search/ESIC%20Model%20Hospital%20Bengaluru%20Urban%20Bengaluru,OpenStreetMap Real Spatial Node
Esi Hospital Bangalore,Bengaluru Urban,N/A,N/A,N/A,N/A (Contact Clinic),General Healthcare & Rehab,N/A,N/A,N/A,"Esi Hospital Bangalore, Bengaluru Urban, Bengaluru, Karnataka",https://www.google.com/maps/search/Esi%20Hospital%20Bangalore%20Bengaluru%20Urban%20Bengaluru,OpenStreetMap Real Spatial Node
Dr. Srikanth KP,Bengaluru Urban,N/A,N/A,N/A,N/A (Contact Clinic),General Healthcare & Rehab,N/A,N/A,N/A,"Dr. Srikanth KP, People Tree Hospitals, Metro Stop, 2, Tumkur Rd, Next to, Goraguntepalya, Yeswanthpur , Bengaluru 560022",https://www.google.com/maps/search/Dr.%20Srikanth%20KP%20Bengaluru%20Urban%20Bengaluru,OpenStreetMap Real Spatial Node
Outpatients,Bengaluru Urban,N/A,N/A,N/A,N/A (Contact Clinic),General Healthcare & Rehab,N/A,N/A,N/A,"Outpatients, Bengaluru Urban, Bengaluru, Karnataka",https://www.google.com/maps/search/Outpatients%20Bengaluru%20Urban%20Bengaluru,OpenStreetMap Real Spatial Node
St. Johns hospital Emergency ward,Bengaluru Urban,N/A,N/A,N/A,N/A (Contact Clinic),General Healthcare & Rehab,N/A,N/A,N/A,"St. Johns hospital Emergency ward, Bengaluru Urban, Bengaluru, Karnataka",https://www.google.com/maps/search/St.%20Johns%20hospital%20Emergency%20ward%20Bengaluru%20Urban%20Bengaluru,OpenStreetMap Real Spatial Node
Liss Medical and Dental Clinic,Bengaluru Urban,N/A,N/A,N/A,N/A (Contact Clinic),General Healthcare & Rehab,N/A,N/A,N/A,"Liss Medical and Dental Clinic, Reliable Lakedew Residency , Bengaluru 560102",https://www.google.com/maps/search/Liss%20Medical%20and%20Dental%20Clinic%20Bengaluru%20Urban%20Bengaluru,OpenStreetMap Real Spatial Node
Sharma Nethralaya,Bengaluru Urban,N/A,N/A,N/A,N/A (Contact Clinic),General Healthcare & Rehab,N/A,N/A,N/A,"Sharma Nethralaya, Bengaluru Urban, Bengaluru, Karnataka",https://www.google.com/maps/search/Sharma%20Nethralaya%20Bengaluru%20Urban%20Bengaluru,OpenStreetMap Real Spatial Node
Anand Lab,Bengaluru Urban,N/A,N/A,N/A,N/A (Contact Clinic),General Healthcare & Rehab,N/A,N/A,N/A,"Anand Lab, Bengaluru Urban, Bengaluru, Karnataka",https://www.google.com/maps/search/Anand%20Lab%20Bengaluru%20Urban%20Bengaluru,OpenStreetMap Real Spatial Node
Cuti Care,Bengaluru Urban,N/A,N/A,N/A,N/A (Contact Clinic),General Healthcare & Rehab,N/A,N/A,N/A,"Cuti Care, Bengaluru Urban, Bengaluru, Karnataka",https://www.google.com/maps/search/Cuti%20Care%20Bengaluru%20Urban%20Bengaluru,OpenStreetMap Real Spatial Node
Dr. Naveen S Tahasildar,Bengaluru Urban,N/A,N/A,N/A,N/A (Contact Clinic),General Healthcare & Rehab,N/A,N/A,N/A,"Dr. Naveen S Tahasildar, The Health City, Hosur Rd, Bommasandra Industrial Area, Bommasandra Industrial Area, Bengaluru , Bengaluru 560099",https://www.google.com/maps/search/Dr.%20Naveen%20S%20Tahasildar%20Bengaluru%20Urban%20Bengaluru,OpenStreetMap Real Spatial Node
Katherina Kasper Clinic,Bengaluru Urban,N/A,N/A,N/A,N/A (Contact Clinic),General Healthcare & Rehab,N/A,N/A,N/A,"Katherina Kasper Clinic, Bengaluru Urban, Bengaluru, Karnataka",https://www.google.com/maps/search/Katherina%20Kasper%20Clinic%20Bengaluru%20Urban%20Bengaluru,OpenStreetMap Real Spatial Node
Katherina Kasper Leprosy Control Scheme,Bengaluru Urban,N/A,N/A,N/A,N/A (Contact Clinic),General Healthcare & Rehab,N/A,N/A,N/A,"Katherina Kasper Leprosy Control Scheme, Hutchins Main Road , Bengaluru 560005",https://www.google.com/maps/search/Katherina%20Kasper%20Leprosy%20Control%20Scheme%20Bengaluru%20Urban%20Bengaluru,OpenStreetMap Real Spatial Node
Mathew Children's Specialist,Bengaluru Urban,N/A,N/A,N/A,N/A (Contact Clinic),General Healthcare & Rehab,N/A,N/A,N/A,"Mathew Children's Specialist, Bengaluru Urban, Bengaluru, Karnataka",https://www.google.com/maps/search/Mathew%20Children%27s%20Specialist%20Bengaluru%20Urban%20Bengaluru,OpenStreetMap Real Spatial Node
Dental Zone- Dentist in Bangalore,Bengaluru Urban,N/A,N/A,N/A,N/A (Contact Clinic),General Healthcare & Rehab,N/A,N/A,N/A,"Dental Zone- Dentist in Bangalore, Sevice Road , Bengaluru 560103",https://www.google.com/maps/search/Dental%20Zone-%20Dentist%20in%20Bangalore%20Bengaluru%20Urban%20Bengaluru,OpenStreetMap Real Spatial Node
Anand Diagnostics,Bengaluru Urban,N/A,N/A,N/A,N/A (Contact Clinic),General Healthcare & Rehab,N/A,N/A,N/A,"Anand Diagnostics, 12th cross road , Bengaluru",https://www.google.com/maps/search/Anand%20Diagnostics%20Bengaluru%20Urban%20Bengaluru,OpenStreetMap Real Spatial Node
Indus Diagnostics,Bengaluru Urban,N/A,N/A,N/A,N/A (Contact Clinic),General Healthcare & Rehab,N/A,N/A,N/A,"Indus Diagnostics, Bengaluru Urban, Bengaluru, Karnataka",https://www.google.com/maps/search/Indus%20Diagnostics%20Bengaluru%20Urban%20Bengaluru,OpenStreetMap Real Spatial Node
Om Medicals,Bengaluru Urban,N/A,N/A,N/A,N/A (Contact Clinic),General Healthcare & Rehab,N/A,N/A,N/A,"Om Medicals, Bengaluru Urban, Bengaluru, Karnataka",https://www.google.com/maps/search/Om%20Medicals%20Bengaluru%20Urban%20Bengaluru,OpenStreetMap Real Spatial Node
Garden City Homeopathic Clinic,Bengaluru Urban,N/A,N/A,N/A,N/A (Contact Clinic),General Healthcare & Rehab,N/A,N/A,N/A,"Garden City Homeopathic Clinic, Bengaluru Urban, Bengaluru, Karnataka",https://www.google.com/maps/search/Garden%20City%20Homeopathic%20Clinic%20Bengaluru%20Urban%20Bengaluru,OpenStreetMap Real Spatial Node
K Health Diagnostics Lab,Bengaluru Urban,N/A,N/A,N/A,N/A (Contact Clinic),General Healthcare & Rehab,N/A,N/A,N/A,"K Health Diagnostics Lab, Bengaluru Urban, Bengaluru, Karnataka",https://www.google.com/maps/search/K%20Health%20Diagnostics%20Lab%20Bengaluru%20Urban%20Bengaluru,OpenStreetMap Real Spatial Node
Flourish Dental Studio,Bengaluru Urban,N/A,N/A,N/A,N/A (Contact Clinic),General Healthcare & Rehab,N/A,N/A,N/A,"Flourish Dental Studio, Bengaluru Urban, Bengaluru, Karnataka",https://www.google.com/maps/search/Flourish%20Dental%20Studio%20Bengaluru%20Urban%20Bengaluru,OpenStreetMap Real Spatial Node
Micro Diagnostic Center,Bengaluru Urban,N/A,N/A,N/A,N/A (Contact Clinic),General Healthcare & Rehab,N/A,N/A,N/A,"Micro Diagnostic Center, Bengaluru Urban, Bengaluru, Karnataka",https://www.google.com/maps/search/Micro%20Diagnostic%20Center%20Bengaluru%20Urban%20Bengaluru,OpenStreetMap Real Spatial Node
Magnum Onco Care,Bengaluru Urban,N/A,N/A,N/A,N/A (Contact Clinic),General Healthcare & Rehab,N/A,N/A,N/A,"Magnum Onco Care, Bengaluru Urban, Bengaluru, Karnataka",https://www.google.com/maps/search/Magnum%20Onco%20Care%20Bengaluru%20Urban%20Bengaluru,OpenStreetMap Real Spatial Node
Maya Clinic Pharmacy,Bengaluru Urban,N/A,N/A,N/A,N/A (Contact Clinic),General Healthcare & Rehab,N/A,N/A,N/A,"Maya Clinic Pharmacy, Bengaluru Urban, Bengaluru, Karnataka",https://www.google.com/maps/search/Maya%20Clinic%20Pharmacy%20Bengaluru%20Urban%20Bengaluru,OpenStreetMap Real Spatial Node
Maya Clinic,Bengaluru Urban,N/A,N/A,N/A,N/A (Contact Clinic),General Healthcare & Rehab,N/A,N/A,N/A,"Maya Clinic, Bengaluru Urban, Bengaluru, Karnataka",https://www.google.com/maps/search/Maya%20Clinic%20Bengaluru%20Urban%20Bengaluru,OpenStreetMap Real Spatial Node
Smile On Complete Dental Care,Bengaluru Urban,N/A,N/A,N/A,N/A (Contact Clinic),General Healthcare & Rehab,N/A,N/A,N/A,"Smile On Complete Dental Care, Bengaluru Urban, Bengaluru, Karnataka",https://www.google.com/maps/search/Smile%20On%20Complete%20Dental%20Care%20Bengaluru%20Urban%20Bengaluru,OpenStreetMap Real Spatial Node
Navashakthi Nethralaya,Bengaluru Urban,N/A,N/A,N/A,N/A (Contact Clinic),General Healthcare & Rehab,N/A,N/A,N/A,"Navashakthi Nethralaya, Bengaluru Urban, Bengaluru, Karnataka",https://www.google.com/maps/search/Navashakthi%20Nethralaya%20Bengaluru%20Urban%20Bengaluru,OpenStreetMap Real Spatial Node
Dr. Naveen Tahasildar,Bengaluru Urban,N/A,N/A,N/A,N/A (Contact Clinic),General Healthcare & Rehab,N/A,N/A,N/A,"Dr. Naveen Tahasildar, 29/P2, The Health City, Hosur Rd, Bommasandra Industrial Area, Bommasandra Industrial Area, Bengaluru- 560099,Karnataka, India , Bengaluru 560099",https://www.google.com/maps/search/Dr.%20Naveen%20Tahasildar%20Bengaluru%20Urban%20Bengaluru,OpenStreetMap Real Spatial Node
Netmeds,Bengaluru Urban,N/A,N/A,N/A,N/A (Contact Clinic),General Healthcare & Rehab,N/A,N/A,N/A,"Netmeds, Amruth Nagar Main Road , Bengaluru 560062",https://www.google.com/maps/search/Netmeds%20Bengaluru%20Urban%20Bengaluru,OpenStreetMap Real Spatial Node
Best Medical and General Store,Bengaluru Urban,N/A,N/A,N/A,N/A (Contact Clinic),General Healthcare & Rehab,N/A,N/A,N/A,"Best Medical and General Store, Anjanapura 60 Feet Road , Bengaluru 560062",https://www.google.com/maps/search/Best%20Medical%20and%20General%20Store%20Bengaluru%20Urban%20Bengaluru,OpenStreetMap Real Spatial Node
Kaveri Diagnostic Centre,Bengaluru Urban,N/A,N/A,N/A,N/A (Contact Clinic),General Healthcare & Rehab,N/A,N/A,N/A,"Kaveri Diagnostic Centre, Bengaluru Urban, Bengaluru, Karnataka",https://www.google.com/maps/search/Kaveri%20Diagnostic%20Centre%20Bengaluru%20Urban%20Bengaluru,OpenStreetMap Real Spatial Node
Sri Ganesha Clinic,Bengaluru Urban,N/A,N/A,N/A,N/A (Contact Clinic),General Healthcare & Rehab,N/A,N/A,N/A,"Sri Ganesha Clinic, Bengaluru Urban, Bengaluru, Karnataka",https://www.google.com/maps/search/Sri%20Ganesha%20Clinic%20Bengaluru%20Urban%20Bengaluru,OpenStreetMap Real Spatial Node
Sri Badri Clinic,Bengaluru Urban,N/A,N/A,N/A,N/A (Contact Clinic),General Healthcare & Rehab,N/A,N/A,N/A,"Sri Badri Clinic, Bengaluru Urban, Bengaluru, Karnataka",https://www.google.com/maps/search/Sri%20Badri%20Clinic%20Bengaluru%20Urban%20Bengaluru,OpenStreetMap Real Spatial Node
Srinivas Orthopaedic Centre,Bengaluru Urban,N/A,N/A,N/A,N/A (Contact Clinic),Orthopedic & Spine Care,N/A,N/A,N/A,"Srinivas Orthopaedic Centre, Bengaluru Urban, Bengaluru, Karnataka",https://www.google.com/maps/search/Srinivas%20Orthopaedic%20Centre%20Bengaluru%20Urban%20Bengaluru,OpenStreetMap Real Spatial Node
NLSIU Health Center,Bengaluru Urban,N/A,N/A,N/A,N/A (Contact Clinic),General Healthcare & Rehab,N/A,N/A,N/A,"NLSIU Health Center, Bengaluru Urban, Bengaluru, Karnataka",https://www.google.com/maps/search/NLSIU%20Health%20Center%20Bengaluru%20Urban%20Bengaluru,OpenStreetMap Real Spatial Node
Deepa polyclinic,Bengaluru Urban,N/A,N/A,N/A,N/A (Contact Clinic),General Healthcare & Rehab,N/A,N/A,N/A,"Deepa polyclinic, Bengaluru Urban, Bengaluru, Karnataka",https://www.google.com/maps/search/Deepa%20polyclinic%20Bengaluru%20Urban%20Bengaluru,OpenStreetMap Real Spatial Node
Oral D,Bengaluru Urban,N/A,N/A,N/A,N/A (Contact Clinic),General Healthcare & Rehab,N/A,N/A,N/A,"Oral D, Bengaluru Urban, Bengaluru, Karnataka",https://www.google.com/maps/search/Oral%20D%20Bengaluru%20Urban%20Bengaluru,OpenStreetMap Real Spatial Node
Kidwai Cancer Institute Radiation Block,Bengaluru Urban,N/A,N/A,N/A,N/A (Contact Clinic),General Healthcare & Rehab,N/A,N/A,N/A,"Kidwai Cancer Institute Radiation Block, Bengaluru Urban, Bengaluru, Karnataka",https://www.google.com/maps/search/Kidwai%20Cancer%20Institute%20Radiation%20Block%20Bengaluru%20Urban%20Bengaluru,OpenStreetMap Real Spatial Node
Neo Hospital,Bengaluru Urban,N/A,N/A,N/A,N/A (Contact Clinic),General Healthcare & Rehab,N/A,N/A,N/A,"Neo Hospital, Bengaluru Urban, Bengaluru, Karnataka",https://www.google.com/maps/search/Neo%20Hospital%20Bengaluru%20Urban%20Bengaluru,OpenStreetMap Real Spatial Node
Jangu Pharma,Bengaluru Urban,N/A,N/A,N/A,N/A (Contact Clinic),General Healthcare & Rehab,N/A,N/A,N/A,"Jangu Pharma, Bengaluru Urban, Bengaluru, Karnataka",https://www.google.com/maps/search/Jangu%20Pharma%20Bengaluru%20Urban%20Bengaluru,OpenStreetMap Real Spatial Node
Nurture,Bengaluru Urban,N/A,N/A,N/A,N/A (Contact Clinic),General Healthcare & Rehab,N/A,N/A,N/A,"Nurture, Bengaluru Urban, Bengaluru, Karnataka",https://www.google.com/maps/search/Nurture%20Bengaluru%20Urban%20Bengaluru,OpenStreetMap Real Spatial Node
Safe Hands,Bengaluru Urban,N/A,N/A,N/A,N/A (Contact Clinic),General Healthcare & Rehab,N/A,N/A,N/A,"Safe Hands, Bengaluru Urban, Bengaluru, Karnataka",https://www.google.com/maps/search/Safe%20Hands%20Bengaluru%20Urban%20Bengaluru,OpenStreetMap Real Spatial Node
Devi Eye Care,Bengaluru Urban,N/A,N/A,N/A,N/A (Contact Clinic),General Healthcare & Rehab,N/A,N/A,N/A,"Devi Eye Care, Bengaluru Urban, Bengaluru, Karnataka",https://www.google.com/maps/search/Devi%20Eye%20Care%20Bengaluru%20Urban%20Bengaluru,OpenStreetMap Real Spatial Node
Banyan Dental Care,Bengaluru Urban,N/A,N/A,N/A,N/A (Contact Clinic),General Healthcare & Rehab,N/A,N/A,N/A,"Banyan Dental Care, Wind Tunnel Road , Bengaluru 560017",https://www.google.com/maps/search/Banyan%20Dental%20Care%20Bengaluru%20Urban%20Bengaluru,OpenStreetMap Real Spatial Node
Jayarekha Medicals,Bengaluru Urban,N/A,N/A,N/A,N/A (Contact Clinic),General Healthcare & Rehab,N/A,N/A,N/A,"Jayarekha Medicals, Bengaluru Urban, Bengaluru, Karnataka",https://www.google.com/maps/search/Jayarekha%20Medicals%20Bengaluru%20Urban%20Bengaluru,OpenStreetMap Real Spatial Node
Apollo Pharamacy,Bengaluru Urban,N/A,N/A,N/A,N/A (Contact Clinic),General Healthcare & Rehab,N/A,N/A,N/A,"Apollo Pharamacy, Bengaluru Urban, Bengaluru, Karnataka",https://www.google.com/maps/search/Apollo%20Pharamacy%20Bengaluru%20Urban%20Bengaluru,OpenStreetMap Real Spatial Node
Prestige,Bengaluru Urban,N/A,N/A,N/A,N/A (Contact Clinic),General Healthcare & Rehab,N/A,N/A,N/A,"Prestige, Bengaluru Urban, Bengaluru, Karnataka",https://www.google.com/maps/search/Prestige%20Bengaluru%20Urban%20Bengaluru,OpenStreetMap Real Spatial Node
Shubham,Bengaluru Urban,N/A,N/A,N/A,N/A (Contact Clinic),General Healthcare & Rehab,N/A,N/A,N/A,"Shubham, Bengaluru Urban, Bengaluru, Karnataka",https://www.google.com/maps/search/Shubham%20Bengaluru%20Urban%20Bengaluru,OpenStreetMap Real Spatial Node
Relief,Bengaluru Urban,N/A,N/A,N/A,N/A (Contact Clinic),General Healthcare & Rehab,N/A,N/A,N/A,"Relief, Bengaluru Urban, Bengaluru, Karnataka",https://www.google.com/maps/search/Relief%20Bengaluru%20Urban%20Bengaluru,OpenStreetMap Real Spatial Node
ALR,Bengaluru Urban,N/A,N/A,N/A,N/A (Contact Clinic),General Healthcare & Rehab,N/A,N/A,N/A,"ALR, Bengaluru Urban, Bengaluru, Karnataka",https://www.google.com/maps/search/ALR%20Bengaluru%20Urban%20Bengaluru,OpenStreetMap Real Spatial Node
Ashapurna Medicals,Bengaluru Urban,N/A,N/A,N/A,N/A (Contact Clinic),General Healthcare & Rehab,N/A,N/A,N/A,"Ashapurna Medicals, Bengaluru Urban, Bengaluru, Karnataka",https://www.google.com/maps/search/Ashapurna%20Medicals%20Bengaluru%20Urban%20Bengaluru,OpenStreetMap Real Spatial Node
Sri Ramdev Medicals,Bengaluru Urban,N/A,N/A,N/A,N/A (Contact Clinic),General Healthcare & Rehab,N/A,N/A,N/A,"Sri Ramdev Medicals, Bengaluru Urban, Bengaluru, Karnataka",https://www.google.com/maps/search/Sri%20Ramdev%20Medicals%20Bengaluru%20Urban%20Bengaluru,OpenStreetMap Real Spatial Node
Sahasra Hospital,Bengaluru Urban,N/A,N/A,N/A,N/A (Contact Clinic),General Healthcare & Rehab,N/A,N/A,N/A,"Sahasra Hospital, Bengaluru Urban, Bengaluru, Karnataka",https://www.google.com/maps/search/Sahasra%20Hospital%20Bengaluru%20Urban%20Bengaluru,OpenStreetMap Real Spatial Node
Kosmoderma dermatologist,Bengaluru Urban,N/A,N/A,N/A,N/A (Contact Clinic),General Healthcare & Rehab,N/A,N/A,N/A,"Kosmoderma dermatologist, Bengaluru Urban, Bengaluru, Karnataka",https://www.google.com/maps/search/Kosmoderma%20dermatologist%20Bengaluru%20Urban%20Bengaluru,OpenStreetMap Real Spatial Node
Clove Dental,Bengaluru Urban,N/A,N/A,N/A,N/A (Contact Clinic),General Healthcare & Rehab,N/A,N/A,N/A,"Clove Dental, Bengaluru Urban, Bengaluru, Karnataka",https://www.google.com/maps/search/Clove%20Dental%20Bengaluru%20Urban%20Bengaluru,OpenStreetMap Real Spatial Node
Dhanalaxmi General Stores,Bengaluru Urban,N/A,N/A,N/A,N/A (Contact Clinic),General Healthcare & Rehab,N/A,N/A,N/A,"Dhanalaxmi General Stores, Bengaluru Urban, Bengaluru, Karnataka",https://www.google.com/maps/search/Dhanalaxmi%20General%20Stores%20Bengaluru%20Urban%20Bengaluru,OpenStreetMap Real Spatial Node
Truth Labs Forensics,Bengaluru Urban,N/A,N/A,N/A,N/A (Contact Clinic),General Healthcare & Rehab,N/A,N/A,N/A,"Truth Labs Forensics, Bengaluru Urban, Bengaluru, Karnataka",https://www.google.com/maps/search/Truth%20Labs%20Forensics%20Bengaluru%20Urban%20Bengaluru,OpenStreetMap Real Spatial Node
Medpolo,Bengaluru Urban,N/A,N/A,N/A,N/A (Contact Clinic),General Healthcare & Rehab,N/A,N/A,N/A,"Medpolo, Bengaluru Urban, Bengaluru, Karnataka",https://www.google.com/maps/search/Medpolo%20Bengaluru%20Urban%20Bengaluru,OpenStreetMap Real Spatial Node
Health Bloom Poly Clinic,Bengaluru Urban,N/A,N/A,N/A,N/A (Contact Clinic),General Healthcare & Rehab,N/A,N/A,N/A,"Health Bloom Poly Clinic, Bengaluru Urban, Bengaluru, Karnataka",https://www.google.com/maps/search/Health%20Bloom%20Poly%20Clinic%20Bengaluru%20Urban%20Bengaluru,OpenStreetMap Real Spatial Node
Health Bloom,Bengaluru Urban,N/A,N/A,N/A,N/A (Contact Clinic),General Healthcare & Rehab,N/A,N/A,N/A,"Health Bloom, Bengaluru Urban, Bengaluru, Karnataka",https://www.google.com/maps/search/Health%20Bloom%20Bengaluru%20Urban%20Bengaluru,OpenStreetMap Real Spatial Node
Cloudnine Hospital,Bengaluru Urban,N/A,N/A,N/A,N/A (Contact Clinic),General Healthcare & Rehab,N/A,N/A,N/A,"Cloudnine Hospital, Narayana Nagar, 1st Block, Doddakallasandra Village, Kanakapura Road , Bengaluru 560062",https://www.google.com/maps/search/Cloudnine%20Hospital%20Bengaluru%20Urban%20Bengaluru,OpenStreetMap Real Spatial Node
SSR Multi Speciality Dental Clinic,Bengaluru Urban,N/A,N/A,N/A,N/A (Contact Clinic),General Healthcare & Rehab,N/A,N/A,N/A,"SSR Multi Speciality Dental Clinic, Bengaluru Urban, Bengaluru, Karnataka",https://www.google.com/maps/search/SSR%20Multi%20Speciality%20Dental%20Clinic%20Bengaluru%20Urban%20Bengaluru,OpenStreetMap Real Spatial Node
Sri Sai Medicals,Bengaluru Urban,N/A,N/A,N/A,N/A (Contact Clinic),General Healthcare & Rehab,N/A,N/A,N/A,"Sri Sai Medicals, Bengaluru Urban, Bengaluru, Karnataka",https://www.google.com/maps/search/Sri%20Sai%20Medicals%20Bengaluru%20Urban%20Bengaluru,OpenStreetMap Real Spatial Node
My Dentist-Centre For Complete Dental & Implant Care,Bengaluru Urban,N/A,N/A,N/A,N/A (Contact Clinic),General Healthcare & Rehab,N/A,N/A,N/A,"My Dentist-Centre For Complete Dental & Implant Care, 50 Feet Road, Muneshwara Block , Girinagar , Bengaluru 560026",https://www.google.com/maps/search/My%20Dentist-Centre%20For%20Complete%20Dental%20%26%20Implant%20Care%20Bengaluru%20Urban%20Bengaluru,OpenStreetMap Real Spatial Node
My Dentist,Bengaluru Urban,N/A,N/A,N/A,N/A (Contact Clinic),General Healthcare & Rehab,N/A,N/A,N/A,"My Dentist, Bengaluru Urban, Bengaluru, Karnataka",https://www.google.com/maps/search/My%20Dentist%20Bengaluru%20Urban%20Bengaluru,OpenStreetMap Real Spatial Node
G. S. Clinic,Bengaluru Urban,N/A,N/A,N/A,N/A (Contact Clinic),General Healthcare & Rehab,N/A,N/A,N/A,"G. S. Clinic, Bengaluru Urban, Bengaluru, Karnataka",https://www.google.com/maps/search/G.%20S.%20Clinic%20Bengaluru%20Urban%20Bengaluru,OpenStreetMap Real Spatial Node
G. S. Pharmacy,Bengaluru Urban,N/A,N/A,N/A,N/A (Contact Clinic),General Healthcare & Rehab,N/A,N/A,N/A,"G. S. Pharmacy, Bengaluru Urban, Bengaluru, Karnataka",https://www.google.com/maps/search/G.%20S.%20Pharmacy%20Bengaluru%20Urban%20Bengaluru,OpenStreetMap Real Spatial Node
Iswarya Fertility,Bengaluru Urban,N/A,N/A,N/A,N/A (Contact Clinic),General Healthcare & Rehab,N/A,N/A,N/A,"Iswarya Fertility, Bengaluru Urban, Bengaluru, Karnataka",https://www.google.com/maps/search/Iswarya%20Fertility%20Bengaluru%20Urban%20Bengaluru,OpenStreetMap Real Spatial Node
A-Z Pharma,Bengaluru Urban,N/A,N/A,N/A,N/A (Contact Clinic),General Healthcare & Rehab,N/A,N/A,N/A,"A-Z Pharma, Bengaluru Urban, Bengaluru, Karnataka",https://www.google.com/maps/search/A-Z%20Pharma%20Bengaluru%20Urban%20Bengaluru,OpenStreetMap Real Spatial Node
Hurbz,Bengaluru Urban,N/A,N/A,N/A,N/A (Contact Clinic),General Healthcare & Rehab,N/A,N/A,N/A,"Hurbz, Bengaluru Urban, Bengaluru, Karnataka",https://www.google.com/maps/search/Hurbz%20Bengaluru%20Urban%20Bengaluru,OpenStreetMap Real Spatial Node
Brothers Chemist,Bengaluru Urban,N/A,N/A,N/A,N/A (Contact Clinic),General Healthcare & Rehab,N/A,N/A,N/A,"Brothers Chemist, Bengaluru Urban, Bengaluru, Karnataka",https://www.google.com/maps/search/Brothers%20Chemist%20Bengaluru%20Urban%20Bengaluru,OpenStreetMap Real Spatial Node
IVF Access - Fertility Clinic,Bengaluru Urban,N/A,N/A,N/A,N/A (Contact Clinic),General Healthcare & Rehab,N/A,N/A,N/A,"IVF Access - Fertility Clinic, Bengaluru Urban, Bengaluru, Karnataka",https://www.google.com/maps/search/IVF%20Access%20-%20Fertility%20Clinic%20Bengaluru%20Urban%20Bengaluru,OpenStreetMap Real Spatial Node
Vitamin Galaxy,Bengaluru Urban,N/A,N/A,N/A,N/A (Contact Clinic),General Healthcare & Rehab,N/A,N/A,N/A,"Vitamin Galaxy, Bengaluru Urban, Bengaluru, Karnataka",https://www.google.com/maps/search/Vitamin%20Galaxy%20Bengaluru%20Urban%20Bengaluru,OpenStreetMap Real Spatial Node
Aarthi Scans and Labs,Bengaluru Urban,N/A,N/A,N/A,N/A (Contact Clinic),General Healthcare & Rehab,N/A,N/A,N/A,"Aarthi Scans and Labs, Bengaluru Urban, Bengaluru, Karnataka",https://www.google.com/maps/search/Aarthi%20Scans%20and%20Labs%20Bengaluru%20Urban%20Bengaluru,OpenStreetMap Real Spatial Node
Olivia Hair & Skin Clinic,Bengaluru Urban,N/A,N/A,N/A,N/A (Contact Clinic),General Healthcare & Rehab,N/A,N/A,N/A,"Olivia Hair & Skin Clinic, Bengaluru Urban, Bengaluru, Karnataka",https://www.google.com/maps/search/Olivia%20Hair%20%26%20Skin%20Clinic%20Bengaluru%20Urban%20Bengaluru,OpenStreetMap Real Spatial Node
Siddanth Hospital,Bengaluru Urban,N/A,N/A,N/A,N/A (Contact Clinic),General Healthcare & Rehab,N/A,N/A,N/A,"Siddanth Hospital, Bengaluru Urban, Bengaluru, Karnataka",https://www.google.com/maps/search/Siddanth%20Hospital%20Bengaluru%20Urban%20Bengaluru,OpenStreetMap Real Spatial Node
Samosa Party,Bengaluru Urban,N/A,N/A,N/A,N/A (Contact Clinic),General Healthcare & Rehab,N/A,N/A,N/A,"Samosa Party, 14th Main Road , Bengaluru",https://www.google.com/maps/search/Samosa%20Party%20Bengaluru%20Urban%20Bengaluru,OpenStreetMap Real Spatial Node
Safe Hands Diagnostics,Bengaluru Urban,N/A,N/A,N/A,N/A (Contact Clinic),General Healthcare & Rehab,N/A,N/A,N/A,"Safe Hands Diagnostics, Bengaluru Urban, Bengaluru, Karnataka",https://www.google.com/maps/search/Safe%20Hands%20Diagnostics%20Bengaluru%20Urban%20Bengaluru,OpenStreetMap Real Spatial Node
Tooth Flora,Bengaluru Urban,N/A,N/A,N/A,N/A (Contact Clinic),General Healthcare & Rehab,N/A,N/A,N/A,"Tooth Flora, Bengaluru Urban, Bengaluru, Karnataka",https://www.google.com/maps/search/Tooth%20Flora%20Bengaluru%20Urban%20Bengaluru,OpenStreetMap Real Spatial Node
Sanjeevani Medicals,Bengaluru Urban,N/A,N/A,N/A,N/A (Contact Clinic),General Healthcare & Rehab,N/A,N/A,N/A,"Sanjeevani Medicals, Bengaluru Urban, Bengaluru, Karnataka",https://www.google.com/maps/search/Sanjeevani%20Medicals%20Bengaluru%20Urban%20Bengaluru,OpenStreetMap Real Spatial Node
Skinsi,Bengaluru Urban,N/A,N/A,N/A,N/A (Contact Clinic),General Healthcare & Rehab,N/A,N/A,N/A,"Skinsi, Bengaluru Urban, Bengaluru, Karnataka",https://www.google.com/maps/search/Skinsi%20Bengaluru%20Urban%20Bengaluru,OpenStreetMap Real Spatial Node
Toothsi,Bengaluru Urban,N/A,N/A,N/A,N/A (Contact Clinic),General Healthcare & Rehab,N/A,N/A,N/A,"Toothsi, Bengaluru Urban, Bengaluru, Karnataka",https://www.google.com/maps/search/Toothsi%20Bengaluru%20Urban%20Bengaluru,OpenStreetMap Real Spatial Node
Pinnacle Family Dental and Implant Clinic,Bengaluru Urban,N/A,N/A,N/A,N/A (Contact Clinic),General Healthcare & Rehab,N/A,N/A,N/A,"Pinnacle Family Dental and Implant Clinic, Bengaluru Urban, Bengaluru, Karnataka",https://www.google.com/maps/search/Pinnacle%20Family%20Dental%20and%20Implant%20Clinic%20Bengaluru%20Urban%20Bengaluru,OpenStreetMap Real Spatial Node
Economic Homeo Store,Bengaluru Urban,N/A,N/A,N/A,N/A (Contact Clinic),General Healthcare & Rehab,N/A,N/A,N/A,"Economic Homeo Store, 1st Cross Road , Bengaluru",https://www.google.com/maps/search/Economic%20Homeo%20Store%20Bengaluru%20Urban%20Bengaluru,OpenStreetMap Real Spatial Node
Skanda Medicals,Bengaluru Urban,N/A,N/A,N/A,N/A (Contact Clinic),General Healthcare & Rehab,N/A,N/A,N/A,"Skanda Medicals, 7th Main Road , Bengaluru",https://www.google.com/maps/search/Skanda%20Medicals%20Bengaluru%20Urban%20Bengaluru,OpenStreetMap Real Spatial Node
iCure Medicals,Bengaluru Urban,N/A,N/A,N/A,N/A (Contact Clinic),General Healthcare & Rehab,N/A,N/A,N/A,"iCure Medicals, 4th Main Road , Bengaluru",https://www.google.com/maps/search/iCure%20Medicals%20Bengaluru%20Urban%20Bengaluru,OpenStreetMap Real Spatial Node
Sree Maruthi Diagnostics Centre,Bengaluru Urban,N/A,N/A,N/A,N/A (Contact Clinic),General Healthcare & Rehab,N/A,N/A,N/A,"Sree Maruthi Diagnostics Centre, Bengaluru Urban, Bengaluru, Karnataka",https://www.google.com/maps/search/Sree%20Maruthi%20Diagnostics%20Centre%20Bengaluru%20Urban%20Bengaluru,OpenStreetMap Real Spatial Node
Sanjith Clinic,Bengaluru Urban,N/A,N/A,N/A,N/A (Contact Clinic),General Healthcare & Rehab,N/A,N/A,N/A,"Sanjith Clinic, Bengaluru Urban, Bengaluru, Karnataka",https://www.google.com/maps/search/Sanjith%20Clinic%20Bengaluru%20Urban%20Bengaluru,OpenStreetMap Real Spatial Node
United Medicals,Bengaluru Urban,N/A,N/A,N/A,N/A (Contact Clinic),General Healthcare & Rehab,N/A,N/A,N/A,"United Medicals, Bengaluru Urban, Bengaluru, Karnataka",https://www.google.com/maps/search/United%20Medicals%20Bengaluru%20Urban%20Bengaluru,OpenStreetMap Real Spatial Node
Bright Medicals,Bengaluru Urban,N/A,N/A,N/A,N/A (Contact Clinic),General Healthcare & Rehab,N/A,N/A,N/A,"Bright Medicals, Bengaluru Urban, Bengaluru, Karnataka",https://www.google.com/maps/search/Bright%20Medicals%20Bengaluru%20Urban%20Bengaluru,OpenStreetMap Real Spatial Node
Dental Lounge,Bengaluru Urban,N/A,N/A,N/A,N/A (Contact Clinic),General Healthcare & Rehab,N/A,N/A,N/A,"Dental Lounge, Bengaluru Urban, Bengaluru, Karnataka",https://www.google.com/maps/search/Dental%20Lounge%20Bengaluru%20Urban%20Bengaluru,OpenStreetMap Real Spatial Node
Medray Diagnostic Centre,Bengaluru Urban,N/A,N/A,N/A,N/A (Contact Clinic),General Healthcare & Rehab,N/A,N/A,N/A,"Medray Diagnostic Centre, Bengaluru Urban, Bengaluru, Karnataka",https://www.google.com/maps/search/Medray%20Diagnostic%20Centre%20Bengaluru%20Urban%20Bengaluru,OpenStreetMap Real Spatial Node
Ambica Medical,Bengaluru Urban,N/A,N/A,N/A,N/A (Contact Clinic),General Healthcare & Rehab,N/A,N/A,N/A,"Ambica Medical, Bengaluru Urban, Bengaluru, Karnataka",https://www.google.com/maps/search/Ambica%20Medical%20Bengaluru%20Urban%20Bengaluru,OpenStreetMap Real Spatial Node
Frank Ross,Bengaluru Urban,N/A,N/A,N/A,N/A (Contact Clinic),General Healthcare & Rehab,N/A,N/A,N/A,"Frank Ross, Bengaluru Urban, Bengaluru, Karnataka",https://www.google.com/maps/search/Frank%20Ross%20Bengaluru%20Urban%20Bengaluru,OpenStreetMap Real Spatial Node
Health Care Pharmacy,Bengaluru Urban,N/A,N/A,N/A,N/A (Contact Clinic),General Healthcare & Rehab,N/A,N/A,N/A,"Health Care Pharmacy, Bengaluru Urban, Bengaluru, Karnataka",https://www.google.com/maps/search/Health%20Care%20Pharmacy%20Bengaluru%20Urban%20Bengaluru,OpenStreetMap Real Spatial Node
Sri Balaji Medicals & Surgicals,Bengaluru Urban,N/A,N/A,N/A,N/A (Contact Clinic),General Healthcare & Rehab,N/A,N/A,N/A,"Sri Balaji Medicals & Surgicals, Bengaluru Urban, Bengaluru, Karnataka",https://www.google.com/maps/search/Sri%20Balaji%20Medicals%20%26%20Surgicals%20Bengaluru%20Urban%20Bengaluru,OpenStreetMap Real Spatial Node
Ramdev Medicrest,Bengaluru Urban,N/A,N/A,N/A,N/A (Contact Clinic),General Healthcare & Rehab,N/A,N/A,N/A,"Ramdev Medicrest, Bengaluru Urban, Bengaluru, Karnataka",https://www.google.com/maps/search/Ramdev%20Medicrest%20Bengaluru%20Urban%20Bengaluru,OpenStreetMap Real Spatial Node
Aspire,Bengaluru Urban,N/A,N/A,N/A,N/A (Contact Clinic),General Healthcare & Rehab,N/A,N/A,N/A,"Aspire, Bengaluru Urban, Bengaluru, Karnataka",https://www.google.com/maps/search/Aspire%20Bengaluru%20Urban%20Bengaluru,OpenStreetMap Real Spatial Node
Sai Krupa Hospital,Bengaluru Urban,N/A,N/A,N/A,N/A (Contact Clinic),General Healthcare & Rehab,N/A,N/A,N/A,"Sai Krupa Hospital, Bengaluru Urban, Bengaluru, Karnataka",https://www.google.com/maps/search/Sai%20Krupa%20Hospital%20Bengaluru%20Urban%20Bengaluru,OpenStreetMap Real Spatial Node
BBMP Clinic,Bengaluru Urban,N/A,N/A,N/A,N/A (Contact Clinic),General Healthcare & Rehab,N/A,N/A,N/A,"BBMP Clinic, Bengaluru Urban, Bengaluru, Karnataka",https://www.google.com/maps/search/BBMP%20Clinic%20Bengaluru%20Urban%20Bengaluru,OpenStreetMap Real Spatial Node
Sri Balaji,Bengaluru Urban,N/A,N/A,N/A,N/A (Contact Clinic),General Healthcare & Rehab,N/A,N/A,N/A,"Sri Balaji, Bengaluru Urban, Bengaluru, Karnataka",https://www.google.com/maps/search/Sri%20Balaji%20Bengaluru%20Urban%20Bengaluru,OpenStreetMap Real Spatial Node
Prima Diagnostics,Bengaluru Urban,N/A,N/A,N/A,N/A (Contact Clinic),General Healthcare & Rehab,N/A,N/A,N/A,"Prima Diagnostics, Bengaluru Urban, Bengaluru, Karnataka",https://www.google.com/maps/search/Prima%20Diagnostics%20Bengaluru%20Urban%20Bengaluru,OpenStreetMap Real Spatial Node
Smaya's Dento Care,Bengaluru Urban,N/A,N/A,N/A,N/A (Contact Clinic),General Healthcare & Rehab,N/A,N/A,N/A,"Smaya's Dento Care, Bengaluru Urban, Bengaluru, Karnataka",https://www.google.com/maps/search/Smaya%27s%20Dento%20Care%20Bengaluru%20Urban%20Bengaluru,OpenStreetMap Real Spatial Node
Ganesh Medicals and General Store,Bengaluru Urban,N/A,N/A,N/A,N/A (Contact Clinic),General Healthcare & Rehab,N/A,N/A,N/A,"Ganesh Medicals and General Store, Bengaluru Urban, Bengaluru, Karnataka",https://www.google.com/maps/search/Ganesh%20Medicals%20and%20General%20Store%20Bengaluru%20Urban%20Bengaluru,OpenStreetMap Real Spatial Node
Manish Medicals,Bengaluru Urban,N/A,N/A,N/A,N/A (Contact Clinic),General Healthcare & Rehab,N/A,N/A,N/A,"Manish Medicals, Bengaluru Urban, Bengaluru, Karnataka",https://www.google.com/maps/search/Manish%20Medicals%20Bengaluru%20Urban%20Bengaluru,OpenStreetMap Real Spatial Node
Turning Point Therapists,Bengaluru Urban,N/A,N/A,N/A,N/A (Contact Clinic),General Healthcare & Rehab,N/A,N/A,N/A,"Turning Point Therapists, Bengaluru Urban, Bengaluru, Karnataka",https://www.google.com/maps/search/Turning%20Point%20Therapists%20Bengaluru%20Urban%20Bengaluru,OpenStreetMap Real Spatial Node
Mahaveer Medicals,Bengaluru Urban,N/A,N/A,N/A,N/A (Contact Clinic),General Healthcare & Rehab,N/A,N/A,N/A,"Mahaveer Medicals, Bengaluru Urban, Bengaluru, Karnataka",https://www.google.com/maps/search/Mahaveer%20Medicals%20Bengaluru%20Urban%20Bengaluru,OpenStreetMap Real Spatial Node
Kush Oral Surgery,Bengaluru Urban,N/A,N/A,N/A,N/A (Contact Clinic),General Healthcare & Rehab,N/A,N/A,N/A,"Kush Oral Surgery, Bengaluru Urban, Bengaluru, Karnataka",https://www.google.com/maps/search/Kush%20Oral%20Surgery%20Bengaluru%20Urban%20Bengaluru,OpenStreetMap Real Spatial Node
Prakruti Pharma,Bengaluru Urban,N/A,N/A,N/A,N/A (Contact Clinic),General Healthcare & Rehab,N/A,N/A,N/A,"Prakruti Pharma, Bengaluru Urban, Bengaluru, Karnataka",https://www.google.com/maps/search/Prakruti%20Pharma%20Bengaluru%20Urban%20Bengaluru,OpenStreetMap Real Spatial Node
Dr. Raj's,Bengaluru Urban,N/A,N/A,N/A,N/A (Contact Clinic),General Healthcare & Rehab,N/A,N/A,N/A,"Dr. Raj's, Bengaluru Urban, Bengaluru, Karnataka",https://www.google.com/maps/search/Dr.%20Raj%27s%20Bengaluru%20Urban%20Bengaluru,OpenStreetMap Real Spatial Node
DP Speciality Dental Clinic,Bengaluru Urban,N/A,N/A,N/A,N/A (Contact Clinic),General Healthcare & Rehab,N/A,N/A,N/A,"DP Speciality Dental Clinic, Holiday Village Resort Road, Mallasandra, Karnataka , Bengaluru",https://www.google.com/maps/search/DP%20Speciality%20Dental%20Clinic%20Bengaluru%20Urban%20Bengaluru,OpenStreetMap Real Spatial Node
Creative Smiles,Bengaluru Urban,N/A,N/A,N/A,N/A (Contact Clinic),General Healthcare & Rehab,N/A,N/A,N/A,"Creative Smiles, Bengaluru Urban, Bengaluru, Karnataka",https://www.google.com/maps/search/Creative%20Smiles%20Bengaluru%20Urban%20Bengaluru,OpenStreetMap Real Spatial Node
Geronics,Bengaluru Urban,N/A,N/A,N/A,N/A (Contact Clinic),General Healthcare & Rehab,N/A,N/A,N/A,"Geronics, Bengaluru Urban, Bengaluru, Karnataka",https://www.google.com/maps/search/Geronics%20Bengaluru%20Urban%20Bengaluru,OpenStreetMap Real Spatial Node
Geronics Pharmacy,Bengaluru Urban,N/A,N/A,N/A,N/A (Contact Clinic),General Healthcare & Rehab,N/A,N/A,N/A,"Geronics Pharmacy, Bengaluru Urban, Bengaluru, Karnataka",https://www.google.com/maps/search/Geronics%20Pharmacy%20Bengaluru%20Urban%20Bengaluru,OpenStreetMap Real Spatial Node
Jiva Ayurveda,Bengaluru Urban,N/A,N/A,N/A,N/A (Contact Clinic),General Healthcare & Rehab,N/A,N/A,N/A,"Jiva Ayurveda, Bengaluru Urban, Bengaluru, Karnataka",https://www.google.com/maps/search/Jiva%20Ayurveda%20Bengaluru%20Urban%20Bengaluru,OpenStreetMap Real Spatial Node
Bangalore Baptist Clinic,Bengaluru Urban,N/A,N/A,N/A,N/A (Contact Clinic),General Healthcare & Rehab,N/A,N/A,N/A,"Bangalore Baptist Clinic, Bengaluru Urban, Bengaluru, Karnataka",https://www.google.com/maps/search/Bangalore%20Baptist%20Clinic%20Bengaluru%20Urban%20Bengaluru,OpenStreetMap Real Spatial Node
Dalvkot,Bengaluru Urban,N/A,N/A,N/A,N/A (Contact Clinic),General Healthcare & Rehab,N/A,N/A,N/A,"Dalvkot, Bengaluru Urban, Bengaluru, Karnataka",https://www.google.com/maps/search/Dalvkot%20Bengaluru%20Urban%20Bengaluru,OpenStreetMap Real Spatial Node
Charakass Ayurveda centre,Bengaluru Urban,N/A,N/A,N/A,N/A (Contact Clinic),General Healthcare & Rehab,N/A,N/A,N/A,"Charakass Ayurveda centre, 6th Main road, HAL 3rd Stage , Bengaluru",https://www.google.com/maps/search/Charakass%20Ayurveda%20centre%20Bengaluru%20Urban%20Bengaluru,OpenStreetMap Real Spatial Node
Harsha Poly Clinic & Maternity Home,Bengaluru Urban,N/A,N/A,N/A,N/A (Contact Clinic),General Healthcare & Rehab,N/A,N/A,N/A,"Harsha Poly Clinic & Maternity Home, Bengaluru Urban, Bengaluru, Karnataka",https://www.google.com/maps/search/Harsha%20Poly%20Clinic%20%26%20Maternity%20Home%20Bengaluru%20Urban%20Bengaluru,OpenStreetMap Real Spatial Node
Mahadev Medicals,Bengaluru Urban,N/A,N/A,N/A,N/A (Contact Clinic),General Healthcare & Rehab,N/A,N/A,N/A,"Mahadev Medicals, Holiday Village Resort Road, Mallasandra, Bangalore , Bengaluru",https://www.google.com/maps/search/Mahadev%20Medicals%20Bengaluru%20Urban%20Bengaluru,OpenStreetMap Real Spatial Node
Parency Hospital,Bengaluru Urban,N/A,N/A,N/A,N/A (Contact Clinic),General Healthcare & Rehab,N/A,N/A,N/A,"Parency Hospital, Bengaluru Urban, Bengaluru, Karnataka",https://www.google.com/maps/search/Parency%20Hospital%20Bengaluru%20Urban%20Bengaluru,OpenStreetMap Real Spatial Node
GHOC Obesity Clinic,Bengaluru Urban,N/A,N/A,N/A,N/A (Contact Clinic),General Healthcare & Rehab,N/A,N/A,N/A,"GHOC Obesity Clinic, Bengaluru Urban, Bengaluru, Karnataka",https://www.google.com/maps/search/GHOC%20Obesity%20Clinic%20Bengaluru%20Urban%20Bengaluru,OpenStreetMap Real Spatial Node
Life Care Medicals - 34,Bengaluru Urban,N/A,N/A,N/A,N/A (Contact Clinic),General Healthcare & Rehab,N/A,N/A,N/A,"Life Care Medicals - 34, Holiday Village Road Bengaluru, Bengaluru 560062",https://www.google.com/maps/search/Life%20Care%20Medicals%20-%2034%20Bengaluru%20Urban%20Bengaluru,OpenStreetMap Real Spatial Node
Life Care Medicals,Bengaluru Urban,N/A,N/A,N/A,N/A (Contact Clinic),General Healthcare & Rehab,N/A,N/A,N/A,"Life Care Medicals, Kanakapura Road Bengaluru, Bengaluru 560062",https://www.google.com/maps/search/Life%20Care%20Medicals%20Bengaluru%20Urban%20Bengaluru,OpenStreetMap Real Spatial Node
Rana Ramdev Medicals,Bengaluru Urban,N/A,N/A,N/A,N/A (Contact Clinic),General Healthcare & Rehab,N/A,N/A,N/A,"Rana Ramdev Medicals, Bengaluru Urban, Bengaluru, Karnataka",https://www.google.com/maps/search/Rana%20Ramdev%20Medicals%20Bengaluru%20Urban%20Bengaluru,OpenStreetMap Real Spatial Node
Namma Clinic,Bengaluru Urban,N/A,N/A,N/A,N/A (Contact Clinic),General Healthcare & Rehab,N/A,N/A,N/A,"Namma Clinic, Bengaluru Urban, Bengaluru, Karnataka",https://www.google.com/maps/search/Namma%20Clinic%20Bengaluru%20Urban%20Bengaluru,OpenStreetMap Real Spatial Node
The Local Dentist,Bengaluru Urban,N/A,N/A,N/A,N/A (Contact Clinic),General Healthcare & Rehab,N/A,N/A,N/A,"The Local Dentist, HARLUR MAIN ROAD ,OPP.OZONE EVERGREEN SOCIETY GATE 1 , Bengaluru 560102",https://www.google.com/maps/search/The%20Local%20Dentist%20Bengaluru%20Urban%20Bengaluru,OpenStreetMap Real Spatial Node
Kirti Eye and Dental Hospital,Bengaluru Urban,N/A,N/A,N/A,N/A (Contact Clinic),General Healthcare & Rehab,N/A,N/A,N/A,"Kirti Eye and Dental Hospital, MM Road Cox Town, Bengaluru 560005",https://www.google.com/maps/search/Kirti%20Eye%20and%20Dental%20Hospital%20Bengaluru%20Urban%20Bengaluru,OpenStreetMap Real Spatial Node
Saalik's Healthcare Centre,Bengaluru Urban,N/A,N/A,N/A,N/A (Contact Clinic),General Healthcare & Rehab,N/A,N/A,N/A,"Saalik's Healthcare Centre, Hutchins 2nd Cross , Bengaluru 560084",https://www.google.com/maps/search/Saalik%27s%20Healthcare%20Centre%20Bengaluru%20Urban%20Bengaluru,OpenStreetMap Real Spatial Node
Zanjani's Medscope Diagnostic Lab,Bengaluru Urban,N/A,N/A,N/A,N/A (Contact Clinic),General Healthcare & Rehab,N/A,N/A,N/A,"Zanjani's Medscope Diagnostic Lab, Bengaluru Urban, Bengaluru, Karnataka",https://www.google.com/maps/search/Zanjani%27s%20Medscope%20Diagnostic%20Lab%20Bengaluru%20Urban%20Bengaluru,OpenStreetMap Real Spatial Node
Leaf pharma,Bengaluru Urban,N/A,N/A,N/A,N/A (Contact Clinic),General Healthcare & Rehab,N/A,N/A,N/A,"Leaf pharma, Bengaluru Urban, Bengaluru, Karnataka",https://www.google.com/maps/search/Leaf%20pharma%20Bengaluru%20Urban%20Bengaluru,OpenStreetMap Real Spatial Node
Clarity Diagnostics,Bengaluru Urban,N/A,N/A,N/A,N/A (Contact Clinic),General Healthcare & Rehab,N/A,N/A,N/A,"Clarity Diagnostics, Bengaluru Urban, Bengaluru, Karnataka",https://www.google.com/maps/search/Clarity%20Diagnostics%20Bengaluru%20Urban%20Bengaluru,OpenStreetMap Real Spatial Node
Roots Pharma,Bengaluru Urban,N/A,N/A,N/A,N/A (Contact Clinic),General Healthcare & Rehab,N/A,N/A,N/A,"Roots Pharma, Bengaluru Urban, Bengaluru, Karnataka",https://www.google.com/maps/search/Roots%20Pharma%20Bengaluru%20Urban%20Bengaluru,OpenStreetMap Real Spatial Node
Blossoms Dental Clinic,Bengaluru Urban,N/A,N/A,N/A,N/A (Contact Clinic),General Healthcare & Rehab,N/A,N/A,N/A,"Blossoms Dental Clinic, Bengaluru Urban, Bengaluru, Karnataka",https://www.google.com/maps/search/Blossoms%20Dental%20Clinic%20Bengaluru%20Urban%20Bengaluru,OpenStreetMap Real Spatial Node
Dhanavantri Health Care,Bengaluru Urban,N/A,N/A,N/A,N/A (Contact Clinic),General Healthcare & Rehab,N/A,N/A,N/A,"Dhanavantri Health Care, Bengaluru Urban, Bengaluru, Karnataka",https://www.google.com/maps/search/Dhanavantri%20Health%20Care%20Bengaluru%20Urban%20Bengaluru,OpenStreetMap Real Spatial Node
Hafiz Pharma,Bengaluru Urban,N/A,N/A,N/A,N/A (Contact Clinic),General Healthcare & Rehab,N/A,N/A,N/A,"Hafiz Pharma, Bengaluru Urban, Bengaluru, Karnataka",https://www.google.com/maps/search/Hafiz%20Pharma%20Bengaluru%20Urban%20Bengaluru,OpenStreetMap Real Spatial Node
HKGN Medicals,Bengaluru Urban,N/A,N/A,N/A,N/A (Contact Clinic),General Healthcare & Rehab,N/A,N/A,N/A,"HKGN Medicals, Bengaluru Urban, Bengaluru, Karnataka",https://www.google.com/maps/search/HKGN%20Medicals%20Bengaluru%20Urban%20Bengaluru,OpenStreetMap Real Spatial Node
Mind Free Counselling Centre,Bengaluru Urban,N/A,N/A,N/A,N/A (Contact Clinic),General Healthcare & Rehab,N/A,N/A,N/A,"Mind Free Counselling Centre, 5th Main Road , Bengaluru",https://www.google.com/maps/search/Mind%20Free%20Counselling%20Centre%20Bengaluru%20Urban%20Bengaluru,OpenStreetMap Real Spatial Node
DRN Dental Care,Bengaluru Urban,N/A,N/A,N/A,N/A (Contact Clinic),General Healthcare & Rehab,N/A,N/A,N/A,"DRN Dental Care, Bengaluru Urban, Bengaluru, Karnataka",https://www.google.com/maps/search/DRN%20Dental%20Care%20Bengaluru%20Urban%20Bengaluru,OpenStreetMap Real Spatial Node
Shankarapuram Diagnostic Centre,Bengaluru Urban,N/A,N/A,N/A,N/A (Contact Clinic),General Healthcare & Rehab,N/A,N/A,N/A,"Shankarapuram Diagnostic Centre, Bengaluru Urban, Bengaluru, Karnataka",https://www.google.com/maps/search/Shankarapuram%20Diagnostic%20Centre%20Bengaluru%20Urban%20Bengaluru,OpenStreetMap Real Spatial Node
Hind Eye Care Centre,Bengaluru Urban,N/A,N/A,N/A,N/A (Contact Clinic),General Healthcare & Rehab,N/A,N/A,N/A,"Hind Eye Care Centre, Bengaluru Urban, Bengaluru, Karnataka",https://www.google.com/maps/search/Hind%20Eye%20Care%20Centre%20Bengaluru%20Urban%20Bengaluru,OpenStreetMap Real Spatial Node
Oncore Diagnostics,Bengaluru Urban,N/A,N/A,N/A,N/A (Contact Clinic),General Healthcare & Rehab,N/A,N/A,N/A,"Oncore Diagnostics, Bengaluru Urban, Bengaluru, Karnataka",https://www.google.com/maps/search/Oncore%20Diagnostics%20Bengaluru%20Urban%20Bengaluru,OpenStreetMap Real Spatial Node
Dr. Trivikran's All smiles,Bengaluru Urban,N/A,N/A,N/A,N/A (Contact Clinic),General Healthcare & Rehab,N/A,N/A,N/A,"Dr. Trivikran's All smiles, Bengaluru Urban, Bengaluru, Karnataka",https://www.google.com/maps/search/Dr.%20Trivikran%27s%20All%20smiles%20Bengaluru%20Urban%20Bengaluru,OpenStreetMap Real Spatial Node
Rayara Kirana,Bengaluru Urban,N/A,N/A,N/A,N/A (Contact Clinic),General Healthcare & Rehab,N/A,N/A,N/A,"Rayara Kirana, Bengaluru Urban, Bengaluru, Karnataka",https://www.google.com/maps/search/Rayara%20Kirana%20Bengaluru%20Urban%20Bengaluru,OpenStreetMap Real Spatial Node
Balaji Dental Clinic,Bengaluru Urban,N/A,N/A,N/A,N/A (Contact Clinic),General Healthcare & Rehab,N/A,N/A,N/A,"Balaji Dental Clinic, Bengaluru Urban, Bengaluru, Karnataka",https://www.google.com/maps/search/Balaji%20Dental%20Clinic%20Bengaluru%20Urban%20Bengaluru,OpenStreetMap Real Spatial Node
Ara Skin Clinic,Bengaluru Urban,N/A,N/A,N/A,N/A (Contact Clinic),General Healthcare & Rehab,N/A,N/A,N/A,"Ara Skin Clinic, Bengaluru Urban, Bengaluru, Karnataka",https://www.google.com/maps/search/Ara%20Skin%20Clinic%20Bengaluru%20Urban%20Bengaluru,OpenStreetMap Real Spatial Node
Sri Lakshminarasimha Drug Centre,Bengaluru Urban,N/A,N/A,N/A,N/A (Contact Clinic),General Healthcare & Rehab,N/A,N/A,N/A,"Sri Lakshminarasimha Drug Centre, Pampa Mahakavi Road , Bengaluru",https://www.google.com/maps/search/Sri%20Lakshminarasimha%20Drug%20Centre%20Bengaluru%20Urban%20Bengaluru,OpenStreetMap Real Spatial Node
Sri Vaari Dental Clinic,Bengaluru Urban,N/A,N/A,N/A,N/A (Contact Clinic),General Healthcare & Rehab,N/A,N/A,N/A,"Sri Vaari Dental Clinic, Chamrajpet 5th Main Road , Bengaluru",https://www.google.com/maps/search/Sri%20Vaari%20Dental%20Clinic%20Bengaluru%20Urban%20Bengaluru,OpenStreetMap Real Spatial Node
Sri Bhagavan Mahaveer Jain Dental Care,Bengaluru Urban,N/A,N/A,N/A,N/A (Contact Clinic),General Healthcare & Rehab,N/A,N/A,N/A,"Sri Bhagavan Mahaveer Jain Dental Care, Chamrajpet 5th Main Road , Bengaluru",https://www.google.com/maps/search/Sri%20Bhagavan%20Mahaveer%20Jain%20Dental%20Care%20Bengaluru%20Urban%20Bengaluru,OpenStreetMap Real Spatial Node
ProDerma Skin Clinic,Bengaluru Urban,N/A,N/A,N/A,N/A (Contact Clinic),General Healthcare & Rehab,N/A,N/A,N/A,"ProDerma Skin Clinic, Bengaluru Urban, Bengaluru, Karnataka",https://www.google.com/maps/search/ProDerma%20Skin%20Clinic%20Bengaluru%20Urban%20Bengaluru,OpenStreetMap Real Spatial Node
Pandit Clinic (Ayurveda and Panchkarma Center),Bengaluru Urban,N/A,N/A,N/A,N/A (Contact Clinic),General Healthcare & Rehab,N/A,N/A,N/A,"Pandit Clinic (Ayurveda and Panchkarma Center), Bengaluru Urban, Bengaluru, Karnataka",https://www.google.com/maps/search/Pandit%20Clinic%20%28Ayurveda%20and%20Panchkarma%20Center%29%20Bengaluru%20Urban%20Bengaluru,OpenStreetMap Real Spatial Node
Arihant Shri Jain Pharma,Bengaluru Urban,N/A,N/A,N/A,N/A (Contact Clinic),General Healthcare & Rehab,N/A,N/A,N/A,"Arihant Shri Jain Pharma, Bengaluru Urban, Bengaluru, Karnataka",https://www.google.com/maps/search/Arihant%20Shri%20Jain%20Pharma%20Bengaluru%20Urban%20Bengaluru,OpenStreetMap Real Spatial Node
Value Pharma,Bengaluru Urban,N/A,N/A,N/A,N/A (Contact Clinic),General Healthcare & Rehab,N/A,N/A,N/A,"Value Pharma, Bengaluru Urban, Bengaluru, Karnataka",https://www.google.com/maps/search/Value%20Pharma%20Bengaluru%20Urban%20Bengaluru,OpenStreetMap Real Spatial Node
Krishna Medical,Bengaluru Urban,N/A,N/A,N/A,N/A (Contact Clinic),General Healthcare & Rehab,N/A,N/A,N/A,"Krishna Medical, Bengaluru Urban, Bengaluru, Karnataka",https://www.google.com/maps/search/Krishna%20Medical%20Bengaluru%20Urban%20Bengaluru,OpenStreetMap Real Spatial Node
Lions Eye Hospital,Bengaluru Urban,N/A,N/A,N/A,N/A (Contact Clinic),General Healthcare & Rehab,N/A,N/A,N/A,"Lions Eye Hospital, Bengaluru Urban, Bengaluru, Karnataka",https://www.google.com/maps/search/Lions%20Eye%20Hospital%20Bengaluru%20Urban%20Bengaluru,OpenStreetMap Real Spatial Node
Hoysala Medical Stores,Bengaluru Urban,N/A,N/A,N/A,N/A (Contact Clinic),General Healthcare & Rehab,N/A,N/A,N/A,"Hoysala Medical Stores, Bengaluru Urban, Bengaluru, Karnataka",https://www.google.com/maps/search/Hoysala%20Medical%20Stores%20Bengaluru%20Urban%20Bengaluru,OpenStreetMap Real Spatial Node
Smiles On,Bengaluru Urban,N/A,N/A,N/A,N/A (Contact Clinic),General Healthcare & Rehab,N/A,N/A,N/A,"Smiles On, Bengaluru Urban, Bengaluru, Karnataka",https://www.google.com/maps/search/Smiles%20On%20Bengaluru%20Urban%20Bengaluru,OpenStreetMap Real Spatial Node
mom&me,Bengaluru Urban,N/A,N/A,N/A,N/A (Contact Clinic),General Healthcare & Rehab,N/A,N/A,N/A,"mom&me, Bengaluru Urban, Bengaluru, Karnataka",https://www.google.com/maps/search/mom%26me%20Bengaluru%20Urban%20Bengaluru,OpenStreetMap Real Spatial Node
Prestige Medical Healthcare PMHS,Bengaluru Urban,N/A,N/A,N/A,N/A (Contact Clinic),General Healthcare & Rehab,N/A,N/A,N/A,"Prestige Medical Healthcare PMHS, Bengaluru Urban, Bengaluru, Karnataka",https://www.google.com/maps/search/Prestige%20Medical%20Healthcare%20PMHS%20Bengaluru%20Urban%20Bengaluru,OpenStreetMap Real Spatial Node
Smile 365 Dental Clinic,Bengaluru Urban,N/A,N/A,N/A,N/A (Contact Clinic),General Healthcare & Rehab,N/A,N/A,N/A,"Smile 365 Dental Clinic, Bengaluru Urban, Bengaluru, Karnataka",https://www.google.com/maps/search/Smile%20365%20Dental%20Clinic%20Bengaluru%20Urban%20Bengaluru,OpenStreetMap Real Spatial Node
SVM Pharmacy,Bengaluru Urban,N/A,N/A,N/A,N/A (Contact Clinic),General Healthcare & Rehab,N/A,N/A,N/A,"SVM Pharmacy, Bengaluru Urban, Bengaluru, Karnataka",https://www.google.com/maps/search/SVM%20Pharmacy%20Bengaluru%20Urban%20Bengaluru,OpenStreetMap Real Spatial Node
Dentium,Bengaluru Urban,N/A,N/A,N/A,N/A (Contact Clinic),General Healthcare & Rehab,N/A,N/A,N/A,"Dentium, Bengaluru Urban, Bengaluru, Karnataka",https://www.google.com/maps/search/Dentium%20Bengaluru%20Urban%20Bengaluru,OpenStreetMap Real Spatial Node
Salovs Labbix,Bengaluru Urban,N/A,N/A,N/A,N/A (Contact Clinic),General Healthcare & Rehab,N/A,N/A,N/A,"Salovs Labbix, Bengaluru Urban, Bengaluru, Karnataka",https://www.google.com/maps/search/Salovs%20Labbix%20Bengaluru%20Urban%20Bengaluru,OpenStreetMap Real Spatial Node
Cross Dental Care,Bengaluru Urban,N/A,N/A,N/A,N/A (Contact Clinic),General Healthcare & Rehab,N/A,N/A,N/A,"Cross Dental Care, Bengaluru Urban, Bengaluru, Karnataka",https://www.google.com/maps/search/Cross%20Dental%20Care%20Bengaluru%20Urban%20Bengaluru,OpenStreetMap Real Spatial Node
Pristyn Care,Bengaluru Urban,N/A,N/A,N/A,N/A (Contact Clinic),General Healthcare & Rehab,N/A,N/A,N/A,"Pristyn Care, Bengaluru Urban, Bengaluru, Karnataka",https://www.google.com/maps/search/Pristyn%20Care%20Bengaluru%20Urban%20Bengaluru,OpenStreetMap Real Spatial Node
Namma Clinics,Bengaluru Urban,N/A,N/A,N/A,N/A (Contact Clinic),General Healthcare & Rehab,N/A,N/A,N/A,"Namma Clinics, Bengaluru Urban, Bengaluru, Karnataka",https://www.google.com/maps/search/Namma%20Clinics%20Bengaluru%20Urban%20Bengaluru,OpenStreetMap Real Spatial Node
Smile Studio Dental Care,Bengaluru Urban,N/A,N/A,N/A,N/A (Contact Clinic),General Healthcare & Rehab,N/A,N/A,N/A,"Smile Studio Dental Care, Bengaluru Urban, Bengaluru, Karnataka",https://www.google.com/maps/search/Smile%20Studio%20Dental%20Care%20Bengaluru%20Urban%20Bengaluru,OpenStreetMap Real Spatial Node
Shree Mohan Medicines & General Stores,Bengaluru Urban,N/A,N/A,N/A,N/A (Contact Clinic),General Healthcare & Rehab,N/A,N/A,N/A,"Shree Mohan Medicines & General Stores, Bengaluru Urban, Bengaluru, Karnataka",https://www.google.com/maps/search/Shree%20Mohan%20Medicines%20%26%20General%20Stores%20Bengaluru%20Urban%20Bengaluru,OpenStreetMap Real Spatial Node
Aesthetic Dental Care,Bengaluru Urban,N/A,N/A,N/A,N/A (Contact Clinic),General Healthcare & Rehab,N/A,N/A,N/A,"Aesthetic Dental Care, Bengaluru Urban, Bengaluru, Karnataka",https://www.google.com/maps/search/Aesthetic%20Dental%20Care%20Bengaluru%20Urban%20Bengaluru,OpenStreetMap Real Spatial Node
Dr. Prashanth MV,Bengaluru Urban,N/A,N/A,N/A,N/A (Contact Clinic),General Healthcare & Rehab,N/A,N/A,N/A,"Dr. Prashanth MV, Bengaluru Urban, Bengaluru, Karnataka",https://www.google.com/maps/search/Dr.%20Prashanth%20MV%20Bengaluru%20Urban%20Bengaluru,OpenStreetMap Real Spatial Node
Amogha Fertility Clinic,Bengaluru Urban,N/A,N/A,N/A,N/A (Contact Clinic),General Healthcare & Rehab,N/A,N/A,N/A,"Amogha Fertility Clinic, Bengaluru Urban, Bengaluru, Karnataka",https://www.google.com/maps/search/Amogha%20Fertility%20Clinic%20Bengaluru%20Urban%20Bengaluru,OpenStreetMap Real Spatial Node
Zuddha Natural & Wellness Store,Bengaluru Urban,N/A,N/A,N/A,N/A (Contact Clinic),General Healthcare & Rehab,N/A,N/A,N/A,"Zuddha Natural & Wellness Store, Bengaluru Urban, Bengaluru, Karnataka",https://www.google.com/maps/search/Zuddha%20Natural%20%26%20Wellness%20Store%20Bengaluru%20Urban%20Bengaluru,OpenStreetMap Real Spatial Node
Isha Sparsh,Bengaluru Urban,N/A,N/A,N/A,N/A (Contact Clinic),General Healthcare & Rehab,N/A,N/A,N/A,"Isha Sparsh, Bengaluru Urban, Bengaluru, Karnataka",https://www.google.com/maps/search/Isha%20Sparsh%20Bengaluru%20Urban%20Bengaluru,OpenStreetMap Real Spatial Node
Dr. Sculpt Aesthetic Clinic,Bengaluru Urban,N/A,N/A,N/A,N/A (Contact Clinic),General Healthcare & Rehab,N/A,N/A,N/A,"Dr. Sculpt Aesthetic Clinic, Bengaluru Urban, Bengaluru, Karnataka",https://www.google.com/maps/search/Dr.%20Sculpt%20Aesthetic%20Clinic%20Bengaluru%20Urban%20Bengaluru,OpenStreetMap Real Spatial Node
B mom,Bengaluru Urban,N/A,N/A,N/A,N/A (Contact Clinic),General Healthcare & Rehab,N/A,N/A,N/A,"B mom, Bengaluru Urban, Bengaluru, Karnataka",https://www.google.com/maps/search/B%20mom%20Bengaluru%20Urban%20Bengaluru,OpenStreetMap Real Spatial Node
Dentyscan 3D,Bengaluru Urban,N/A,N/A,N/A,N/A (Contact Clinic),General Healthcare & Rehab,N/A,N/A,N/A,"Dentyscan 3D, Bengaluru Urban, Bengaluru, Karnataka",https://www.google.com/maps/search/Dentyscan%203D%20Bengaluru%20Urban%20Bengaluru,OpenStreetMap Real Spatial Node
All Smiles the dental clinic,Bengaluru Urban,N/A,N/A,N/A,N/A (Contact Clinic),General Healthcare & Rehab,N/A,N/A,N/A,"All Smiles the dental clinic, Bengaluru Urban, Bengaluru, Karnataka",https://www.google.com/maps/search/All%20Smiles%20the%20dental%20clinic%20Bengaluru%20Urban%20Bengaluru,OpenStreetMap Real Spatial Node
Bruhati Clinic,Bengaluru Urban,N/A,N/A,N/A,N/A (Contact Clinic),General Healthcare & Rehab,N/A,N/A,N/A,"Bruhati Clinic, Bengaluru Urban, Bengaluru, Karnataka",https://www.google.com/maps/search/Bruhati%20Clinic%20Bengaluru%20Urban%20Bengaluru,OpenStreetMap Real Spatial Node
Kartikeya Medicals,Bengaluru Urban,N/A,N/A,N/A,N/A (Contact Clinic),General Healthcare & Rehab,N/A,N/A,N/A,"Kartikeya Medicals, Bengaluru Urban, Bengaluru, Karnataka",https://www.google.com/maps/search/Kartikeya%20Medicals%20Bengaluru%20Urban%20Bengaluru,OpenStreetMap Real Spatial Node
Chandini Neuro Specialty Clinic,Bengaluru Urban,N/A,N/A,N/A,N/A (Contact Clinic),General Healthcare & Rehab,N/A,N/A,N/A,"Chandini Neuro Specialty Clinic, Bengaluru Urban, Bengaluru, Karnataka",https://www.google.com/maps/search/Chandini%20Neuro%20Specialty%20Clinic%20Bengaluru%20Urban%20Bengaluru,OpenStreetMap Real Spatial Node
Denton Dental Clinic,Bengaluru Urban,N/A,N/A,N/A,N/A (Contact Clinic),General Healthcare & Rehab,N/A,N/A,N/A,"Denton Dental Clinic, Bengaluru Urban, Bengaluru, Karnataka",https://www.google.com/maps/search/Denton%20Dental%20Clinic%20Bengaluru%20Urban%20Bengaluru,OpenStreetMap Real Spatial Node
Epicorium Skin Hair Nail Clinic,Bengaluru Urban,N/A,N/A,N/A,N/A (Contact Clinic),General Healthcare & Rehab,N/A,N/A,N/A,"Epicorium Skin Hair Nail Clinic, Bengaluru Urban, Bengaluru, Karnataka",https://www.google.com/maps/search/Epicorium%20Skin%20Hair%20Nail%20Clinic%20Bengaluru%20Urban%20Bengaluru,OpenStreetMap Real Spatial Node
ChanRe Diagnostic Laboratory,Bengaluru Urban,N/A,N/A,N/A,N/A (Contact Clinic),General Healthcare & Rehab,N/A,N/A,N/A,"ChanRe Diagnostic Laboratory, Bengaluru Urban, Bengaluru, Karnataka",https://www.google.com/maps/search/ChanRe%20Diagnostic%20Laboratory%20Bengaluru%20Urban%20Bengaluru,OpenStreetMap Real Spatial Node
ChanRe Dental Care,Bengaluru Urban,N/A,N/A,N/A,N/A (Contact Clinic),General Healthcare & Rehab,N/A,N/A,N/A,"ChanRe Dental Care, Bengaluru Urban, Bengaluru, Karnataka",https://www.google.com/maps/search/ChanRe%20Dental%20Care%20Bengaluru%20Urban%20Bengaluru,OpenStreetMap Real Spatial Node
Ayaans Hospital,Bengaluru Urban,N/A,N/A,N/A,N/A (Contact Clinic),General Healthcare & Rehab,N/A,N/A,N/A,"Ayaans Hospital, Bengaluru Urban, Bengaluru, Karnataka",https://www.google.com/maps/search/Ayaans%20Hospital%20Bengaluru%20Urban%20Bengaluru,OpenStreetMap Real Spatial Node
Harsha Polyclinic,Bengaluru Urban,N/A,N/A,N/A,N/A (Contact Clinic),General Healthcare & Rehab,N/A,N/A,N/A,"Harsha Polyclinic, Bengaluru Urban, Bengaluru, Karnataka",https://www.google.com/maps/search/Harsha%20Polyclinic%20Bengaluru%20Urban%20Bengaluru,OpenStreetMap Real Spatial Node
smiles.ai,Bengaluru Urban,N/A,N/A,N/A,N/A (Contact Clinic),General Healthcare & Rehab,N/A,N/A,N/A,"smiles.ai, Bengaluru Urban, Bengaluru, Karnataka",https://www.google.com/maps/search/smiles.ai%20Bengaluru%20Urban%20Bengaluru,OpenStreetMap Real Spatial Node
Sabka Dentist,Bengaluru Urban,N/A,N/A,N/A,N/A (Contact Clinic),General Healthcare & Rehab,N/A,N/A,N/A,"Sabka Dentist, Bengaluru Urban, Bengaluru, Karnataka",https://www.google.com/maps/search/Sabka%20Dentist%20Bengaluru%20Urban%20Bengaluru,OpenStreetMap Real Spatial Node
Urocare Urology Superspeciality Clinic,Bengaluru Urban,N/A,N/A,N/A,N/A (Contact Clinic),General Healthcare & Rehab,N/A,N/A,N/A,"Urocare Urology Superspeciality Clinic, Bengaluru Urban, Bengaluru, Karnataka",https://www.google.com/maps/search/Urocare%20Urology%20Superspeciality%20Clinic%20Bengaluru%20Urban%20Bengaluru,OpenStreetMap Real Spatial Node
Odont Dental Care,Bengaluru Urban,N/A,N/A,N/A,N/A (Contact Clinic),General Healthcare & Rehab,N/A,N/A,N/A,"Odont Dental Care, Bengaluru Urban, Bengaluru, Karnataka",https://www.google.com/maps/search/Odont%20Dental%20Care%20Bengaluru%20Urban%20Bengaluru,OpenStreetMap Real Spatial Node
Cloud Dental Care,Bengaluru Urban,N/A,N/A,N/A,N/A (Contact Clinic),General Healthcare & Rehab,N/A,N/A,N/A,"Cloud Dental Care, Bengaluru Urban, Bengaluru, Karnataka",https://www.google.com/maps/search/Cloud%20Dental%20Care%20Bengaluru%20Urban%20Bengaluru,OpenStreetMap Real Spatial Node
Smruthi ENT Clinic & Multispeciality Centre,Bengaluru Urban,N/A,N/A,N/A,N/A (Contact Clinic),General Healthcare & Rehab,N/A,N/A,N/A,"Smruthi ENT Clinic & Multispeciality Centre, Bengaluru Urban, Bengaluru, Karnataka",https://www.google.com/maps/search/Smruthi%20ENT%20Clinic%20%26%20Multispeciality%20Centre%20Bengaluru%20Urban%20Bengaluru,OpenStreetMap Real Spatial Node
Davadost,Bengaluru Urban,N/A,N/A,N/A,N/A (Contact Clinic),General Healthcare & Rehab,N/A,N/A,N/A,"Davadost, Bengaluru Urban, Bengaluru, Karnataka",https://www.google.com/maps/search/Davadost%20Bengaluru%20Urban%20Bengaluru,OpenStreetMap Real Spatial Node
Agilus Diagnostics,Bengaluru Urban,N/A,N/A,N/A,N/A (Contact Clinic),General Healthcare & Rehab,N/A,N/A,N/A,"Agilus Diagnostics, Bengaluru Urban, Bengaluru, Karnataka",https://www.google.com/maps/search/Agilus%20Diagnostics%20Bengaluru%20Urban%20Bengaluru,OpenStreetMap Real Spatial Node
HTM Dental Care Center,Bengaluru Urban,N/A,N/A,N/A,N/A (Contact Clinic),General Healthcare & Rehab,N/A,N/A,N/A,"HTM Dental Care Center, Bengaluru Urban, Bengaluru, Karnataka",https://www.google.com/maps/search/HTM%20Dental%20Care%20Center%20Bengaluru%20Urban%20Bengaluru,OpenStreetMap Real Spatial Node
Nimhans Mr-pet Center,Bengaluru Urban,N/A,N/A,N/A,N/A (Contact Clinic),General Healthcare & Rehab,N/A,N/A,N/A,"Nimhans Mr-pet Center, Bengaluru Urban, Bengaluru, Karnataka",https://www.google.com/maps/search/Nimhans%20Mr-pet%20Center%20Bengaluru%20Urban%20Bengaluru,OpenStreetMap Real Spatial Node
Primecare Pharma,Bengaluru Urban,N/A,N/A,N/A,N/A (Contact Clinic),General Healthcare & Rehab,N/A,N/A,N/A,"Primecare Pharma, Bengaluru Urban, Bengaluru, Karnataka",https://www.google.com/maps/search/Primecare%20Pharma%20Bengaluru%20Urban%20Bengaluru,OpenStreetMap Real Spatial Node
Rajalakshmi Medicals,Bengaluru Urban,N/A,N/A,N/A,N/A (Contact Clinic),General Healthcare & Rehab,N/A,N/A,N/A,"Rajalakshmi Medicals, Bengaluru Urban, Bengaluru, Karnataka",https://www.google.com/maps/search/Rajalakshmi%20Medicals%20Bengaluru%20Urban%20Bengaluru,OpenStreetMap Real Spatial Node
Susheela Medicals,Bengaluru Urban,N/A,N/A,N/A,N/A (Contact Clinic),General Healthcare & Rehab,N/A,N/A,N/A,"Susheela Medicals, Bengaluru Urban, Bengaluru, Karnataka",https://www.google.com/maps/search/Susheela%20Medicals%20Bengaluru%20Urban%20Bengaluru,OpenStreetMap Real Spatial Node
Bangalore Orthopaedic Clinic,Bengaluru Urban,N/A,N/A,N/A,N/A (Contact Clinic),Orthopedic & Spine Care,N/A,N/A,N/A,"Bangalore Orthopaedic Clinic, Bengaluru Urban, Bengaluru, Karnataka",https://www.google.com/maps/search/Bangalore%20Orthopaedic%20Clinic%20Bengaluru%20Urban%20Bengaluru,OpenStreetMap Real Spatial Node
Zymus Hospitals,Bengaluru Urban,N/A,N/A,N/A,N/A (Contact Clinic),General Healthcare & Rehab,N/A,N/A,N/A,"Zymus Hospitals, Bengaluru Urban, Bengaluru, Karnataka",https://www.google.com/maps/search/Zymus%20Hospitals%20Bengaluru%20Urban%20Bengaluru,OpenStreetMap Real Spatial Node
Narayana Pharmacy,Bengaluru Urban,N/A,N/A,N/A,N/A (Contact Clinic),General Healthcare & Rehab,N/A,N/A,N/A,"Narayana Pharmacy, Bengaluru Urban, Bengaluru, Karnataka",https://www.google.com/maps/search/Narayana%20Pharmacy%20Bengaluru%20Urban%20Bengaluru,OpenStreetMap Real Spatial Node
Gracious Smilz,Bengaluru Urban,N/A,N/A,N/A,N/A (Contact Clinic),General Healthcare & Rehab,N/A,N/A,N/A,"Gracious Smilz, Bengaluru Urban, Bengaluru, Karnataka",https://www.google.com/maps/search/Gracious%20Smilz%20Bengaluru%20Urban%20Bengaluru,OpenStreetMap Real Spatial Node
Shathayu Ayurveda Clinic,Bengaluru Urban,N/A,N/A,N/A,N/A (Contact Clinic),General Healthcare & Rehab,N/A,N/A,N/A,"Shathayu Ayurveda Clinic, Bengaluru Urban, Bengaluru, Karnataka",https://www.google.com/maps/search/Shathayu%20Ayurveda%20Clinic%20Bengaluru%20Urban%20Bengaluru,OpenStreetMap Real Spatial Node
BSK Diagnostics,Bengaluru Urban,N/A,N/A,N/A,N/A (Contact Clinic),General Healthcare & Rehab,N/A,N/A,N/A,"BSK Diagnostics, Bengaluru Urban, Bengaluru, Karnataka",https://www.google.com/maps/search/BSK%20Diagnostics%20Bengaluru%20Urban%20Bengaluru,OpenStreetMap Real Spatial Node
Apollo CM fertility,Bengaluru Urban,N/A,N/A,N/A,N/A (Contact Clinic),General Healthcare & Rehab,N/A,N/A,N/A,"Apollo CM fertility, 15th Cross , Bengaluru",https://www.google.com/maps/search/Apollo%20CM%20fertility%20Bengaluru%20Urban%20Bengaluru,OpenStreetMap Real Spatial Node
Bangalore Dental Clinic,Bengaluru Urban,N/A,N/A,N/A,N/A (Contact Clinic),General Healthcare & Rehab,N/A,N/A,N/A,"Bangalore Dental Clinic, Bengaluru Urban, Bengaluru, Karnataka",https://www.google.com/maps/search/Bangalore%20Dental%20Clinic%20Bengaluru%20Urban%20Bengaluru,OpenStreetMap Real Spatial Node
Cadabam's Hospitals,Bengaluru Urban,N/A,N/A,N/A,N/A (Contact Clinic),General Healthcare & Rehab,N/A,N/A,N/A,"Cadabam's Hospitals, Bengaluru Urban, Bengaluru, Karnataka",https://www.google.com/maps/search/Cadabam%27s%20Hospitals%20Bengaluru%20Urban%20Bengaluru,OpenStreetMap Real Spatial Node
Flow,Bengaluru Urban,N/A,N/A,N/A,N/A (Contact Clinic),General Healthcare & Rehab,N/A,N/A,N/A,"Flow, Bengaluru Urban, Bengaluru, Karnataka",https://www.google.com/maps/search/Flow%20Bengaluru%20Urban%20Bengaluru,OpenStreetMap Real Spatial Node
Harsitha Medicals,Bengaluru Urban,N/A,N/A,N/A,N/A (Contact Clinic),General Healthcare & Rehab,N/A,N/A,N/A,"Harsitha Medicals, Bengaluru Urban, Bengaluru, Karnataka",https://www.google.com/maps/search/Harsitha%20Medicals%20Bengaluru%20Urban%20Bengaluru,OpenStreetMap Real Spatial Node
Pharma One,Bengaluru Urban,N/A,N/A,N/A,N/A (Contact Clinic),General Healthcare & Rehab,N/A,N/A,N/A,"Pharma One, Bengaluru Urban, Bengaluru, Karnataka",https://www.google.com/maps/search/Pharma%20One%20Bengaluru%20Urban%20Bengaluru,OpenStreetMap Real Spatial Node
Prime Orthopedics,Bengaluru Urban,N/A,N/A,N/A,N/A (Contact Clinic),Orthopedic & Spine Care,N/A,N/A,N/A,"Prime Orthopedics, Bengaluru Urban, Bengaluru, Karnataka",https://www.google.com/maps/search/Prime%20Orthopedics%20Bengaluru%20Urban%20Bengaluru,OpenStreetMap Real Spatial Node
Aster Labs,Bengaluru Urban,N/A,N/A,N/A,N/A (Contact Clinic),General Healthcare & Rehab,N/A,N/A,N/A,"Aster Labs, Bengaluru Urban, Bengaluru, Karnataka",https://www.google.com/maps/search/Aster%20Labs%20Bengaluru%20Urban%20Bengaluru,OpenStreetMap Real Spatial Node
Baby Science IVF clinic,Bengaluru Urban,N/A,N/A,N/A,N/A (Contact Clinic),General Healthcare & Rehab,N/A,N/A,N/A,"Baby Science IVF clinic, Bengaluru Urban, Bengaluru, Karnataka",https://www.google.com/maps/search/Baby%20Science%20IVF%20clinic%20Bengaluru%20Urban%20Bengaluru,OpenStreetMap Real Spatial Node
Bloom Women's Health,Bengaluru Urban,N/A,N/A,N/A,N/A (Contact Clinic),General Healthcare & Rehab,N/A,N/A,N/A,"Bloom Women's Health, Bengaluru Urban, Bengaluru, Karnataka",https://www.google.com/maps/search/Bloom%20Women%27s%20Health%20Bengaluru%20Urban%20Bengaluru,OpenStreetMap Real Spatial Node
PharmEasy Labs collection centre,Bengaluru Urban,N/A,N/A,N/A,N/A (Contact Clinic),General Healthcare & Rehab,N/A,N/A,N/A,"PharmEasy Labs collection centre, Bengaluru Urban, Bengaluru, Karnataka",https://www.google.com/maps/search/PharmEasy%20Labs%20collection%20centre%20Bengaluru%20Urban%20Bengaluru,OpenStreetMap Real Spatial Node
Bloom Diagnostic Centre,Bengaluru Urban,N/A,N/A,N/A,N/A (Contact Clinic),General Healthcare & Rehab,N/A,N/A,N/A,"Bloom Diagnostic Centre, Bengaluru Urban, Bengaluru, Karnataka",https://www.google.com/maps/search/Bloom%20Diagnostic%20Centre%20Bengaluru%20Urban%20Bengaluru,OpenStreetMap Real Spatial Node
Spectrum Dental Clinic,Bengaluru Urban,N/A,N/A,N/A,N/A (Contact Clinic),General Healthcare & Rehab,N/A,N/A,N/A,"Spectrum Dental Clinic, Bengaluru Urban, Bengaluru, Karnataka",https://www.google.com/maps/search/Spectrum%20Dental%20Clinic%20Bengaluru%20Urban%20Bengaluru,OpenStreetMap Real Spatial Node
Skanda Health Care,Bengaluru Urban,N/A,N/A,N/A,N/A (Contact Clinic),General Healthcare & Rehab,N/A,N/A,N/A,"Skanda Health Care, Bengaluru Urban, Bengaluru, Karnataka",https://www.google.com/maps/search/Skanda%20Health%20Care%20Bengaluru%20Urban%20Bengaluru,OpenStreetMap Real Spatial Node
sugar.fit,Bengaluru Urban,N/A,N/A,N/A,N/A (Contact Clinic),General Healthcare & Rehab,N/A,N/A,N/A,"sugar.fit, Bengaluru Urban, Bengaluru, Karnataka",https://www.google.com/maps/search/sugar.fit%20Bengaluru%20Urban%20Bengaluru,OpenStreetMap Real Spatial Node
The Smile Studio,Bengaluru Urban,N/A,N/A,N/A,N/A (Contact Clinic),General Healthcare & Rehab,N/A,N/A,N/A,"The Smile Studio, Bengaluru Urban, Bengaluru, Karnataka",https://www.google.com/maps/search/The%20Smile%20Studio%20Bengaluru%20Urban%20Bengaluru,OpenStreetMap Real Spatial Node
partha,Bengaluru Urban,N/A,N/A,N/A,N/A (Contact Clinic),General Healthcare & Rehab,N/A,N/A,N/A,"partha, Bengaluru Urban, Bengaluru, Karnataka",https://www.google.com/maps/search/partha%20Bengaluru%20Urban%20Bengaluru,OpenStreetMap Real Spatial Node
Bengaluru Drug House,Bengaluru Urban,N/A,N/A,N/A,N/A (Contact Clinic),General Healthcare & Rehab,N/A,N/A,N/A,"Bengaluru Drug House, Bengaluru Urban, Bengaluru, Karnataka",https://www.google.com/maps/search/Bengaluru%20Drug%20House%20Bengaluru%20Urban%20Bengaluru,OpenStreetMap Real Spatial Node
Trust Pharmacy Counter CMH,Bengaluru Urban,N/A,N/A,N/A,N/A (Contact Clinic),General Healthcare & Rehab,N/A,N/A,N/A,"Trust Pharmacy Counter CMH, Chinmaya Mission Hospital Road , Bengaluru",https://www.google.com/maps/search/Trust%20Pharmacy%20Counter%20CMH%20Bengaluru%20Urban%20Bengaluru,OpenStreetMap Real Spatial Node
Dental Domain,Bengaluru Urban,N/A,N/A,N/A,N/A (Contact Clinic),General Healthcare & Rehab,N/A,N/A,N/A,"Dental Domain, Bengaluru Urban, Bengaluru, Karnataka",https://www.google.com/maps/search/Dental%20Domain%20Bengaluru%20Urban%20Bengaluru,OpenStreetMap Real Spatial Node
Sai Ultrasound Scan Centre,Bengaluru Urban,N/A,N/A,N/A,N/A (Contact Clinic),General Healthcare & Rehab,N/A,N/A,N/A,"Sai Ultrasound Scan Centre, Bengaluru Urban, Bengaluru, Karnataka",https://www.google.com/maps/search/Sai%20Ultrasound%20Scan%20Centre%20Bengaluru%20Urban%20Bengaluru,OpenStreetMap Real Spatial Node
Shree Ramdev Medicals,Bengaluru Urban,N/A,N/A,N/A,N/A (Contact Clinic),General Healthcare & Rehab,N/A,N/A,N/A,"Shree Ramdev Medicals, Anantha Nagar , Bengaluru",https://www.google.com/maps/search/Shree%20Ramdev%20Medicals%20Bengaluru%20Urban%20Bengaluru,OpenStreetMap Real Spatial Node
Med ortho,Bengaluru Urban,N/A,N/A,N/A,N/A (Contact Clinic),Orthopedic & Spine Care,N/A,N/A,N/A,"Med ortho, Anantha Nagar Road , Bengaluru 560100",https://www.google.com/maps/search/Med%20ortho%20Bengaluru%20Urban%20Bengaluru,OpenStreetMap Real Spatial Node
ManDent,Bengaluru Urban,N/A,N/A,N/A,N/A (Contact Clinic),General Healthcare & Rehab,N/A,N/A,N/A,"ManDent, Anantha Nagar Road , Bengaluru 560100",https://www.google.com/maps/search/ManDent%20Bengaluru%20Urban%20Bengaluru,OpenStreetMap Real Spatial Node
Poorvam Care & hearing solution,Bengaluru Urban,N/A,N/A,N/A,N/A (Contact Clinic),General Healthcare & Rehab,N/A,N/A,N/A,"Poorvam Care & hearing solution, Anantha Nagar Road , Bengaluru 560100",https://www.google.com/maps/search/Poorvam%20Care%20%26%20hearing%20solution%20Bengaluru%20Urban%20Bengaluru,OpenStreetMap Real Spatial Node
S. S. Medicals,Bengaluru Urban,N/A,N/A,N/A,N/A (Contact Clinic),General Healthcare & Rehab,N/A,N/A,N/A,"S. S. Medicals, Bengaluru Urban, Bengaluru, Karnataka",https://www.google.com/maps/search/S.%20S.%20Medicals%20Bengaluru%20Urban%20Bengaluru,OpenStreetMap Real Spatial Node
Sri Sai Prathyusha Medicals,Bengaluru Urban,N/A,N/A,N/A,N/A (Contact Clinic),General Healthcare & Rehab,N/A,N/A,N/A,"Sri Sai Prathyusha Medicals, Bengaluru Urban, Bengaluru, Karnataka",https://www.google.com/maps/search/Sri%20Sai%20Prathyusha%20Medicals%20Bengaluru%20Urban%20Bengaluru,OpenStreetMap Real Spatial Node
Dr. Braces and Faces,Bengaluru Urban,N/A,N/A,N/A,N/A (Contact Clinic),General Healthcare & Rehab,N/A,N/A,N/A,"Dr. Braces and Faces, Bengaluru Urban, Bengaluru, Karnataka",https://www.google.com/maps/search/Dr.%20Braces%20and%20Faces%20Bengaluru%20Urban%20Bengaluru,OpenStreetMap Real Spatial Node
Lavish Pharma,Bengaluru Urban,N/A,N/A,N/A,N/A (Contact Clinic),General Healthcare & Rehab,N/A,N/A,N/A,"Lavish Pharma, Bengaluru Urban, Bengaluru, Karnataka",https://www.google.com/maps/search/Lavish%20Pharma%20Bengaluru%20Urban%20Bengaluru,OpenStreetMap Real Spatial Node
Nova IVF,Bengaluru Urban,N/A,N/A,N/A,N/A (Contact Clinic),General Healthcare & Rehab,N/A,N/A,N/A,"Nova IVF, Bengaluru Urban, Bengaluru, Karnataka",https://www.google.com/maps/search/Nova%20IVF%20Bengaluru%20Urban%20Bengaluru,OpenStreetMap Real Spatial Node
Narayana Pharma,Bengaluru Urban,N/A,N/A,N/A,N/A (Contact Clinic),General Healthcare & Rehab,N/A,N/A,N/A,"Narayana Pharma, Bengaluru Urban, Bengaluru, Karnataka",https://www.google.com/maps/search/Narayana%20Pharma%20Bengaluru%20Urban%20Bengaluru,OpenStreetMap Real Spatial Node
Poornima Medicals,Bengaluru Urban,N/A,N/A,N/A,N/A (Contact Clinic),General Healthcare & Rehab,N/A,N/A,N/A,"Poornima Medicals, Bengaluru Urban, Bengaluru, Karnataka",https://www.google.com/maps/search/Poornima%20Medicals%20Bengaluru%20Urban%20Bengaluru,OpenStreetMap Real Spatial Node
Sankalpa Ayurveda Clinic,Bengaluru Urban,N/A,N/A,N/A,N/A (Contact Clinic),General Healthcare & Rehab,N/A,N/A,N/A,"Sankalpa Ayurveda Clinic, Bengaluru Urban, Bengaluru, Karnataka",https://www.google.com/maps/search/Sankalpa%20Ayurveda%20Clinic%20Bengaluru%20Urban%20Bengaluru,OpenStreetMap Real Spatial Node
Ayurkshetraa,Bengaluru Urban,N/A,N/A,N/A,N/A (Contact Clinic),General Healthcare & Rehab,N/A,N/A,N/A,"Ayurkshetraa, Bengaluru Urban, Bengaluru, Karnataka",https://www.google.com/maps/search/Ayurkshetraa%20Bengaluru%20Urban%20Bengaluru,OpenStreetMap Real Spatial Node
Meenakshi's Dental Clinic,Bengaluru Urban,N/A,N/A,N/A,N/A (Contact Clinic),General Healthcare & Rehab,N/A,N/A,N/A,"Meenakshi's Dental Clinic, Bengaluru Urban, Bengaluru, Karnataka",https://www.google.com/maps/search/Meenakshi%27s%20Dental%20Clinic%20Bengaluru%20Urban%20Bengaluru,OpenStreetMap Real Spatial Node
Dermaville,Bengaluru Urban,N/A,N/A,N/A,N/A (Contact Clinic),General Healthcare & Rehab,N/A,N/A,N/A,"Dermaville, Bengaluru Urban, Bengaluru, Karnataka",https://www.google.com/maps/search/Dermaville%20Bengaluru%20Urban%20Bengaluru,OpenStreetMap Real Spatial Node
Brothers Pharma,Bengaluru Urban,N/A,N/A,N/A,N/A (Contact Clinic),General Healthcare & Rehab,N/A,N/A,N/A,"Brothers Pharma, Bengaluru Urban, Bengaluru, Karnataka",https://www.google.com/maps/search/Brothers%20Pharma%20Bengaluru%20Urban%20Bengaluru,OpenStreetMap Real Spatial Node
Rajendra Ayurveda Clinic,Bengaluru Urban,N/A,N/A,N/A,N/A (Contact Clinic),General Healthcare & Rehab,N/A,N/A,N/A,"Rajendra Ayurveda Clinic, Bengaluru Urban, Bengaluru, Karnataka",https://www.google.com/maps/search/Rajendra%20Ayurveda%20Clinic%20Bengaluru%20Urban%20Bengaluru,OpenStreetMap Real Spatial Node
Lens Point,Bengaluru Urban,N/A,N/A,N/A,N/A (Contact Clinic),General Healthcare & Rehab,N/A,N/A,N/A,"Lens Point, Bengaluru Urban, Bengaluru, Karnataka",https://www.google.com/maps/search/Lens%20Point%20Bengaluru%20Urban%20Bengaluru,OpenStreetMap Real Spatial Node
Veda Dental Clinic,Bengaluru Urban,N/A,N/A,N/A,N/A (Contact Clinic),General Healthcare & Rehab,N/A,N/A,N/A,"Veda Dental Clinic, Bengaluru Urban, Bengaluru, Karnataka",https://www.google.com/maps/search/Veda%20Dental%20Clinic%20Bengaluru%20Urban%20Bengaluru,OpenStreetMap Real Spatial Node
Care and Cure,Bengaluru Urban,N/A,N/A,N/A,N/A (Contact Clinic),General Healthcare & Rehab,N/A,N/A,N/A,"Care and Cure, Bengaluru Urban, Bengaluru, Karnataka",https://www.google.com/maps/search/Care%20and%20Cure%20Bengaluru%20Urban%20Bengaluru,OpenStreetMap Real Spatial Node
Hayagreeva Medical And Women's Health,Bengaluru Urban,N/A,N/A,N/A,N/A (Contact Clinic),General Healthcare & Rehab,N/A,N/A,N/A,"Hayagreeva Medical And Women's Health, Bengaluru Urban, Bengaluru, Karnataka",https://www.google.com/maps/search/Hayagreeva%20Medical%20And%20Women%27s%20Health%20Bengaluru%20Urban%20Bengaluru,OpenStreetMap Real Spatial Node
Prashanth Medicals,Bengaluru Urban,N/A,N/A,N/A,N/A (Contact Clinic),General Healthcare & Rehab,N/A,N/A,N/A,"Prashanth Medicals, Bengaluru Urban, Bengaluru, Karnataka",https://www.google.com/maps/search/Prashanth%20Medicals%20Bengaluru%20Urban%20Bengaluru,OpenStreetMap Real Spatial Node
Sanjeevani,Bengaluru Urban,N/A,N/A,N/A,N/A (Contact Clinic),General Healthcare & Rehab,N/A,N/A,N/A,"Sanjeevani, Bengaluru Urban, Bengaluru, Karnataka",https://www.google.com/maps/search/Sanjeevani%20Bengaluru%20Urban%20Bengaluru,OpenStreetMap Real Spatial Node
Topmost Medicals,Bengaluru Urban,N/A,N/A,N/A,N/A (Contact Clinic),General Healthcare & Rehab,N/A,N/A,N/A,"Topmost Medicals, Bengaluru Urban, Bengaluru, Karnataka",https://www.google.com/maps/search/Topmost%20Medicals%20Bengaluru%20Urban%20Bengaluru,OpenStreetMap Real Spatial Node
Dr Noor Saira's Dental Studio,Bengaluru Urban,N/A,N/A,N/A,N/A (Contact Clinic),General Healthcare & Rehab,N/A,N/A,N/A,"Dr Noor Saira's Dental Studio, Bengaluru Urban, Bengaluru, Karnataka",https://www.google.com/maps/search/Dr%20Noor%20Saira%27s%20Dental%20Studio%20Bengaluru%20Urban%20Bengaluru,OpenStreetMap Real Spatial Node
Smiles Dental Specialities,Bengaluru Urban,N/A,N/A,N/A,N/A (Contact Clinic),General Healthcare & Rehab,N/A,N/A,N/A,"Smiles Dental Specialities, Bengaluru Urban, Bengaluru, Karnataka",https://www.google.com/maps/search/Smiles%20Dental%20Specialities%20Bengaluru%20Urban%20Bengaluru,OpenStreetMap Real Spatial Node
Ragavendra Diagnostic Center,Bengaluru Urban,N/A,N/A,N/A,N/A (Contact Clinic),General Healthcare & Rehab,N/A,N/A,N/A,"Ragavendra Diagnostic Center, Bengaluru Urban, Bengaluru, Karnataka",https://www.google.com/maps/search/Ragavendra%20Diagnostic%20Center%20Bengaluru%20Urban%20Bengaluru,OpenStreetMap Real Spatial Node
Sri Shakthi Clinic,Bengaluru Urban,N/A,N/A,N/A,N/A (Contact Clinic),General Healthcare & Rehab,N/A,N/A,N/A,"Sri Shakthi Clinic, Bengaluru Urban, Bengaluru, Karnataka",https://www.google.com/maps/search/Sri%20Shakthi%20Clinic%20Bengaluru%20Urban%20Bengaluru,OpenStreetMap Real Spatial Node
Medicine House,Bengaluru Urban,N/A,N/A,N/A,N/A (Contact Clinic),General Healthcare & Rehab,N/A,N/A,N/A,"Medicine House, Bengaluru Urban, Bengaluru, Karnataka",https://www.google.com/maps/search/Medicine%20House%20Bengaluru%20Urban%20Bengaluru,OpenStreetMap Real Spatial Node
Sundeep Pharma,Bengaluru Urban,N/A,N/A,N/A,N/A (Contact Clinic),General Healthcare & Rehab,N/A,N/A,N/A,"Sundeep Pharma, Bengaluru Urban, Bengaluru, Karnataka",https://www.google.com/maps/search/Sundeep%20Pharma%20Bengaluru%20Urban%20Bengaluru,OpenStreetMap Real Spatial Node
Tenet Diagnostics,Bengaluru Urban,N/A,N/A,N/A,N/A (Contact Clinic),General Healthcare & Rehab,N/A,N/A,N/A,"Tenet Diagnostics, Bengaluru Urban, Bengaluru, Karnataka",https://www.google.com/maps/search/Tenet%20Diagnostics%20Bengaluru%20Urban%20Bengaluru,OpenStreetMap Real Spatial Node
SDMA Dental Clinic,Bengaluru Urban,N/A,N/A,N/A,N/A (Contact Clinic),General Healthcare & Rehab,N/A,N/A,N/A,"SDMA Dental Clinic, Bengaluru Urban, Bengaluru, Karnataka",https://www.google.com/maps/search/SDMA%20Dental%20Clinic%20Bengaluru%20Urban%20Bengaluru,OpenStreetMap Real Spatial Node
Shivaprasad Health Centre,Bengaluru Urban,N/A,N/A,N/A,N/A (Contact Clinic),General Healthcare & Rehab,N/A,N/A,N/A,"Shivaprasad Health Centre, Bengaluru Urban, Bengaluru, Karnataka",https://www.google.com/maps/search/Shivaprasad%20Health%20Centre%20Bengaluru%20Urban%20Bengaluru,OpenStreetMap Real Spatial Node
Sri Amulya Medicals,Bengaluru Urban,N/A,N/A,N/A,N/A (Contact Clinic),General Healthcare & Rehab,N/A,N/A,N/A,"Sri Amulya Medicals, Bengaluru Urban, Bengaluru, Karnataka",https://www.google.com/maps/search/Sri%20Amulya%20Medicals%20Bengaluru%20Urban%20Bengaluru,OpenStreetMap Real Spatial Node
Srinivasa Medical And General Stores,Bengaluru Urban,N/A,N/A,N/A,N/A (Contact Clinic),General Healthcare & Rehab,N/A,N/A,N/A,"Srinivasa Medical And General Stores, Bengaluru Urban, Bengaluru, Karnataka",https://www.google.com/maps/search/Srinivasa%20Medical%20And%20General%20Stores%20Bengaluru%20Urban%20Bengaluru,OpenStreetMap Real Spatial Node
Sri Swamy Medicals,Bengaluru Urban,N/A,N/A,N/A,N/A (Contact Clinic),General Healthcare & Rehab,N/A,N/A,N/A,"Sri Swamy Medicals, Bengaluru Urban, Bengaluru, Karnataka",https://www.google.com/maps/search/Sri%20Swamy%20Medicals%20Bengaluru%20Urban%20Bengaluru,OpenStreetMap Real Spatial Node
Sunkris Dental Health Care & Implant Centre,Bengaluru Urban,N/A,N/A,N/A,N/A (Contact Clinic),General Healthcare & Rehab,N/A,N/A,N/A,"Sunkris Dental Health Care & Implant Centre, Bengaluru Urban, Bengaluru, Karnataka",https://www.google.com/maps/search/Sunkris%20Dental%20Health%20Care%20%26%20Implant%20Centre%20Bengaluru%20Urban%20Bengaluru,OpenStreetMap Real Spatial Node
Vinayaka Medicals,Bengaluru Urban,N/A,N/A,N/A,N/A (Contact Clinic),General Healthcare & Rehab,N/A,N/A,N/A,"Vinayaka Medicals, Bengaluru Urban, Bengaluru, Karnataka",https://www.google.com/maps/search/Vinayaka%20Medicals%20Bengaluru%20Urban%20Bengaluru,OpenStreetMap Real Spatial Node
The Dentist,Bengaluru Urban,N/A,N/A,N/A,N/A (Contact Clinic),General Healthcare & Rehab,N/A,N/A,N/A,"The Dentist, 24th Main Road , Bengaluru",https://www.google.com/maps/search/The%20Dentist%20Bengaluru%20Urban%20Bengaluru,OpenStreetMap Real Spatial Node
Care Clinic,Bengaluru Urban,N/A,N/A,N/A,N/A (Contact Clinic),General Healthcare & Rehab,N/A,N/A,N/A,"Care Clinic, Bengaluru Urban, Bengaluru, Karnataka",https://www.google.com/maps/search/Care%20Clinic%20Bengaluru%20Urban%20Bengaluru,OpenStreetMap Real Spatial Node
Gururāja Medicals,Bengaluru Urban,N/A,N/A,N/A,N/A (Contact Clinic),General Healthcare & Rehab,N/A,N/A,N/A,"Gururāja Medicals, Bengaluru Urban, Bengaluru, Karnataka",https://www.google.com/maps/search/Gurur%C4%81ja%20Medicals%20Bengaluru%20Urban%20Bengaluru,OpenStreetMap Real Spatial Node
Eshwar Pharma,Bengaluru Urban,N/A,N/A,N/A,N/A (Contact Clinic),General Healthcare & Rehab,N/A,N/A,N/A,"Eshwar Pharma, Bengaluru Urban, Bengaluru, Karnataka",https://www.google.com/maps/search/Eshwar%20Pharma%20Bengaluru%20Urban%20Bengaluru,OpenStreetMap Real Spatial Node
Narayan Nethralaya,Bengaluru Urban,N/A,N/A,N/A,N/A (Contact Clinic),General Healthcare & Rehab,N/A,N/A,N/A,"Narayan Nethralaya, Bengaluru Urban, Bengaluru, Karnataka",https://www.google.com/maps/search/Narayan%20Nethralaya%20Bengaluru%20Urban%20Bengaluru,OpenStreetMap Real Spatial Node
Pharma Point,Bengaluru Urban,N/A,N/A,N/A,N/A (Contact Clinic),General Healthcare & Rehab,N/A,N/A,N/A,"Pharma Point, Bengaluru Urban, Bengaluru, Karnataka",https://www.google.com/maps/search/Pharma%20Point%20Bengaluru%20Urban%20Bengaluru,OpenStreetMap Real Spatial Node
Lupin Diagnostics,Bengaluru Urban,N/A,N/A,N/A,N/A (Contact Clinic),General Healthcare & Rehab,N/A,N/A,N/A,"Lupin Diagnostics, Bengaluru Urban, Bengaluru, Karnataka",https://www.google.com/maps/search/Lupin%20Diagnostics%20Bengaluru%20Urban%20Bengaluru,OpenStreetMap Real Spatial Node
Cosmo Imaging and Diagnostic Center,Bengaluru Urban,N/A,N/A,N/A,N/A (Contact Clinic),General Healthcare & Rehab,N/A,N/A,N/A,"Cosmo Imaging and Diagnostic Center, Bengaluru Urban, Bengaluru, Karnataka",https://www.google.com/maps/search/Cosmo%20Imaging%20and%20Diagnostic%20Center%20Bengaluru%20Urban%20Bengaluru,OpenStreetMap Real Spatial Node
Sri Ram Medicals,Bengaluru Urban,N/A,N/A,N/A,N/A (Contact Clinic),General Healthcare & Rehab,N/A,N/A,N/A,"Sri Ram Medicals, Bengaluru Urban, Bengaluru, Karnataka",https://www.google.com/maps/search/Sri%20Ram%20Medicals%20Bengaluru%20Urban%20Bengaluru,OpenStreetMap Real Spatial Node
Supra Dental Care,Bengaluru Urban,N/A,N/A,N/A,N/A (Contact Clinic),General Healthcare & Rehab,N/A,N/A,N/A,"Supra Dental Care, Bengaluru Urban, Bengaluru, Karnataka",https://www.google.com/maps/search/Supra%20Dental%20Care%20Bengaluru%20Urban%20Bengaluru,OpenStreetMap Real Spatial Node
RCT Dental Inn,Bengaluru Urban,N/A,N/A,N/A,N/A (Contact Clinic),General Healthcare & Rehab,N/A,N/A,N/A,"RCT Dental Inn, Bengaluru Urban, Bengaluru, Karnataka",https://www.google.com/maps/search/RCT%20Dental%20Inn%20Bengaluru%20Urban%20Bengaluru,OpenStreetMap Real Spatial Node
Metropolis,Bengaluru Urban,N/A,N/A,N/A,N/A (Contact Clinic),General Healthcare & Rehab,N/A,N/A,N/A,"Metropolis, Bengaluru Urban, Bengaluru, Karnataka",https://www.google.com/maps/search/Metropolis%20Bengaluru%20Urban%20Bengaluru,OpenStreetMap Real Spatial Node
Tandon Eye Clinic,Bengaluru Urban,N/A,N/A,N/A,N/A (Contact Clinic),General Healthcare & Rehab,N/A,N/A,N/A,"Tandon Eye Clinic, Bengaluru Urban, Bengaluru, Karnataka",https://www.google.com/maps/search/Tandon%20Eye%20Clinic%20Bengaluru%20Urban%20Bengaluru,OpenStreetMap Real Spatial Node
Sri Krishna Medicals,Bengaluru Urban,N/A,N/A,N/A,N/A (Contact Clinic),General Healthcare & Rehab,N/A,N/A,N/A,"Sri Krishna Medicals, Bengaluru Urban, Bengaluru, Karnataka",https://www.google.com/maps/search/Sri%20Krishna%20Medicals%20Bengaluru%20Urban%20Bengaluru,OpenStreetMap Real Spatial Node
Amogh Medical,Bengaluru Urban,N/A,N/A,N/A,N/A (Contact Clinic),General Healthcare & Rehab,N/A,N/A,N/A,"Amogh Medical, Bengaluru Urban, Bengaluru, Karnataka",https://www.google.com/maps/search/Amogh%20Medical%20Bengaluru%20Urban%20Bengaluru,OpenStreetMap Real Spatial Node
Asha Pharma,Bengaluru Urban,N/A,N/A,N/A,N/A (Contact Clinic),General Healthcare & Rehab,N/A,N/A,N/A,"Asha Pharma, Bengaluru Urban, Bengaluru, Karnataka",https://www.google.com/maps/search/Asha%20Pharma%20Bengaluru%20Urban%20Bengaluru,OpenStreetMap Real Spatial Node
Span Health Center,Bengaluru Urban,N/A,N/A,N/A,N/A (Contact Clinic),General Healthcare & Rehab,N/A,N/A,N/A,"Span Health Center, Bengaluru Urban, Bengaluru, Karnataka",https://www.google.com/maps/search/Span%20Health%20Center%20Bengaluru%20Urban%20Bengaluru,OpenStreetMap Real Spatial Node
Dental 360,Bengaluru Urban,N/A,N/A,N/A,N/A (Contact Clinic),General Healthcare & Rehab,N/A,N/A,N/A,"Dental 360, Bengaluru Urban, Bengaluru, Karnataka",https://www.google.com/maps/search/Dental%20360%20Bengaluru%20Urban%20Bengaluru,OpenStreetMap Real Spatial Node
SVS Medicals,Bengaluru Urban,N/A,N/A,N/A,N/A (Contact Clinic),General Healthcare & Rehab,N/A,N/A,N/A,"SVS Medicals, Bengaluru Urban, Bengaluru, Karnataka",https://www.google.com/maps/search/SVS%20Medicals%20Bengaluru%20Urban%20Bengaluru,OpenStreetMap Real Spatial Node
Laxmi Piles Clinic,Bengaluru Urban,N/A,N/A,N/A,N/A (Contact Clinic),General Healthcare & Rehab,N/A,N/A,N/A,"Laxmi Piles Clinic, Bengaluru Urban, Bengaluru, Karnataka",https://www.google.com/maps/search/Laxmi%20Piles%20Clinic%20Bengaluru%20Urban%20Bengaluru,OpenStreetMap Real Spatial Node
Sri Sai Med Pharma,Bengaluru Urban,N/A,N/A,N/A,N/A (Contact Clinic),General Healthcare & Rehab,N/A,N/A,N/A,"Sri Sai Med Pharma, Bengaluru Urban, Bengaluru, Karnataka",https://www.google.com/maps/search/Sri%20Sai%20Med%20Pharma%20Bengaluru%20Urban%20Bengaluru,OpenStreetMap Real Spatial Node
Dr. Sahana's Skin & Hair Clinic,Bengaluru Urban,N/A,N/A,N/A,N/A (Contact Clinic),General Healthcare & Rehab,N/A,N/A,N/A,"Dr. Sahana's Skin & Hair Clinic, Bengaluru Urban, Bengaluru, Karnataka",https://www.google.com/maps/search/Dr.%20Sahana%27s%20Skin%20%26%20Hair%20Clinic%20Bengaluru%20Urban%20Bengaluru,OpenStreetMap Real Spatial Node
Balaji Diagnostic Laboratory,Bengaluru Urban,N/A,N/A,N/A,N/A (Contact Clinic),General Healthcare & Rehab,N/A,N/A,N/A,"Balaji Diagnostic Laboratory, Bengaluru Urban, Bengaluru, Karnataka",https://www.google.com/maps/search/Balaji%20Diagnostic%20Laboratory%20Bengaluru%20Urban%20Bengaluru,OpenStreetMap Real Spatial Node
Smile Smart Dental & Implant Centre,Bengaluru Urban,N/A,N/A,N/A,N/A (Contact Clinic),General Healthcare & Rehab,N/A,N/A,N/A,"Smile Smart Dental & Implant Centre, Haralur Road , Bengaluru 560100",https://www.google.com/maps/search/Smile%20Smart%20Dental%20%26%20Implant%20Centre%20Bengaluru%20Urban%20Bengaluru,OpenStreetMap Real Spatial Node
Friends Pharma,Bengaluru Urban,N/A,N/A,N/A,N/A (Contact Clinic),General Healthcare & Rehab,N/A,N/A,N/A,"Friends Pharma, Bengaluru Urban, Bengaluru, Karnataka",https://www.google.com/maps/search/Friends%20Pharma%20Bengaluru%20Urban%20Bengaluru,OpenStreetMap Real Spatial Node
Uvin Care Hospital,Bengaluru Urban,N/A,N/A,N/A,N/A (Contact Clinic),General Healthcare & Rehab,N/A,N/A,N/A,"Uvin Care Hospital, Bengaluru Urban, Bengaluru, Karnataka",https://www.google.com/maps/search/Uvin%20Care%20Hospital%20Bengaluru%20Urban%20Bengaluru,OpenStreetMap Real Spatial Node
Cosmo Clinic and Diagnostic Centre,Bengaluru Urban,N/A,N/A,N/A,N/A (Contact Clinic),General Healthcare & Rehab,N/A,N/A,N/A,"Cosmo Clinic and Diagnostic Centre, Bengaluru Urban, Bengaluru, Karnataka",https://www.google.com/maps/search/Cosmo%20Clinic%20and%20Diagnostic%20Centre%20Bengaluru%20Urban%20Bengaluru,OpenStreetMap Real Spatial Node
Nakkshatra Clinic,Bengaluru Urban,N/A,N/A,N/A,N/A (Contact Clinic),General Healthcare & Rehab,N/A,N/A,N/A,"Nakkshatra Clinic, Bengaluru Urban, Bengaluru, Karnataka",https://www.google.com/maps/search/Nakkshatra%20Clinic%20Bengaluru%20Urban%20Bengaluru,OpenStreetMap Real Spatial Node
Sai Sparsh Hospital,Bengaluru Urban,N/A,N/A,N/A,N/A (Contact Clinic),General Healthcare & Rehab,N/A,N/A,N/A,"Sai Sparsh Hospital, Bengaluru Urban, Bengaluru, Karnataka",https://www.google.com/maps/search/Sai%20Sparsh%20Hospital%20Bengaluru%20Urban%20Bengaluru,OpenStreetMap Real Spatial Node
Balaji ENT Clinic,Bengaluru Urban,N/A,N/A,N/A,N/A (Contact Clinic),General Healthcare & Rehab,N/A,N/A,N/A,"Balaji ENT Clinic, Bengaluru Urban, Bengaluru, Karnataka",https://www.google.com/maps/search/Balaji%20ENT%20Clinic%20Bengaluru%20Urban%20Bengaluru,OpenStreetMap Real Spatial Node
Dr. Lal Path labs,Bengaluru Urban,N/A,N/A,N/A,N/A (Contact Clinic),General Healthcare & Rehab,N/A,N/A,N/A,"Dr. Lal Path labs, Bengaluru Urban, Bengaluru, Karnataka",https://www.google.com/maps/search/Dr.%20Lal%20Path%20labs%20Bengaluru%20Urban%20Bengaluru,OpenStreetMap Real Spatial Node
Lakshmi Dental Clinic,Bengaluru Urban,N/A,N/A,N/A,N/A (Contact Clinic),General Healthcare & Rehab,N/A,N/A,N/A,"Lakshmi Dental Clinic, Bengaluru Urban, Bengaluru, Karnataka",https://www.google.com/maps/search/Lakshmi%20Dental%20Clinic%20Bengaluru%20Urban%20Bengaluru,OpenStreetMap Real Spatial Node
Aspire Hospital,Bengaluru Urban,N/A,N/A,N/A,N/A (Contact Clinic),General Healthcare & Rehab,N/A,N/A,N/A,"Aspire Hospital, Bengaluru Urban, Bengaluru, Karnataka",https://www.google.com/maps/search/Aspire%20Hospital%20Bengaluru%20Urban%20Bengaluru,OpenStreetMap Real Spatial Node
Scanline Ultrasound Scanning,Bengaluru Urban,N/A,N/A,N/A,N/A (Contact Clinic),General Healthcare & Rehab,N/A,N/A,N/A,"Scanline Ultrasound Scanning, Bengaluru Urban, Bengaluru, Karnataka",https://www.google.com/maps/search/Scanline%20Ultrasound%20Scanning%20Bengaluru%20Urban%20Bengaluru,OpenStreetMap Real Spatial Node
Asian Diagnostics,Bengaluru Urban,N/A,N/A,N/A,N/A (Contact Clinic),General Healthcare & Rehab,N/A,N/A,N/A,"Asian Diagnostics, Bengaluru Urban, Bengaluru, Karnataka",https://www.google.com/maps/search/Asian%20Diagnostics%20Bengaluru%20Urban%20Bengaluru,OpenStreetMap Real Spatial Node
Cardoza Clinic,Bengaluru Urban,N/A,N/A,N/A,N/A (Contact Clinic),General Healthcare & Rehab,N/A,N/A,N/A,"Cardoza Clinic, Bengaluru Urban, Bengaluru, Karnataka",https://www.google.com/maps/search/Cardoza%20Clinic%20Bengaluru%20Urban%20Bengaluru,OpenStreetMap Real Spatial Node
Sai Divine ENT,Bengaluru Urban,N/A,N/A,N/A,N/A (Contact Clinic),General Healthcare & Rehab,N/A,N/A,N/A,"Sai Divine ENT, Bengaluru Urban, Bengaluru, Karnataka",https://www.google.com/maps/search/Sai%20Divine%20ENT%20Bengaluru%20Urban%20Bengaluru,OpenStreetMap Real Spatial Node
Medishop,Bengaluru Urban,N/A,N/A,N/A,N/A (Contact Clinic),General Healthcare & Rehab,N/A,N/A,N/A,"Medishop, Bengaluru Urban, Bengaluru, Karnataka",https://www.google.com/maps/search/Medishop%20Bengaluru%20Urban%20Bengaluru,OpenStreetMap Real Spatial Node
Image Diagnostics,Bengaluru Urban,N/A,N/A,N/A,N/A (Contact Clinic),General Healthcare & Rehab,N/A,N/A,N/A,"Image Diagnostics, Bengaluru Urban, Bengaluru, Karnataka",https://www.google.com/maps/search/Image%20Diagnostics%20Bengaluru%20Urban%20Bengaluru,OpenStreetMap Real Spatial Node
Xpressclinic,Bengaluru Urban,N/A,N/A,N/A,N/A (Contact Clinic),General Healthcare & Rehab,N/A,N/A,N/A,"Xpressclinic, Bengaluru Urban, Bengaluru, Karnataka",https://www.google.com/maps/search/Xpressclinic%20Bengaluru%20Urban%20Bengaluru,OpenStreetMap Real Spatial Node
"89, 16th Cross,Margosaroad, Pragyashree Clinic",Bengaluru Urban,N/A,N/A,N/A,N/A (Contact Clinic),General Healthcare & Rehab,N/A,N/A,N/A,"89, 16th Cross,Margosaroad, Pragyashree Clinic, Bengaluru Urban, Bengaluru, Karnataka",https://www.google.com/maps/search/89%2C%2016th%20Cross%2CMargosaroad%2C%20Pragyashree%20Clinic%20Bengaluru%20Urban%20Bengaluru,OpenStreetMap Real Spatial Node
Shastri Skin Clinic,Bengaluru Urban,N/A,N/A,N/A,N/A (Contact Clinic),General Healthcare & Rehab,N/A,N/A,N/A,"Shastri Skin Clinic, Bengaluru Urban, Bengaluru, Karnataka",https://www.google.com/maps/search/Shastri%20Skin%20Clinic%20Bengaluru%20Urban%20Bengaluru,OpenStreetMap Real Spatial Node
Arista Health Clinic,Bengaluru Urban,N/A,N/A,N/A,N/A (Contact Clinic),General Healthcare & Rehab,N/A,N/A,N/A,"Arista Health Clinic, Bengaluru Urban, Bengaluru, Karnataka",https://www.google.com/maps/search/Arista%20Health%20Clinic%20Bengaluru%20Urban%20Bengaluru,OpenStreetMap Real Spatial Node
Sugar.Fit Diabetes Reversal Centre,Bengaluru Urban,N/A,N/A,N/A,N/A (Contact Clinic),General Healthcare & Rehab,N/A,N/A,N/A,"Sugar.Fit Diabetes Reversal Centre, Bengaluru Urban, Bengaluru, Karnataka",https://www.google.com/maps/search/Sugar.Fit%20Diabetes%20Reversal%20Centre%20Bengaluru%20Urban%20Bengaluru,OpenStreetMap Real Spatial Node
Vaidyaratnam Oushadhasala Ayurvedic Clinic,Bengaluru Urban,N/A,N/A,N/A,N/A (Contact Clinic),General Healthcare & Rehab,N/A,N/A,N/A,"Vaidyaratnam Oushadhasala Ayurvedic Clinic, Bengaluru Urban, Bengaluru, Karnataka",https://www.google.com/maps/search/Vaidyaratnam%20Oushadhasala%20Ayurvedic%20Clinic%20Bengaluru%20Urban%20Bengaluru,OpenStreetMap Real Spatial Node
Yashvini Ayurveda,Bengaluru Urban,N/A,N/A,N/A,N/A (Contact Clinic),General Healthcare & Rehab,N/A,N/A,N/A,"Yashvini Ayurveda, Bengaluru Urban, Bengaluru, Karnataka",https://www.google.com/maps/search/Yashvini%20Ayurveda%20Bengaluru%20Urban%20Bengaluru,OpenStreetMap Real Spatial Node
Temple Health Clinic,Bengaluru Urban,N/A,N/A,N/A,N/A (Contact Clinic),General Healthcare & Rehab,N/A,N/A,N/A,"Temple Health Clinic, Bengaluru Urban, Bengaluru, Karnataka",https://www.google.com/maps/search/Temple%20Health%20Clinic%20Bengaluru%20Urban%20Bengaluru,OpenStreetMap Real Spatial Node
Keshava Polyclinic,Bengaluru Urban,N/A,N/A,N/A,N/A (Contact Clinic),General Healthcare & Rehab,N/A,N/A,N/A,"Keshava Polyclinic, Bengaluru Urban, Bengaluru, Karnataka",https://www.google.com/maps/search/Keshava%20Polyclinic%20Bengaluru%20Urban%20Bengaluru,OpenStreetMap Real Spatial Node
Chitra Dental Care,Bengaluru Urban,N/A,N/A,N/A,N/A (Contact Clinic),General Healthcare & Rehab,N/A,N/A,N/A,"Chitra Dental Care, Bengaluru Urban, Bengaluru, Karnataka",https://www.google.com/maps/search/Chitra%20Dental%20Care%20Bengaluru%20Urban%20Bengaluru,OpenStreetMap Real Spatial Node
MDP Medicals,Bengaluru Urban,N/A,N/A,N/A,N/A (Contact Clinic),General Healthcare & Rehab,N/A,N/A,N/A,"MDP Medicals, Bengaluru Urban, Bengaluru, Karnataka",https://www.google.com/maps/search/MDP%20Medicals%20Bengaluru%20Urban%20Bengaluru,OpenStreetMap Real Spatial Node
Chaitanya Clinic,Bengaluru Urban,N/A,N/A,N/A,N/A (Contact Clinic),General Healthcare & Rehab,N/A,N/A,N/A,"Chaitanya Clinic, Bengaluru Urban, Bengaluru, Karnataka",https://www.google.com/maps/search/Chaitanya%20Clinic%20Bengaluru%20Urban%20Bengaluru,OpenStreetMap Real Spatial Node
Dhatri Ayurdhama,Bengaluru Urban,N/A,N/A,N/A,N/A (Contact Clinic),General Healthcare & Rehab,N/A,N/A,N/A,"Dhatri Ayurdhama, Bengaluru Urban, Bengaluru, Karnataka",https://www.google.com/maps/search/Dhatri%20Ayurdhama%20Bengaluru%20Urban%20Bengaluru,OpenStreetMap Real Spatial Node
Harish Dental Clinic,Bengaluru Urban,N/A,N/A,N/A,N/A (Contact Clinic),General Healthcare & Rehab,N/A,N/A,N/A,"Harish Dental Clinic, Bengaluru Urban, Bengaluru, Karnataka",https://www.google.com/maps/search/Harish%20Dental%20Clinic%20Bengaluru%20Urban%20Bengaluru,OpenStreetMap Real Spatial Node
Prasad Ortho Care,Bengaluru Urban,N/A,N/A,N/A,N/A (Contact Clinic),Orthopedic & Spine Care,N/A,N/A,N/A,"Prasad Ortho Care, Bengaluru Urban, Bengaluru, Karnataka",https://www.google.com/maps/search/Prasad%20Ortho%20Care%20Bengaluru%20Urban%20Bengaluru,OpenStreetMap Real Spatial Node
Avikova Clinics,Bengaluru Urban,N/A,N/A,N/A,N/A (Contact Clinic),General Healthcare & Rehab,N/A,N/A,N/A,"Avikova Clinics, Bengaluru Urban, Bengaluru, Karnataka",https://www.google.com/maps/search/Avikova%20Clinics%20Bengaluru%20Urban%20Bengaluru,OpenStreetMap Real Spatial Node
Ram Medicals,Bengaluru Urban,N/A,N/A,N/A,N/A (Contact Clinic),General Healthcare & Rehab,N/A,N/A,N/A,"Ram Medicals, Bengaluru Urban, Bengaluru, Karnataka",https://www.google.com/maps/search/Ram%20Medicals%20Bengaluru%20Urban%20Bengaluru,OpenStreetMap Real Spatial Node
Sri Ramdev Chemist,Bengaluru Urban,N/A,N/A,N/A,N/A (Contact Clinic),General Healthcare & Rehab,N/A,N/A,N/A,"Sri Ramdev Chemist, Bengaluru Urban, Bengaluru, Karnataka",https://www.google.com/maps/search/Sri%20Ramdev%20Chemist%20Bengaluru%20Urban%20Bengaluru,OpenStreetMap Real Spatial Node
Esha Hospital,Bengaluru Urban,N/A,N/A,N/A,N/A (Contact Clinic),General Healthcare & Rehab,N/A,N/A,N/A,"Esha Hospital, Bengaluru Urban, Bengaluru, Karnataka",https://www.google.com/maps/search/Esha%20Hospital%20Bengaluru%20Urban%20Bengaluru,OpenStreetMap Real Spatial Node
Organic Health Labs,Bengaluru Urban,N/A,N/A,N/A,N/A (Contact Clinic),General Healthcare & Rehab,N/A,N/A,N/A,"Organic Health Labs, Bengaluru Urban, Bengaluru, Karnataka",https://www.google.com/maps/search/Organic%20Health%20Labs%20Bengaluru%20Urban%20Bengaluru,OpenStreetMap Real Spatial Node
Lions Blood Bank,Bengaluru Urban,N/A,N/A,N/A,N/A (Contact Clinic),General Healthcare & Rehab,N/A,N/A,N/A,"Lions Blood Bank, Bengaluru Urban, Bengaluru, Karnataka",https://www.google.com/maps/search/Lions%20Blood%20Bank%20Bengaluru%20Urban%20Bengaluru,OpenStreetMap Real Spatial Node
Anand Laboratory,Bengaluru Urban,N/A,N/A,N/A,N/A (Contact Clinic),General Healthcare & Rehab,N/A,N/A,N/A,"Anand Laboratory, Bengaluru Urban, Bengaluru, Karnataka",https://www.google.com/maps/search/Anand%20Laboratory%20Bengaluru%20Urban%20Bengaluru,OpenStreetMap Real Spatial Node
New Bright Pharma,Bengaluru Urban,N/A,N/A,N/A,N/A (Contact Clinic),General Healthcare & Rehab,N/A,N/A,N/A,"New Bright Pharma, Bengaluru Urban, Bengaluru, Karnataka",https://www.google.com/maps/search/New%20Bright%20Pharma%20Bengaluru%20Urban%20Bengaluru,OpenStreetMap Real Spatial Node
Karnataka Medicals,Bengaluru Urban,N/A,N/A,N/A,N/A (Contact Clinic),General Healthcare & Rehab,N/A,N/A,N/A,"Karnataka Medicals, Bengaluru Urban, Bengaluru, Karnataka",https://www.google.com/maps/search/Karnataka%20Medicals%20Bengaluru%20Urban%20Bengaluru,OpenStreetMap Real Spatial Node
UDC Dental Clinic,Bengaluru Urban,N/A,N/A,N/A,N/A (Contact Clinic),General Healthcare & Rehab,N/A,N/A,N/A,"UDC Dental Clinic, Bengaluru Urban, Bengaluru, Karnataka",https://www.google.com/maps/search/UDC%20Dental%20Clinic%20Bengaluru%20Urban%20Bengaluru,OpenStreetMap Real Spatial Node
Pradhana Manthri Bharathiya Jan Aushadhi Kendra,Bengaluru Urban,N/A,N/A,N/A,N/A (Contact Clinic),General Healthcare & Rehab,N/A,N/A,N/A,"Pradhana Manthri Bharathiya Jan Aushadhi Kendra, Bengaluru Urban, Bengaluru, Karnataka",https://www.google.com/maps/search/Pradhana%20Manthri%20Bharathiya%20Jan%20Aushadhi%20Kendra%20Bengaluru%20Urban%20Bengaluru,OpenStreetMap Real Spatial Node
Dezy,Bengaluru Urban,N/A,N/A,N/A,N/A (Contact Clinic),General Healthcare & Rehab,N/A,N/A,N/A,"Dezy, Bengaluru Urban, Bengaluru, Karnataka",https://www.google.com/maps/search/Dezy%20Bengaluru%20Urban%20Bengaluru,OpenStreetMap Real Spatial Node
Chirag Global Hospital,Bengaluru Urban,N/A,N/A,N/A,N/A (Contact Clinic),General Healthcare & Rehab,N/A,N/A,N/A,"Chirag Global Hospital, Bengaluru Urban, Bengaluru, Karnataka",https://www.google.com/maps/search/Chirag%20Global%20Hospital%20Bengaluru%20Urban%20Bengaluru,OpenStreetMap Real Spatial Node
"4 Senses Advanced Skin, Hair & ENT Clinic",Bengaluru Urban,N/A,N/A,N/A,N/A (Contact Clinic),General Healthcare & Rehab,N/A,N/A,N/A,"4 Senses Advanced Skin, Hair & ENT Clinic, 13th Main Road Bengaluru Urban, Bengaluru 560092",https://www.google.com/maps/search/4%20Senses%20Advanced%20Skin%2C%20Hair%20%26%20ENT%20Clinic%20Bengaluru%20Urban%20Bengaluru,OpenStreetMap Real Spatial Node
Aditya Kids Clinic,Bengaluru Urban,N/A,N/A,N/A,N/A (Contact Clinic),General Healthcare & Rehab,N/A,N/A,N/A,"Aditya Kids Clinic, Bengaluru Urban, Bengaluru, Karnataka",https://www.google.com/maps/search/Aditya%20Kids%20Clinic%20Bengaluru%20Urban%20Bengaluru,OpenStreetMap Real Spatial Node
Victory Homeo Speciality Clinic,Bengaluru Urban,N/A,N/A,N/A,N/A (Contact Clinic),General Healthcare & Rehab,N/A,N/A,N/A,"Victory Homeo Speciality Clinic, Bengaluru Urban, Bengaluru, Karnataka",https://www.google.com/maps/search/Victory%20Homeo%20Speciality%20Clinic%20Bengaluru%20Urban%20Bengaluru,OpenStreetMap Real Spatial Node
Dr. B K Mudhusudhan Neurology Superspeciality,Bengaluru Urban,N/A,N/A,N/A,N/A (Contact Clinic),General Healthcare & Rehab,N/A,N/A,N/A,"Dr. B K Mudhusudhan Neurology Superspeciality, Bengaluru Urban, Bengaluru, Karnataka",https://www.google.com/maps/search/Dr.%20B%20K%20Mudhusudhan%20Neurology%20Superspeciality%20Bengaluru%20Urban%20Bengaluru,OpenStreetMap Real Spatial Node
Sangamitra,Bengaluru Urban,N/A,N/A,N/A,N/A (Contact Clinic),General Healthcare & Rehab,N/A,N/A,N/A,"Sangamitra, Bengaluru Urban, Bengaluru, Karnataka",https://www.google.com/maps/search/Sangamitra%20Bengaluru%20Urban%20Bengaluru,OpenStreetMap Real Spatial Node
Aishwarya health care centre,Bengaluru Urban,N/A,N/A,N/A,N/A (Contact Clinic),General Healthcare & Rehab,N/A,N/A,N/A,"Aishwarya health care centre, Bengaluru Urban, Bengaluru, Karnataka",https://www.google.com/maps/search/Aishwarya%20health%20care%20centre%20Bengaluru%20Urban%20Bengaluru,OpenStreetMap Real Spatial Node
Astha Diagnostic Centre,Bengaluru Urban,N/A,N/A,N/A,N/A (Contact Clinic),General Healthcare & Rehab,N/A,N/A,N/A,"Astha Diagnostic Centre, Bengaluru Urban, Bengaluru, Karnataka",https://www.google.com/maps/search/Astha%20Diagnostic%20Centre%20Bengaluru%20Urban%20Bengaluru,OpenStreetMap Real Spatial Node
Shalom Dental Clinic,Bengaluru Urban,N/A,N/A,N/A,N/A (Contact Clinic),General Healthcare & Rehab,N/A,N/A,N/A,"Shalom Dental Clinic, Bengaluru Urban, Bengaluru, Karnataka",https://www.google.com/maps/search/Shalom%20Dental%20Clinic%20Bengaluru%20Urban%20Bengaluru,OpenStreetMap Real Spatial Node
"4 Sense Skin, Hair And ENT Clinic",Bengaluru Urban,N/A,N/A,N/A,N/A (Contact Clinic),General Healthcare & Rehab,N/A,N/A,N/A,"4 Sense Skin, Hair And ENT Clinic, Bengaluru Urban, Bengaluru, Karnataka",https://www.google.com/maps/search/4%20Sense%20Skin%2C%20Hair%20And%20ENT%20Clinic%20Bengaluru%20Urban%20Bengaluru,OpenStreetMap Real Spatial Node
Impressions Dental,Bengaluru Urban,N/A,N/A,N/A,N/A (Contact Clinic),General Healthcare & Rehab,N/A,N/A,N/A,"Impressions Dental, Bengaluru Urban, Bengaluru, Karnataka",https://www.google.com/maps/search/Impressions%20Dental%20Bengaluru%20Urban%20Bengaluru,OpenStreetMap Real Spatial Node
Archish Fertility & IVF,Bengaluru Urban,N/A,N/A,N/A,N/A (Contact Clinic),General Healthcare & Rehab,N/A,N/A,N/A,"Archish Fertility & IVF, Bengaluru Urban, Bengaluru, Karnataka",https://www.google.com/maps/search/Archish%20Fertility%20%26%20IVF%20Bengaluru%20Urban%20Bengaluru,OpenStreetMap Real Spatial Node
Mahalaxmi Medical & General Store,Bengaluru Urban,N/A,N/A,N/A,N/A (Contact Clinic),General Healthcare & Rehab,N/A,N/A,N/A,"Mahalaxmi Medical & General Store, Bengaluru Urban, Bengaluru, Karnataka",https://www.google.com/maps/search/Mahalaxmi%20Medical%20%26%20General%20Store%20Bengaluru%20Urban%20Bengaluru,OpenStreetMap Real Spatial Node
Manipal Hospital OPD,Bengaluru Urban,N/A,N/A,N/A,N/A (Contact Clinic),General Healthcare & Rehab,N/A,N/A,N/A,"Manipal Hospital OPD, Bengaluru Urban, Bengaluru, Karnataka",https://www.google.com/maps/search/Manipal%20Hospital%20OPD%20Bengaluru%20Urban%20Bengaluru,OpenStreetMap Real Spatial Node
Metropolis The Pathology Specialist,Bengaluru Urban,N/A,N/A,N/A,N/A (Contact Clinic),General Healthcare & Rehab,N/A,N/A,N/A,"Metropolis The Pathology Specialist, Bengaluru Urban, Bengaluru, Karnataka",https://www.google.com/maps/search/Metropolis%20The%20Pathology%20Specialist%20Bengaluru%20Urban%20Bengaluru,OpenStreetMap Real Spatial Node
Mother And Heart Care,Bengaluru Urban,N/A,N/A,N/A,N/A (Contact Clinic),General Healthcare & Rehab,N/A,N/A,N/A,"Mother And Heart Care, Bengaluru Urban, Bengaluru, Karnataka",https://www.google.com/maps/search/Mother%20And%20Heart%20Care%20Bengaluru%20Urban%20Bengaluru,OpenStreetMap Real Spatial Node
Sanjivani Clinic,Bengaluru Urban,N/A,N/A,N/A,N/A (Contact Clinic),General Healthcare & Rehab,N/A,N/A,N/A,"Sanjivani Clinic, Bengaluru Urban, Bengaluru, Karnataka",https://www.google.com/maps/search/Sanjivani%20Clinic%20Bengaluru%20Urban%20Bengaluru,OpenStreetMap Real Spatial Node
Ekdanta Dental Wellness,Bengaluru Urban,N/A,N/A,N/A,N/A (Contact Clinic),General Healthcare & Rehab,N/A,N/A,N/A,"Ekdanta Dental Wellness, Bengaluru Urban, Bengaluru, Karnataka",https://www.google.com/maps/search/Ekdanta%20Dental%20Wellness%20Bengaluru%20Urban%20Bengaluru,OpenStreetMap Real Spatial Node
"Glow up Skin, Hair & Laser clinic",Bengaluru Urban,N/A,N/A,N/A,N/A (Contact Clinic),General Healthcare & Rehab,N/A,N/A,N/A,"Glow up Skin, Hair & Laser clinic, Bengaluru Urban, Bengaluru, Karnataka",https://www.google.com/maps/search/Glow%20up%20Skin%2C%20Hair%20%26%20Laser%20clinic%20Bengaluru%20Urban%20Bengaluru,OpenStreetMap Real Spatial Node
Dr Lal Path Labs,Bengaluru Urban,N/A,N/A,N/A,N/A (Contact Clinic),General Healthcare & Rehab,N/A,N/A,N/A,"Dr Lal Path Labs, Bengaluru Urban, Bengaluru, Karnataka",https://www.google.com/maps/search/Dr%20Lal%20Path%20Labs%20Bengaluru%20Urban%20Bengaluru,OpenStreetMap Real Spatial Node
Sanjeevini Dental,Bengaluru Urban,N/A,N/A,N/A,N/A (Contact Clinic),General Healthcare & Rehab,N/A,N/A,N/A,"Sanjeevini Dental, Bengaluru Urban, Bengaluru, Karnataka",https://www.google.com/maps/search/Sanjeevini%20Dental%20Bengaluru%20Urban%20Bengaluru,OpenStreetMap Real Spatial Node
Partha dental,Bengaluru Urban,N/A,N/A,N/A,N/A (Contact Clinic),General Healthcare & Rehab,N/A,N/A,N/A,"Partha dental, Bengaluru Urban, Bengaluru, Karnataka",https://www.google.com/maps/search/Partha%20dental%20Bengaluru%20Urban%20Bengaluru,OpenStreetMap Real Spatial Node
Sukhibhava ayurvedic Clinic,Bengaluru Urban,N/A,N/A,N/A,N/A (Contact Clinic),General Healthcare & Rehab,N/A,N/A,N/A,"Sukhibhava ayurvedic Clinic, Bengaluru Urban, Bengaluru, Karnataka",https://www.google.com/maps/search/Sukhibhava%20ayurvedic%20Clinic%20Bengaluru%20Urban%20Bengaluru,OpenStreetMap Real Spatial Node
Dr. B M Krupa Obstetrics And Gynaec Speciality,Bengaluru Urban,N/A,N/A,N/A,N/A (Contact Clinic),General Healthcare & Rehab,N/A,N/A,N/A,"Dr. B M Krupa Obstetrics And Gynaec Speciality, Bengaluru Urban, Bengaluru, Karnataka",https://www.google.com/maps/search/Dr.%20B%20M%20Krupa%20Obstetrics%20And%20Gynaec%20Speciality%20Bengaluru%20Urban%20Bengaluru,OpenStreetMap Real Spatial Node
Aarthi scans & labs,Bengaluru Urban,N/A,N/A,N/A,N/A (Contact Clinic),General Healthcare & Rehab,N/A,N/A,N/A,"Aarthi scans & labs, Bengaluru Urban, Bengaluru, Karnataka",https://www.google.com/maps/search/Aarthi%20scans%20%26%20labs%20Bengaluru%20Urban%20Bengaluru,OpenStreetMap Real Spatial Node
Aposs Diagnostics Health Care Pvt Ltd,Bengaluru Urban,N/A,N/A,N/A,N/A (Contact Clinic),General Healthcare & Rehab,N/A,N/A,N/A,"Aposs Diagnostics Health Care Pvt Ltd, Bengaluru Urban, Bengaluru, Karnataka",https://www.google.com/maps/search/Aposs%20Diagnostics%20Health%20Care%20Pvt%20Ltd%20Bengaluru%20Urban%20Bengaluru,OpenStreetMap Real Spatial Node
Ashraya Mediacals,Bengaluru Urban,N/A,N/A,N/A,N/A (Contact Clinic),General Healthcare & Rehab,N/A,N/A,N/A,"Ashraya Mediacals, Bengaluru Urban, Bengaluru, Karnataka",https://www.google.com/maps/search/Ashraya%20Mediacals%20Bengaluru%20Urban%20Bengaluru,OpenStreetMap Real Spatial Node
R R Dental Center,Bengaluru Urban,N/A,N/A,N/A,N/A (Contact Clinic),General Healthcare & Rehab,N/A,N/A,N/A,"R R Dental Center, Bengaluru Urban, Bengaluru, Karnataka",https://www.google.com/maps/search/R%20R%20Dental%20Center%20Bengaluru%20Urban%20Bengaluru,OpenStreetMap Real Spatial Node
Ketaki kids care clinic,Bengaluru Urban,N/A,N/A,N/A,N/A (Contact Clinic),General Healthcare & Rehab,N/A,N/A,N/A,"Ketaki kids care clinic, Bengaluru Urban, Bengaluru, Karnataka",https://www.google.com/maps/search/Ketaki%20kids%20care%20clinic%20Bengaluru%20Urban%20Bengaluru,OpenStreetMap Real Spatial Node
Vijaya Medical Centre,Bengaluru Urban,N/A,N/A,N/A,N/A (Contact Clinic),General Healthcare & Rehab,N/A,N/A,N/A,"Vijaya Medical Centre, Bengaluru Urban, Bengaluru, Karnataka",https://www.google.com/maps/search/Vijaya%20Medical%20Centre%20Bengaluru%20Urban%20Bengaluru,OpenStreetMap Real Spatial Node
Sundha Medicals,Bengaluru Urban,N/A,N/A,N/A,N/A (Contact Clinic),General Healthcare & Rehab,N/A,N/A,N/A,"Sundha Medicals, Bengaluru Urban, Bengaluru, Karnataka",https://www.google.com/maps/search/Sundha%20Medicals%20Bengaluru%20Urban%20Bengaluru,OpenStreetMap Real Spatial Node
PMC Hospital,Bengaluru Urban,N/A,N/A,N/A,N/A (Contact Clinic),General Healthcare & Rehab,N/A,N/A,N/A,"PMC Hospital, Bengaluru Urban, Bengaluru, Karnataka",https://www.google.com/maps/search/PMC%20Hospital%20Bengaluru%20Urban%20Bengaluru,OpenStreetMap Real Spatial Node
Spectrum Diagnostics,Bengaluru Urban,N/A,N/A,N/A,N/A (Contact Clinic),General Healthcare & Rehab,N/A,N/A,N/A,"Spectrum Diagnostics, Bengaluru Urban, Bengaluru, Karnataka",https://www.google.com/maps/search/Spectrum%20Diagnostics%20Bengaluru%20Urban%20Bengaluru,OpenStreetMap Real Spatial Node
New Varalakshmi Hospital,Bengaluru Urban,N/A,N/A,N/A,N/A (Contact Clinic),General Healthcare & Rehab,N/A,N/A,N/A,"New Varalakshmi Hospital, Bengaluru Urban, Bengaluru, Karnataka",https://www.google.com/maps/search/New%20Varalakshmi%20Hospital%20Bengaluru%20Urban%20Bengaluru,OpenStreetMap Real Spatial Node
Surana Chemist,Bengaluru Urban,N/A,N/A,N/A,N/A (Contact Clinic),General Healthcare & Rehab,N/A,N/A,N/A,"Surana Chemist, Bengaluru Urban, Bengaluru, Karnataka",https://www.google.com/maps/search/Surana%20Chemist%20Bengaluru%20Urban%20Bengaluru,OpenStreetMap Real Spatial Node
Health Green Pharma,Bengaluru Urban,N/A,N/A,N/A,N/A (Contact Clinic),General Healthcare & Rehab,N/A,N/A,N/A,"Health Green Pharma, Bengaluru Urban, Bengaluru, Karnataka",https://www.google.com/maps/search/Health%20Green%20Pharma%20Bengaluru%20Urban%20Bengaluru,OpenStreetMap Real Spatial Node
Dr. Elizabeth Alexander,Bengaluru Urban,N/A,N/A,N/A,N/A (Contact Clinic),General Healthcare & Rehab,N/A,N/A,N/A,"Dr. Elizabeth Alexander, Bengaluru Urban, Bengaluru, Karnataka",https://www.google.com/maps/search/Dr.%20Elizabeth%20Alexander%20Bengaluru%20Urban%20Bengaluru,OpenStreetMap Real Spatial Node
Saptagiri Pharmacy,Bengaluru Urban,N/A,N/A,N/A,N/A (Contact Clinic),General Healthcare & Rehab,N/A,N/A,N/A,"Saptagiri Pharmacy, Bengaluru Urban, Bengaluru, Karnataka",https://www.google.com/maps/search/Saptagiri%20Pharmacy%20Bengaluru%20Urban%20Bengaluru,OpenStreetMap Real Spatial Node
Saptagiri Health Care,Bengaluru Urban,N/A,N/A,N/A,N/A (Contact Clinic),General Healthcare & Rehab,N/A,N/A,N/A,"Saptagiri Health Care, Bengaluru Urban, Bengaluru, Karnataka",https://www.google.com/maps/search/Saptagiri%20Health%20Care%20Bengaluru%20Urban%20Bengaluru,OpenStreetMap Real Spatial Node
NE Pharmacy,Bengaluru Urban,N/A,N/A,N/A,N/A (Contact Clinic),General Healthcare & Rehab,N/A,N/A,N/A,"NE Pharmacy, Bengaluru Urban, Bengaluru, Karnataka",https://www.google.com/maps/search/NE%20Pharmacy%20Bengaluru%20Urban%20Bengaluru,OpenStreetMap Real Spatial Node
Spring Dental Care,Bengaluru Urban,N/A,N/A,N/A,N/A (Contact Clinic),General Healthcare & Rehab,N/A,N/A,N/A,"Spring Dental Care, Holiday Village Resort Road, Off Kanakapura Road, Mallasandra, Bengaluru , Bengaluru",https://www.google.com/maps/search/Spring%20Dental%20Care%20Bengaluru%20Urban%20Bengaluru,OpenStreetMap Real Spatial Node
Oncquest Laboratories,Bengaluru Urban,N/A,N/A,N/A,N/A (Contact Clinic),General Healthcare & Rehab,N/A,N/A,N/A,"Oncquest Laboratories, Bengaluru Urban, Bengaluru, Karnataka",https://www.google.com/maps/search/Oncquest%20Laboratories%20Bengaluru%20Urban%20Bengaluru,OpenStreetMap Real Spatial Node
Clinica Dental & Orthodontics,Bengaluru Urban,N/A,N/A,N/A,N/A (Contact Clinic),Orthopedic & Spine Care,N/A,N/A,N/A,"Clinica Dental & Orthodontics, Bengaluru Urban, Bengaluru, Karnataka",https://www.google.com/maps/search/Clinica%20Dental%20%26%20Orthodontics%20Bengaluru%20Urban%20Bengaluru,OpenStreetMap Real Spatial Node
S L Gastro & Liver Clinic,Bengaluru Urban,N/A,N/A,N/A,N/A (Contact Clinic),General Healthcare & Rehab,N/A,N/A,N/A,"S L Gastro & Liver Clinic, Bengaluru Urban, Bengaluru, Karnataka",https://www.google.com/maps/search/S%20L%20Gastro%20%26%20Liver%20Clinic%20Bengaluru%20Urban%20Bengaluru,OpenStreetMap Real Spatial Node
Sri Ganesh Medicals & General Stores,Bengaluru Urban,N/A,N/A,N/A,N/A (Contact Clinic),General Healthcare & Rehab,N/A,N/A,N/A,"Sri Ganesh Medicals & General Stores, Bengaluru Urban, Bengaluru, Karnataka",https://www.google.com/maps/search/Sri%20Ganesh%20Medicals%20%26%20General%20Stores%20Bengaluru%20Urban%20Bengaluru,OpenStreetMap Real Spatial Node
Dalvakot Pharmacy,Bengaluru Urban,N/A,N/A,N/A,N/A (Contact Clinic),General Healthcare & Rehab,N/A,N/A,N/A,"Dalvakot Pharmacy, Bengaluru Urban, Bengaluru, Karnataka",https://www.google.com/maps/search/Dalvakot%20Pharmacy%20Bengaluru%20Urban%20Bengaluru,OpenStreetMap Real Spatial Node
Dr.Regish’s Dental care & implant Center,Bengaluru Urban,N/A,N/A,N/A,N/A (Contact Clinic),General Healthcare & Rehab,N/A,N/A,N/A,"Dr.Regish’s Dental care & implant Center, Bengaluru Urban, Bengaluru, Karnataka",https://www.google.com/maps/search/Dr.Regish%E2%80%99s%20Dental%20care%20%26%20implant%20Center%20Bengaluru%20Urban%20Bengaluru,OpenStreetMap Real Spatial Node
Sachins Dental Clinic,Bengaluru Urban,N/A,N/A,N/A,N/A (Contact Clinic),General Healthcare & Rehab,N/A,N/A,N/A,"Sachins Dental Clinic, Bengaluru Urban, Bengaluru, Karnataka",https://www.google.com/maps/search/Sachins%20Dental%20Clinic%20Bengaluru%20Urban%20Bengaluru,OpenStreetMap Real Spatial Node
Manipal Clinics,Bengaluru Urban,N/A,N/A,N/A,N/A (Contact Clinic),General Healthcare & Rehab,N/A,N/A,N/A,"Manipal Clinics, Bengaluru Urban, Bengaluru, Karnataka",https://www.google.com/maps/search/Manipal%20Clinics%20Bengaluru%20Urban%20Bengaluru,OpenStreetMap Real Spatial Node
Sattva Fertility,Bengaluru Urban,N/A,N/A,N/A,N/A (Contact Clinic),General Healthcare & Rehab,N/A,N/A,N/A,"Sattva Fertility, Bengaluru Urban, Bengaluru, Karnataka",https://www.google.com/maps/search/Sattva%20Fertility%20Bengaluru%20Urban%20Bengaluru,OpenStreetMap Real Spatial Node
Sri Sreenivasa Medicals,Bengaluru Urban,N/A,N/A,N/A,N/A (Contact Clinic),General Healthcare & Rehab,N/A,N/A,N/A,"Sri Sreenivasa Medicals, Bengaluru Urban, Bengaluru, Karnataka",https://www.google.com/maps/search/Sri%20Sreenivasa%20Medicals%20Bengaluru%20Urban%20Bengaluru,OpenStreetMap Real Spatial Node
Arya vaidya Sala Kottakal,Bengaluru Urban,N/A,N/A,N/A,N/A (Contact Clinic),General Healthcare & Rehab,N/A,N/A,N/A,"Arya vaidya Sala Kottakal, Bengaluru Urban, Bengaluru, Karnataka",https://www.google.com/maps/search/Arya%20vaidya%20Sala%20Kottakal%20Bengaluru%20Urban%20Bengaluru,OpenStreetMap Real Spatial Node
Punarjani,Bengaluru Urban,N/A,N/A,N/A,N/A (Contact Clinic),General Healthcare & Rehab,N/A,N/A,N/A,"Punarjani, Bengaluru Urban, Bengaluru, Karnataka",https://www.google.com/maps/search/Punarjani%20Bengaluru%20Urban%20Bengaluru,OpenStreetMap Real Spatial Node
Fertilite IVF,Bengaluru Urban,N/A,N/A,N/A,N/A (Contact Clinic),General Healthcare & Rehab,N/A,N/A,N/A,"Fertilite IVF, Outer Ring Road , Bengaluru 560076",https://www.google.com/maps/search/Fertilite%20IVF%20Bengaluru%20Urban%20Bengaluru,OpenStreetMap Real Spatial Node
Sai Suraksha Dental Clinic,Bengaluru Urban,N/A,N/A,N/A,N/A (Contact Clinic),General Healthcare & Rehab,N/A,N/A,N/A,"Sai Suraksha Dental Clinic, Bengaluru Urban, Bengaluru, Karnataka",https://www.google.com/maps/search/Sai%20Suraksha%20Dental%20Clinic%20Bengaluru%20Urban%20Bengaluru,OpenStreetMap Real Spatial Node
dermalogica,Bengaluru Urban,N/A,N/A,N/A,N/A (Contact Clinic),General Healthcare & Rehab,N/A,N/A,N/A,"dermalogica, Bengaluru Urban, Bengaluru, Karnataka",https://www.google.com/maps/search/dermalogica%20Bengaluru%20Urban%20Bengaluru,OpenStreetMap Real Spatial Node
Apollo Cradle Children's Hospital,Bengaluru Urban,N/A,N/A,N/A,N/A (Contact Clinic),General Healthcare & Rehab,N/A,N/A,N/A,"Apollo Cradle Children's Hospital, Bengaluru Urban, Bengaluru, Karnataka",https://www.google.com/maps/search/Apollo%20Cradle%20Children%27s%20Hospital%20Bengaluru%20Urban%20Bengaluru,OpenStreetMap Real Spatial Node
Vinayaka Dental Clinic,Bengaluru Urban,N/A,N/A,N/A,N/A (Contact Clinic),General Healthcare & Rehab,N/A,N/A,N/A,"Vinayaka Dental Clinic, Bengaluru Urban, Bengaluru, Karnataka",https://www.google.com/maps/search/Vinayaka%20Dental%20Clinic%20Bengaluru%20Urban%20Bengaluru,OpenStreetMap Real Spatial Node
The Drug Hut,Bengaluru Urban,N/A,N/A,N/A,N/A (Contact Clinic),General Healthcare & Rehab,N/A,N/A,N/A,"The Drug Hut, Bengaluru Urban, Bengaluru, Karnataka",https://www.google.com/maps/search/The%20Drug%20Hut%20Bengaluru%20Urban%20Bengaluru,OpenStreetMap Real Spatial Node
Dr. Farzana,Bengaluru Urban,N/A,N/A,N/A,N/A (Contact Clinic),General Healthcare & Rehab,N/A,N/A,N/A,"Dr. Farzana, Bengaluru Urban, Bengaluru, Karnataka",https://www.google.com/maps/search/Dr.%20Farzana%20Bengaluru%20Urban%20Bengaluru,OpenStreetMap Real Spatial Node
Dr. Markiyar Abdul Razack,Bengaluru Urban,N/A,N/A,N/A,N/A (Contact Clinic),General Healthcare & Rehab,N/A,N/A,N/A,"Dr. Markiyar Abdul Razack, Bengaluru Urban, Bengaluru, Karnataka",https://www.google.com/maps/search/Dr.%20Markiyar%20Abdul%20Razack%20Bengaluru%20Urban%20Bengaluru,OpenStreetMap Real Spatial Node
Bilva Pharmacy,Bengaluru Urban,N/A,N/A,N/A,N/A (Contact Clinic),General Healthcare & Rehab,N/A,N/A,N/A,"Bilva Pharmacy, Bengaluru Urban, Bengaluru, Karnataka",https://www.google.com/maps/search/Bilva%20Pharmacy%20Bengaluru%20Urban%20Bengaluru,OpenStreetMap Real Spatial Node
Goutam Dental Clinic,Bengaluru Urban,N/A,N/A,N/A,N/A (Contact Clinic),General Healthcare & Rehab,N/A,N/A,N/A,"Goutam Dental Clinic, Bengaluru Urban, Bengaluru, Karnataka",https://www.google.com/maps/search/Goutam%20Dental%20Clinic%20Bengaluru%20Urban%20Bengaluru,OpenStreetMap Real Spatial Node
Ray Speciality Clinic,Bengaluru Urban,N/A,N/A,N/A,N/A (Contact Clinic),General Healthcare & Rehab,N/A,N/A,N/A,"Ray Speciality Clinic, Bengaluru Urban, Bengaluru, Karnataka",https://www.google.com/maps/search/Ray%20Speciality%20Clinic%20Bengaluru%20Urban%20Bengaluru,OpenStreetMap Real Spatial Node
Dimensions Centre for Child Development,Bengaluru Urban,N/A,N/A,N/A,N/A (Contact Clinic),General Healthcare & Rehab,N/A,N/A,N/A,"Dimensions Centre for Child Development, Bengaluru Urban, Bengaluru, Karnataka",https://www.google.com/maps/search/Dimensions%20Centre%20for%20Child%20Development%20Bengaluru%20Urban%20Bengaluru,OpenStreetMap Real Spatial Node
Good Move Wellness,Bengaluru Urban,N/A,N/A,N/A,N/A (Contact Clinic),General Healthcare & Rehab,N/A,N/A,N/A,"Good Move Wellness, 80 Feet Road , Bengaluru 560034",https://www.google.com/maps/search/Good%20Move%20Wellness%20Bengaluru%20Urban%20Bengaluru,OpenStreetMap Real Spatial Node
Cherish Fertinity Clinic,Bengaluru Urban,N/A,N/A,N/A,N/A (Contact Clinic),General Healthcare & Rehab,N/A,N/A,N/A,"Cherish Fertinity Clinic, 7th Cross Road , Bengaluru 560034",https://www.google.com/maps/search/Cherish%20Fertinity%20Clinic%20Bengaluru%20Urban%20Bengaluru,OpenStreetMap Real Spatial Node
Ashok Medicals,Bengaluru Urban,N/A,N/A,N/A,N/A (Contact Clinic),General Healthcare & Rehab,N/A,N/A,N/A,"Ashok Medicals, Bengaluru Urban, Bengaluru, Karnataka",https://www.google.com/maps/search/Ashok%20Medicals%20Bengaluru%20Urban%20Bengaluru,OpenStreetMap Real Spatial Node
Abiramm Hospital,Bengaluru Urban,N/A,N/A,N/A,N/A (Contact Clinic),General Healthcare & Rehab,N/A,N/A,N/A,"Abiramm Hospital, Bengaluru Urban, Bengaluru, Karnataka",https://www.google.com/maps/search/Abiramm%20Hospital%20Bengaluru%20Urban%20Bengaluru,OpenStreetMap Real Spatial Node
Dr Lal Pathlabs,Bengaluru Urban,N/A,N/A,N/A,N/A (Contact Clinic),General Healthcare & Rehab,N/A,N/A,N/A,"Dr Lal Pathlabs, Holiday Village Road , Bengaluru",https://www.google.com/maps/search/Dr%20Lal%20Pathlabs%20Bengaluru%20Urban%20Bengaluru,OpenStreetMap Real Spatial Node
Dr. Kalyan Banerjee,Bengaluru Urban,N/A,N/A,N/A,N/A (Contact Clinic),General Healthcare & Rehab,N/A,N/A,N/A,"Dr. Kalyan Banerjee, Bengaluru Urban, Bengaluru, Karnataka",https://www.google.com/maps/search/Dr.%20Kalyan%20Banerjee%20Bengaluru%20Urban%20Bengaluru,OpenStreetMap Real Spatial Node
Swar intervention Centre,Bengaluru Urban,N/A,N/A,N/A,N/A (Contact Clinic),General Healthcare & Rehab,N/A,N/A,N/A,"Swar intervention Centre, Thippasandra Road , Bengaluru 560087",https://www.google.com/maps/search/Swar%20intervention%20Centre%20Bengaluru%20Urban%20Bengaluru,OpenStreetMap Real Spatial Node
Aditya Pharma,Bengaluru Urban,N/A,N/A,N/A,N/A (Contact Clinic),General Healthcare & Rehab,N/A,N/A,N/A,"Aditya Pharma, Bengaluru Urban, Bengaluru, Karnataka",https://www.google.com/maps/search/Aditya%20Pharma%20Bengaluru%20Urban%20Bengaluru,OpenStreetMap Real Spatial Node
Chiru Pharma,Bengaluru Urban,N/A,N/A,N/A,N/A (Contact Clinic),General Healthcare & Rehab,N/A,N/A,N/A,"Chiru Pharma, Bengaluru Urban, Bengaluru, Karnataka",https://www.google.com/maps/search/Chiru%20Pharma%20Bengaluru%20Urban%20Bengaluru,OpenStreetMap Real Spatial Node
Sri Lakshmi Venkateshwara Medical & General Store,Bengaluru Urban,N/A,N/A,N/A,N/A (Contact Clinic),General Healthcare & Rehab,N/A,N/A,N/A,"Sri Lakshmi Venkateshwara Medical & General Store, Bengaluru Urban, Bengaluru, Karnataka",https://www.google.com/maps/search/Sri%20Lakshmi%20Venkateshwara%20Medical%20%26%20General%20Store%20Bengaluru%20Urban%20Bengaluru,OpenStreetMap Real Spatial Node
Insync,Bengaluru Urban,N/A,N/A,N/A,N/A (Contact Clinic),General Healthcare & Rehab,N/A,N/A,N/A,"Insync, Bengaluru Urban, Bengaluru, Karnataka",https://www.google.com/maps/search/Insync%20Bengaluru%20Urban%20Bengaluru,OpenStreetMap Real Spatial Node
Kaveri Pharma,Bengaluru Urban,N/A,N/A,N/A,N/A (Contact Clinic),General Healthcare & Rehab,N/A,N/A,N/A,"Kaveri Pharma, Halasahalli Road , Bengaluru",https://www.google.com/maps/search/Kaveri%20Pharma%20Bengaluru%20Urban%20Bengaluru,OpenStreetMap Real Spatial Node
Meditech Kidney Stone Centre,Bengaluru Urban,N/A,N/A,N/A,N/A (Contact Clinic),General Healthcare & Rehab,N/A,N/A,N/A,"Meditech Kidney Stone Centre, Bengaluru Urban, Bengaluru, Karnataka",https://www.google.com/maps/search/Meditech%20Kidney%20Stone%20Centre%20Bengaluru%20Urban%20Bengaluru,OpenStreetMap Real Spatial Node
Shifa Piles Hospital,Bengaluru Urban,N/A,N/A,N/A,N/A (Contact Clinic),General Healthcare & Rehab,N/A,N/A,N/A,"Shifa Piles Hospital, Bengaluru Urban, Bengaluru, Karnataka",https://www.google.com/maps/search/Shifa%20Piles%20Hospital%20Bengaluru%20Urban%20Bengaluru,OpenStreetMap Real Spatial Node
JJ Poly Clinic & Diagnostic Center,Bengaluru Urban,N/A,N/A,N/A,N/A (Contact Clinic),General Healthcare & Rehab,N/A,N/A,N/A,"JJ Poly Clinic & Diagnostic Center, Bengaluru Urban, Bengaluru, Karnataka",https://www.google.com/maps/search/JJ%20Poly%20Clinic%20%26%20Diagnostic%20Center%20Bengaluru%20Urban%20Bengaluru,OpenStreetMap Real Spatial Node
Vishnu Medicals,Bengaluru Urban,N/A,N/A,N/A,N/A (Contact Clinic),General Healthcare & Rehab,N/A,N/A,N/A,"Vishnu Medicals, Bengaluru Urban, Bengaluru, Karnataka",https://www.google.com/maps/search/Vishnu%20Medicals%20Bengaluru%20Urban%20Bengaluru,OpenStreetMap Real Spatial Node
Mahalakshmi Medical,Bengaluru Urban,N/A,N/A,N/A,N/A (Contact Clinic),General Healthcare & Rehab,N/A,N/A,N/A,"Mahalakshmi Medical, Bengaluru Urban, Bengaluru, Karnataka",https://www.google.com/maps/search/Mahalakshmi%20Medical%20Bengaluru%20Urban%20Bengaluru,OpenStreetMap Real Spatial Node
Mataji Medical and General Stores,Bengaluru Urban,N/A,N/A,N/A,N/A (Contact Clinic),General Healthcare & Rehab,N/A,N/A,N/A,"Mataji Medical and General Stores, Bengaluru Urban, Bengaluru, Karnataka",https://www.google.com/maps/search/Mataji%20Medical%20and%20General%20Stores%20Bengaluru%20Urban%20Bengaluru,OpenStreetMap Real Spatial Node
City Laboratory,Bengaluru Urban,N/A,N/A,N/A,N/A (Contact Clinic),General Healthcare & Rehab,N/A,N/A,N/A,"City Laboratory, Bengaluru Urban, Bengaluru, Karnataka",https://www.google.com/maps/search/City%20Laboratory%20Bengaluru%20Urban%20Bengaluru,OpenStreetMap Real Spatial Node
Dixit Skin & Ortho Care,Bengaluru Urban,N/A,N/A,N/A,N/A (Contact Clinic),Orthopedic & Spine Care,N/A,N/A,N/A,"Dixit Skin & Ortho Care, Holiday Village Resort Road, Mallasandra , Bengaluru",https://www.google.com/maps/search/Dixit%20Skin%20%26%20Ortho%20Care%20Bengaluru%20Urban%20Bengaluru,OpenStreetMap Real Spatial Node
Maruthi Medicals,Bengaluru Urban,N/A,N/A,N/A,N/A (Contact Clinic),General Healthcare & Rehab,N/A,N/A,N/A,"Maruthi Medicals, Bengaluru Urban, Bengaluru, Karnataka",https://www.google.com/maps/search/Maruthi%20Medicals%20Bengaluru%20Urban%20Bengaluru,OpenStreetMap Real Spatial Node
Nandi Health Care,Bengaluru Urban,N/A,N/A,N/A,N/A (Contact Clinic),General Healthcare & Rehab,N/A,N/A,N/A,"Nandi Health Care, Bengaluru Urban, Bengaluru, Karnataka",https://www.google.com/maps/search/Nandi%20Health%20Care%20Bengaluru%20Urban%20Bengaluru,OpenStreetMap Real Spatial Node
Sri Rama Medicals,Bengaluru Urban,N/A,N/A,N/A,N/A (Contact Clinic),General Healthcare & Rehab,N/A,N/A,N/A,"Sri Rama Medicals, Bengaluru Urban, Bengaluru, Karnataka",https://www.google.com/maps/search/Sri%20Rama%20Medicals%20Bengaluru%20Urban%20Bengaluru,OpenStreetMap Real Spatial Node
Sri Rama Clinic,Bengaluru Urban,N/A,N/A,N/A,N/A (Contact Clinic),General Healthcare & Rehab,N/A,N/A,N/A,"Sri Rama Clinic, Bengaluru Urban, Bengaluru, Karnataka",https://www.google.com/maps/search/Sri%20Rama%20Clinic%20Bengaluru%20Urban%20Bengaluru,OpenStreetMap Real Spatial Node
Sri Ranganatha Clinical Laboratory,Bengaluru Urban,N/A,N/A,N/A,N/A (Contact Clinic),General Healthcare & Rehab,N/A,N/A,N/A,"Sri Ranganatha Clinical Laboratory, Bengaluru Urban, Bengaluru, Karnataka",https://www.google.com/maps/search/Sri%20Ranganatha%20Clinical%20Laboratory%20Bengaluru%20Urban%20Bengaluru,OpenStreetMap Real Spatial Node
Orthosquare,Bengaluru Urban,N/A,N/A,N/A,N/A (Contact Clinic),Orthopedic & Spine Care,N/A,N/A,N/A,"Orthosquare, Bengaluru Urban, Bengaluru, Karnataka",https://www.google.com/maps/search/Orthosquare%20Bengaluru%20Urban%20Bengaluru,OpenStreetMap Real Spatial Node
Minora,Bengaluru Urban,N/A,N/A,N/A,N/A (Contact Clinic),General Healthcare & Rehab,N/A,N/A,N/A,"Minora, Bengaluru Urban, Bengaluru, Karnataka",https://www.google.com/maps/search/Minora%20Bengaluru%20Urban%20Bengaluru,OpenStreetMap Real Spatial Node
Milann,Bengaluru Urban,N/A,N/A,N/A,N/A (Contact Clinic),General Healthcare & Rehab,N/A,N/A,N/A,"Milann, Bengaluru Urban, Bengaluru, Karnataka",https://www.google.com/maps/search/Milann%20Bengaluru%20Urban%20Bengaluru,OpenStreetMap Real Spatial Node
Aria Multispeciality Clinic,Bengaluru Urban,N/A,N/A,N/A,N/A (Contact Clinic),General Healthcare & Rehab,N/A,N/A,N/A,"Aria Multispeciality Clinic, Bengaluru Urban, Bengaluru, Karnataka",https://www.google.com/maps/search/Aria%20Multispeciality%20Clinic%20Bengaluru%20Urban%20Bengaluru,OpenStreetMap Real Spatial Node
RK Multispeciality center,Bengaluru Urban,N/A,N/A,N/A,N/A (Contact Clinic),General Healthcare & Rehab,N/A,N/A,N/A,"RK Multispeciality center, Bengaluru Urban, Bengaluru, Karnataka",https://www.google.com/maps/search/RK%20Multispeciality%20center%20Bengaluru%20Urban%20Bengaluru,OpenStreetMap Real Spatial Node
Sunkris Dental,Bengaluru Urban,N/A,N/A,N/A,N/A (Contact Clinic),General Healthcare & Rehab,N/A,N/A,N/A,"Sunkris Dental, Bengaluru Urban, Bengaluru, Karnataka",https://www.google.com/maps/search/Sunkris%20Dental%20Bengaluru%20Urban%20Bengaluru,OpenStreetMap Real Spatial Node
White Pearls Dental,Bengaluru Urban,N/A,N/A,N/A,N/A (Contact Clinic),General Healthcare & Rehab,N/A,N/A,N/A,"White Pearls Dental, Bengaluru Urban, Bengaluru, Karnataka",https://www.google.com/maps/search/White%20Pearls%20Dental%20Bengaluru%20Urban%20Bengaluru,OpenStreetMap Real Spatial Node
Healing Hands,Bengaluru Urban,N/A,N/A,N/A,N/A (Contact Clinic),General Healthcare & Rehab,N/A,N/A,N/A,"Healing Hands, 7th Cross Road , Bengaluru 560076",https://www.google.com/maps/search/Healing%20Hands%20Bengaluru%20Urban%20Bengaluru,OpenStreetMap Real Spatial Node
Shishu Ivf Fertility Centre Pvt Ltd,Bengaluru Urban,N/A,N/A,N/A,N/A (Contact Clinic),General Healthcare & Rehab,N/A,N/A,N/A,"Shishu Ivf Fertility Centre Pvt Ltd, Dr. Rajkumar Road BENGALURU URBAN, Bengaluru 560010",https://www.google.com/maps/search/Shishu%20Ivf%20Fertility%20Centre%20Pvt%20Ltd%20Bengaluru%20Urban%20Bengaluru,OpenStreetMap Real Spatial Node
Payal Medical,Bengaluru Urban,N/A,N/A,N/A,N/A (Contact Clinic),General Healthcare & Rehab,N/A,N/A,N/A,"Payal Medical, Bengaluru Urban, Bengaluru, Karnataka",https://www.google.com/maps/search/Payal%20Medical%20Bengaluru%20Urban%20Bengaluru,OpenStreetMap Real Spatial Node
Jeevika Pharmacy,Bengaluru Urban,N/A,N/A,N/A,N/A (Contact Clinic),General Healthcare & Rehab,N/A,N/A,N/A,"Jeevika Pharmacy, Bengaluru Urban, Bengaluru, Karnataka",https://www.google.com/maps/search/Jeevika%20Pharmacy%20Bengaluru%20Urban%20Bengaluru,OpenStreetMap Real Spatial Node
Sri Sai Hospital,Bengaluru Urban,N/A,N/A,N/A,N/A (Contact Clinic),General Healthcare & Rehab,N/A,N/A,N/A,"Sri Sai Hospital, Bengaluru Urban, Bengaluru, Karnataka",https://www.google.com/maps/search/Sri%20Sai%20Hospital%20Bengaluru%20Urban%20Bengaluru,OpenStreetMap Real Spatial Node
Jan Aushadhi,Bengaluru Urban,N/A,N/A,N/A,N/A (Contact Clinic),General Healthcare & Rehab,N/A,N/A,N/A,"Jan Aushadhi, Bengaluru Urban, Bengaluru, Karnataka",https://www.google.com/maps/search/Jan%20Aushadhi%20Bengaluru%20Urban%20Bengaluru,OpenStreetMap Real Spatial Node
Seva Clinic,Bengaluru Urban,N/A,N/A,N/A,N/A (Contact Clinic),General Healthcare & Rehab,N/A,N/A,N/A,"Seva Clinic, Bengaluru Urban, Bengaluru, Karnataka",https://www.google.com/maps/search/Seva%20Clinic%20Bengaluru%20Urban%20Bengaluru,OpenStreetMap Real Spatial Node
Sathiyam Medicals,Bengaluru Urban,N/A,N/A,N/A,N/A (Contact Clinic),General Healthcare & Rehab,N/A,N/A,N/A,"Sathiyam Medicals, Bengaluru Urban, Bengaluru, Karnataka",https://www.google.com/maps/search/Sathiyam%20Medicals%20Bengaluru%20Urban%20Bengaluru,OpenStreetMap Real Spatial Node
SS Pharmacy,Bengaluru Urban,N/A,N/A,N/A,N/A (Contact Clinic),General Healthcare & Rehab,N/A,N/A,N/A,"SS Pharmacy, Bengaluru Urban, Bengaluru, Karnataka",https://www.google.com/maps/search/SS%20Pharmacy%20Bengaluru%20Urban%20Bengaluru,OpenStreetMap Real Spatial Node
Raksha Hospital,Bengaluru Urban,N/A,N/A,N/A,N/A (Contact Clinic),General Healthcare & Rehab,N/A,N/A,N/A,"Raksha Hospital, Bengaluru Urban, Bengaluru, Karnataka",https://www.google.com/maps/search/Raksha%20Hospital%20Bengaluru%20Urban%20Bengaluru,OpenStreetMap Real Spatial Node
Sri Manjunatha Medicals,Bengaluru Urban,N/A,N/A,N/A,N/A (Contact Clinic),General Healthcare & Rehab,N/A,N/A,N/A,"Sri Manjunatha Medicals, Bengaluru Urban, Bengaluru, Karnataka",https://www.google.com/maps/search/Sri%20Manjunatha%20Medicals%20Bengaluru%20Urban%20Bengaluru,OpenStreetMap Real Spatial Node
Keshav Medical & General Store,Bengaluru Urban,N/A,N/A,N/A,N/A (Contact Clinic),General Healthcare & Rehab,N/A,N/A,N/A,"Keshav Medical & General Store, Bengaluru Urban, Bengaluru, Karnataka",https://www.google.com/maps/search/Keshav%20Medical%20%26%20General%20Store%20Bengaluru%20Urban%20Bengaluru,OpenStreetMap Real Spatial Node
West Mead Clinic,Bengaluru Urban,N/A,N/A,N/A,N/A (Contact Clinic),General Healthcare & Rehab,N/A,N/A,N/A,"West Mead Clinic, Bengaluru Urban, Bengaluru, Karnataka",https://www.google.com/maps/search/West%20Mead%20Clinic%20Bengaluru%20Urban%20Bengaluru,OpenStreetMap Real Spatial Node
Aster Clinic,Bengaluru Urban,N/A,N/A,N/A,N/A (Contact Clinic),General Healthcare & Rehab,N/A,N/A,N/A,"Aster Clinic, Bengaluru Urban, Bengaluru, Karnataka",https://www.google.com/maps/search/Aster%20Clinic%20Bengaluru%20Urban%20Bengaluru,OpenStreetMap Real Spatial Node
Dental Centre,Bengaluru Urban,N/A,N/A,N/A,N/A (Contact Clinic),General Healthcare & Rehab,N/A,N/A,N/A,"Dental Centre, Bengaluru Urban, Bengaluru, Karnataka",https://www.google.com/maps/search/Dental%20Centre%20Bengaluru%20Urban%20Bengaluru,OpenStreetMap Real Spatial Node
Sudama Clinic,Bengaluru Urban,N/A,N/A,N/A,N/A (Contact Clinic),General Healthcare & Rehab,N/A,N/A,N/A,"Sudama Clinic, Lakshmisagara Road , Bengaluru 560099",https://www.google.com/maps/search/Sudama%20Clinic%20Bengaluru%20Urban%20Bengaluru,OpenStreetMap Real Spatial Node
Pharma.wellness,Bengaluru Urban,N/A,N/A,N/A,N/A (Contact Clinic),General Healthcare & Rehab,N/A,N/A,N/A,"Pharma.wellness, Bengaluru Urban, Bengaluru, Karnataka",https://www.google.com/maps/search/Pharma.wellness%20Bengaluru%20Urban%20Bengaluru,OpenStreetMap Real Spatial Node
Sri Venkateswara Medicals,Bengaluru Urban,N/A,N/A,N/A,N/A (Contact Clinic),General Healthcare & Rehab,N/A,N/A,N/A,"Sri Venkateswara Medicals, Bengaluru Urban, Bengaluru, Karnataka",https://www.google.com/maps/search/Sri%20Venkateswara%20Medicals%20Bengaluru%20Urban%20Bengaluru,OpenStreetMap Real Spatial Node
Dr C Jagadeesh’s Dental Clinic,Bengaluru Urban,N/A,N/A,N/A,N/A (Contact Clinic),General Healthcare & Rehab,N/A,N/A,N/A,"Dr C Jagadeesh’s Dental Clinic, Bengaluru Urban, Bengaluru, Karnataka",https://www.google.com/maps/search/Dr%20C%20Jagadeesh%E2%80%99s%20Dental%20Clinic%20Bengaluru%20Urban%20Bengaluru,OpenStreetMap Real Spatial Node
Yahvi Dental Clinic,Bengaluru Urban,N/A,N/A,N/A,N/A (Contact Clinic),General Healthcare & Rehab,N/A,N/A,N/A,"Yahvi Dental Clinic, Bengaluru Urban, Bengaluru, Karnataka",https://www.google.com/maps/search/Yahvi%20Dental%20Clinic%20Bengaluru%20Urban%20Bengaluru,OpenStreetMap Real Spatial Node
PR Dental Clinic,Bengaluru Urban,N/A,N/A,N/A,N/A (Contact Clinic),General Healthcare & Rehab,N/A,N/A,N/A,"PR Dental Clinic, Bengaluru Urban, Bengaluru, Karnataka",https://www.google.com/maps/search/PR%20Dental%20Clinic%20Bengaluru%20Urban%20Bengaluru,OpenStreetMap Real Spatial Node
Sai Health Pharma,Bengaluru Urban,N/A,N/A,N/A,N/A (Contact Clinic),General Healthcare & Rehab,N/A,N/A,N/A,"Sai Health Pharma, Bengaluru Urban, Bengaluru, Karnataka",https://www.google.com/maps/search/Sai%20Health%20Pharma%20Bengaluru%20Urban%20Bengaluru,OpenStreetMap Real Spatial Node
ThinkCare Pharma,Bengaluru Urban,N/A,N/A,N/A,N/A (Contact Clinic),General Healthcare & Rehab,N/A,N/A,N/A,"ThinkCare Pharma, Bengaluru Urban, Bengaluru, Karnataka",https://www.google.com/maps/search/ThinkCare%20Pharma%20Bengaluru%20Urban%20Bengaluru,OpenStreetMap Real Spatial Node
Brainwonders - Career Counselling Centre in Bangalore,Bengaluru Urban,N/A,N/A,N/A,N/A (Contact Clinic),General Healthcare & Rehab,N/A,N/A,N/A,"Brainwonders - Career Counselling Centre in Bangalore, Survey No.13, Bannerghatta Rd, opp. Confident Cascade, Gollahalli Bengaluru, Bengaluru 560083",https://www.google.com/maps/search/Brainwonders%20-%20Career%20Counselling%20Centre%20in%20Bangalore%20Bengaluru%20Urban%20Bengaluru,OpenStreetMap Real Spatial Node
Brainwonders Kundalahalli,Bengaluru Urban,N/A,N/A,N/A,N/A (Contact Clinic),General Healthcare & Rehab,N/A,N/A,N/A,"Brainwonders Kundalahalli, Tigalarpalya, Brookefield, Bengaluru, Bengaluru 560037",https://www.google.com/maps/search/Brainwonders%20Kundalahalli%20Bengaluru%20Urban%20Bengaluru,OpenStreetMap Real Spatial Node
Dr. Gayatri Taggarai,Bengaluru Urban,N/A,N/A,N/A,N/A (Contact Clinic),General Healthcare & Rehab,N/A,N/A,N/A,"Dr. Gayatri Taggarai, Bengaluru Urban, Bengaluru, Karnataka",https://www.google.com/maps/search/Dr.%20Gayatri%20Taggarai%20Bengaluru%20Urban%20Bengaluru,OpenStreetMap Real Spatial Node
Suraksha Medicals,Bengaluru Urban,N/A,N/A,N/A,N/A (Contact Clinic),General Healthcare & Rehab,N/A,N/A,N/A,"Suraksha Medicals, Bengaluru Urban, Bengaluru, Karnataka",https://www.google.com/maps/search/Suraksha%20Medicals%20Bengaluru%20Urban%20Bengaluru,OpenStreetMap Real Spatial Node
Hiremath Hospital,Bengaluru Urban,N/A,N/A,N/A,N/A (Contact Clinic),General Healthcare & Rehab,N/A,N/A,N/A,"Hiremath Hospital, Bengaluru Urban, Bengaluru, Karnataka",https://www.google.com/maps/search/Hiremath%20Hospital%20Bengaluru%20Urban%20Bengaluru,OpenStreetMap Real Spatial Node
Sri Ranga Medicals,Bengaluru Urban,N/A,N/A,N/A,N/A (Contact Clinic),General Healthcare & Rehab,N/A,N/A,N/A,"Sri Ranga Medicals, Bengaluru Urban, Bengaluru, Karnataka",https://www.google.com/maps/search/Sri%20Ranga%20Medicals%20Bengaluru%20Urban%20Bengaluru,OpenStreetMap Real Spatial Node
Plaza Dental Care,Bengaluru Urban,N/A,N/A,N/A,N/A (Contact Clinic),General Healthcare & Rehab,N/A,N/A,N/A,"Plaza Dental Care, Bengaluru Urban, Bengaluru, Karnataka",https://www.google.com/maps/search/Plaza%20Dental%20Care%20Bengaluru%20Urban%20Bengaluru,OpenStreetMap Real Spatial Node
Baptist Express Healthcare,Bengaluru Urban,N/A,N/A,N/A,N/A (Contact Clinic),General Healthcare & Rehab,N/A,N/A,N/A,"Baptist Express Healthcare, Bengaluru Urban, Bengaluru, Karnataka",https://www.google.com/maps/search/Baptist%20Express%20Healthcare%20Bengaluru%20Urban%20Bengaluru,OpenStreetMap Real Spatial Node
Janasuraksha Medicals,Bengaluru Urban,N/A,N/A,N/A,N/A (Contact Clinic),General Healthcare & Rehab,N/A,N/A,N/A,"Janasuraksha Medicals, Bengaluru Urban, Bengaluru, Karnataka",https://www.google.com/maps/search/Janasuraksha%20Medicals%20Bengaluru%20Urban%20Bengaluru,OpenStreetMap Real Spatial Node
Kesari Medicals,Bengaluru Urban,N/A,N/A,N/A,N/A (Contact Clinic),General Healthcare & Rehab,N/A,N/A,N/A,"Kesari Medicals, Bengaluru Urban, Bengaluru, Karnataka",https://www.google.com/maps/search/Kesari%20Medicals%20Bengaluru%20Urban%20Bengaluru,OpenStreetMap Real Spatial Node
Gawai Hospital,Bengaluru Urban,N/A,N/A,N/A,N/A (Contact Clinic),General Healthcare & Rehab,N/A,N/A,N/A,"Gawai Hospital, Bengaluru Urban, Bengaluru, Karnataka",https://www.google.com/maps/search/Gawai%20Hospital%20Bengaluru%20Urban%20Bengaluru,OpenStreetMap Real Spatial Node
Popular Medicals,Bengaluru Urban,N/A,N/A,N/A,N/A (Contact Clinic),General Healthcare & Rehab,N/A,N/A,N/A,"Popular Medicals, Bengaluru Urban, Bengaluru, Karnataka",https://www.google.com/maps/search/Popular%20Medicals%20Bengaluru%20Urban%20Bengaluru,OpenStreetMap Real Spatial Node
Arka Dental Clinic,Bengaluru Urban,N/A,N/A,N/A,N/A (Contact Clinic),General Healthcare & Rehab,N/A,N/A,N/A,"Arka Dental Clinic, Bengaluru Urban, Bengaluru, Karnataka",https://www.google.com/maps/search/Arka%20Dental%20Clinic%20Bengaluru%20Urban%20Bengaluru,OpenStreetMap Real Spatial Node
Dr Vidya's Medispa,Bengaluru Urban,N/A,N/A,N/A,N/A (Contact Clinic),General Healthcare & Rehab,N/A,N/A,N/A,"Dr Vidya's Medispa, Bengaluru Urban, Bengaluru, Karnataka",https://www.google.com/maps/search/Dr%20Vidya%27s%20Medispa%20Bengaluru%20Urban%20Bengaluru,OpenStreetMap Real Spatial Node
7th Main Pharma,Bengaluru Urban,N/A,N/A,N/A,N/A (Contact Clinic),General Healthcare & Rehab,N/A,N/A,N/A,"7th Main Pharma, Bengaluru Urban, Bengaluru, Karnataka",https://www.google.com/maps/search/7th%20Main%20Pharma%20Bengaluru%20Urban%20Bengaluru,OpenStreetMap Real Spatial Node
Dhanvanthri Dental Clinic,Bengaluru Urban,N/A,N/A,N/A,N/A (Contact Clinic),General Healthcare & Rehab,N/A,N/A,N/A,"Dhanvanthri Dental Clinic, Bengaluru Urban, Bengaluru, Karnataka",https://www.google.com/maps/search/Dhanvanthri%20Dental%20Clinic%20Bengaluru%20Urban%20Bengaluru,OpenStreetMap Real Spatial Node
Dhanavantri Dental Clinic,Bengaluru Urban,N/A,N/A,N/A,N/A (Contact Clinic),General Healthcare & Rehab,N/A,N/A,N/A,"Dhanavantri Dental Clinic, Bengaluru Urban, Bengaluru, Karnataka",https://www.google.com/maps/search/Dhanavantri%20Dental%20Clinic%20Bengaluru%20Urban%20Bengaluru,OpenStreetMap Real Spatial Node
Tara Healthcare,Bengaluru Urban,N/A,N/A,N/A,N/A (Contact Clinic),General Healthcare & Rehab,N/A,N/A,N/A,"Tara Healthcare, Bengaluru Urban, Bengaluru, Karnataka",https://www.google.com/maps/search/Tara%20Healthcare%20Bengaluru%20Urban%20Bengaluru,OpenStreetMap Real Spatial Node
Dr. Agarwal's Eye Hospital,Bengaluru Urban,N/A,N/A,N/A,N/A (Contact Clinic),General Healthcare & Rehab,N/A,N/A,N/A,"Dr. Agarwal's Eye Hospital, Bengaluru Urban, Bengaluru, Karnataka",https://www.google.com/maps/search/Dr.%20Agarwal%27s%20Eye%20Hospital%20Bengaluru%20Urban%20Bengaluru,OpenStreetMap Real Spatial Node
Shree Medical and General Stores,Bengaluru Urban,N/A,N/A,N/A,N/A (Contact Clinic),General Healthcare & Rehab,N/A,N/A,N/A,"Shree Medical and General Stores, Bengaluru Urban, Bengaluru, Karnataka",https://www.google.com/maps/search/Shree%20Medical%20and%20General%20Stores%20Bengaluru%20Urban%20Bengaluru,OpenStreetMap Real Spatial Node
Da Lives's Clinic,Bengaluru Urban,N/A,N/A,N/A,N/A (Contact Clinic),General Healthcare & Rehab,N/A,N/A,N/A,"Da Lives's Clinic, 3rd Main Rd, Kirloskar Layout, Siddeshwar Layout, Soundarya Layout,Sidedahalli , Bengaluru 560073",https://www.google.com/maps/search/Da%20Lives%27s%20Clinic%20Bengaluru%20Urban%20Bengaluru,OpenStreetMap Real Spatial Node
Dental Cures Clinic,Bengaluru Urban,N/A,N/A,N/A,N/A (Contact Clinic),General Healthcare & Rehab,N/A,N/A,N/A,"Dental Cures Clinic, 80 Feet Road, New Bel Rd, near MSR Hospital Road, Ashwath Nagar, R.M.V. 2nd Stage , Bengaluru 560094",https://www.google.com/maps/search/Dental%20Cures%20Clinic%20Bengaluru%20Urban%20Bengaluru,OpenStreetMap Real Spatial Node
Sangeevini Clinic,Bengaluru Urban,N/A,N/A,N/A,N/A (Contact Clinic),General Healthcare & Rehab,N/A,N/A,N/A,"Sangeevini Clinic, Hosaraghatta Main road, Nagasandra Post , Bengaluru 560073",https://www.google.com/maps/search/Sangeevini%20Clinic%20Bengaluru%20Urban%20Bengaluru,OpenStreetMap Real Spatial Node
Best Hospital,Bengaluru Urban,N/A,N/A,N/A,N/A (Contact Clinic),General Healthcare & Rehab,N/A,N/A,N/A,"Best Hospital, Bengaluru Urban, Bengaluru, Karnataka",https://www.google.com/maps/search/Best%20Hospital%20Bengaluru%20Urban%20Bengaluru,OpenStreetMap Real Spatial Node
Sri Manikanta Medicals,Bengaluru Urban,N/A,N/A,N/A,N/A (Contact Clinic),General Healthcare & Rehab,N/A,N/A,N/A,"Sri Manikanta Medicals, Bengaluru Urban, Bengaluru, Karnataka",https://www.google.com/maps/search/Sri%20Manikanta%20Medicals%20Bengaluru%20Urban%20Bengaluru,OpenStreetMap Real Spatial Node
Ramadev Medical,Bengaluru Urban,N/A,N/A,N/A,N/A (Contact Clinic),General Healthcare & Rehab,N/A,N/A,N/A,"Ramadev Medical, Bengaluru Urban, Bengaluru, Karnataka",https://www.google.com/maps/search/Ramadev%20Medical%20Bengaluru%20Urban%20Bengaluru,OpenStreetMap Real Spatial Node
Suraksha Hospitsls,Bengaluru Urban,N/A,N/A,N/A,N/A (Contact Clinic),General Healthcare & Rehab,N/A,N/A,N/A,"Suraksha Hospitsls, Bengaluru Urban, Bengaluru, Karnataka",https://www.google.com/maps/search/Suraksha%20Hospitsls%20Bengaluru%20Urban%20Bengaluru,OpenStreetMap Real Spatial Node
Akshay Medicals,Bengaluru Urban,N/A,N/A,N/A,N/A (Contact Clinic),General Healthcare & Rehab,N/A,N/A,N/A,"Akshay Medicals, Bengaluru Urban, Bengaluru, Karnataka",https://www.google.com/maps/search/Akshay%20Medicals%20Bengaluru%20Urban%20Bengaluru,OpenStreetMap Real Spatial Node
Pradhan Mantri Bhartiya Jan Aushadhi Kendra,Bengaluru Urban,N/A,N/A,N/A,N/A (Contact Clinic),General Healthcare & Rehab,N/A,N/A,N/A,"Pradhan Mantri Bhartiya Jan Aushadhi Kendra, Bengaluru Urban, Bengaluru, Karnataka",https://www.google.com/maps/search/Pradhan%20Mantri%20Bhartiya%20Jan%20Aushadhi%20Kendra%20Bengaluru%20Urban%20Bengaluru,OpenStreetMap Real Spatial Node
AnK Senior Citizen Healthcare Home,Bengaluru Urban,N/A,N/A,N/A,N/A (Contact Clinic),General Healthcare & Rehab,N/A,N/A,N/A,"AnK Senior Citizen Healthcare Home, Bengaluru Urban, Bengaluru, Karnataka",https://www.google.com/maps/search/AnK%20Senior%20Citizen%20Healthcare%20Home%20Bengaluru%20Urban%20Bengaluru,OpenStreetMap Real Spatial Node
SLV Mecical,Bengaluru Urban,N/A,N/A,N/A,N/A (Contact Clinic),General Healthcare & Rehab,N/A,N/A,N/A,"SLV Mecical, Bengaluru Urban, Bengaluru, Karnataka",https://www.google.com/maps/search/SLV%20Mecical%20Bengaluru%20Urban%20Bengaluru,OpenStreetMap Real Spatial Node
SR Clinic,Bengaluru Urban,N/A,N/A,N/A,N/A (Contact Clinic),General Healthcare & Rehab,N/A,N/A,N/A,"SR Clinic, Halasahalli Road , Bengaluru",https://www.google.com/maps/search/SR%20Clinic%20Bengaluru%20Urban%20Bengaluru,OpenStreetMap Real Spatial Node
SR Pharma,Bengaluru Urban,N/A,N/A,N/A,N/A (Contact Clinic),General Healthcare & Rehab,N/A,N/A,N/A,"SR Pharma, Halasahalli Road , Bengaluru",https://www.google.com/maps/search/SR%20Pharma%20Bengaluru%20Urban%20Bengaluru,OpenStreetMap Real Spatial Node
Aria,Bengaluru Urban,N/A,N/A,N/A,N/A (Contact Clinic),General Healthcare & Rehab,N/A,N/A,N/A,"Aria, Bengaluru Urban, Bengaluru, Karnataka",https://www.google.com/maps/search/Aria%20Bengaluru%20Urban%20Bengaluru,OpenStreetMap Real Spatial Node
EVA Esthetic & Implant Dental Centre,Bengaluru Urban,N/A,N/A,N/A,N/A (Contact Clinic),General Healthcare & Rehab,N/A,N/A,N/A,"EVA Esthetic & Implant Dental Centre, Nagawara Main Road Bengaluru Urban, Bengaluru 560045",https://www.google.com/maps/search/EVA%20Esthetic%20%26%20Implant%20Dental%20Centre%20Bengaluru%20Urban%20Bengaluru,OpenStreetMap Real Spatial Node
Sigma Diagnostics,Bengaluru Urban,N/A,N/A,N/A,N/A (Contact Clinic),General Healthcare & Rehab,N/A,N/A,N/A,"Sigma Diagnostics, Bengaluru Urban, Bengaluru, Karnataka",https://www.google.com/maps/search/Sigma%20Diagnostics%20Bengaluru%20Urban%20Bengaluru,OpenStreetMap Real Spatial Node
"Shri Mokambika Women's Clinic, Child care and Nethralaya",Bengaluru Urban,N/A,N/A,N/A,N/A (Contact Clinic),General Healthcare & Rehab,N/A,N/A,N/A,"Shri Mokambika Women's Clinic, Child care and Nethralaya, Ullal Main Road , Bengaluru 560056",https://www.google.com/maps/search/Shri%20Mokambika%20Women%27s%20Clinic%2C%20Child%20care%20and%20Nethralaya%20Bengaluru%20Urban%20Bengaluru,OpenStreetMap Real Spatial Node
Suraksha Diagnostic Centre,Bengaluru Urban,N/A,N/A,N/A,N/A (Contact Clinic),General Healthcare & Rehab,N/A,N/A,N/A,"Suraksha Diagnostic Centre, Ullal Main Road , Bengaluru 560056",https://www.google.com/maps/search/Suraksha%20Diagnostic%20Centre%20Bengaluru%20Urban%20Bengaluru,OpenStreetMap Real Spatial Node
Cloud Nine,Bengaluru Urban,N/A,N/A,N/A,N/A (Contact Clinic),General Healthcare & Rehab,N/A,N/A,N/A,"Cloud Nine, Bengaluru Urban, Bengaluru, Karnataka",https://www.google.com/maps/search/Cloud%20Nine%20Bengaluru%20Urban%20Bengaluru,OpenStreetMap Real Spatial Node
Smile Miless,Bengaluru Urban,N/A,N/A,N/A,N/A (Contact Clinic),General Healthcare & Rehab,N/A,N/A,N/A,"Smile Miless, Bengaluru Urban, Bengaluru, Karnataka",https://www.google.com/maps/search/Smile%20Miless%20Bengaluru%20Urban%20Bengaluru,OpenStreetMap Real Spatial Node
Srikanth Medicals,Bengaluru Urban,N/A,N/A,N/A,N/A (Contact Clinic),General Healthcare & Rehab,N/A,N/A,N/A,"Srikanth Medicals, Bengaluru Urban, Bengaluru, Karnataka",https://www.google.com/maps/search/Srikanth%20Medicals%20Bengaluru%20Urban%20Bengaluru,OpenStreetMap Real Spatial Node
Jindal Charitable Hospital,Bengaluru Urban,N/A,N/A,N/A,N/A (Contact Clinic),General Healthcare & Rehab,N/A,N/A,N/A,"Jindal Charitable Hospital, Bengaluru Urban, Bengaluru, Karnataka",https://www.google.com/maps/search/Jindal%20Charitable%20Hospital%20Bengaluru%20Urban%20Bengaluru,OpenStreetMap Real Spatial Node
Sri Balaji Medical and General Store,Bengaluru Urban,N/A,N/A,N/A,N/A (Contact Clinic),General Healthcare & Rehab,N/A,N/A,N/A,"Sri Balaji Medical and General Store, Bengaluru Urban, Bengaluru, Karnataka",https://www.google.com/maps/search/Sri%20Balaji%20Medical%20and%20General%20Store%20Bengaluru%20Urban%20Bengaluru,OpenStreetMap Real Spatial Node
Celera Diagnostics,Bengaluru Urban,N/A,N/A,N/A,N/A (Contact Clinic),General Healthcare & Rehab,N/A,N/A,N/A,"Celera Diagnostics, Bengaluru Urban, Bengaluru, Karnataka",https://www.google.com/maps/search/Celera%20Diagnostics%20Bengaluru%20Urban%20Bengaluru,OpenStreetMap Real Spatial Node
Ashwini Medical And General Store,Bengaluru Urban,N/A,N/A,N/A,N/A (Contact Clinic),General Healthcare & Rehab,N/A,N/A,N/A,"Ashwini Medical And General Store, Bengaluru Urban, Bengaluru, Karnataka",https://www.google.com/maps/search/Ashwini%20Medical%20And%20General%20Store%20Bengaluru%20Urban%20Bengaluru,OpenStreetMap Real Spatial Node
Himalaya Ayurvedic Camp,Bengaluru Urban,N/A,N/A,N/A,N/A (Contact Clinic),General Healthcare & Rehab,N/A,N/A,N/A,"Himalaya Ayurvedic Camp, Bengaluru Urban, Bengaluru, Karnataka",https://www.google.com/maps/search/Himalaya%20Ayurvedic%20Camp%20Bengaluru%20Urban%20Bengaluru,OpenStreetMap Real Spatial Node
Orange Health Labs,Bengaluru Urban,N/A,N/A,N/A,N/A (Contact Clinic),General Healthcare & Rehab,N/A,N/A,N/A,"Orange Health Labs, Bengaluru Urban, Bengaluru, Karnataka",https://www.google.com/maps/search/Orange%20Health%20Labs%20Bengaluru%20Urban%20Bengaluru,OpenStreetMap Real Spatial Node
Pranathi Clinic,Bengaluru Urban,N/A,N/A,N/A,N/A (Contact Clinic),General Healthcare & Rehab,N/A,N/A,N/A,"Pranathi Clinic, Bengaluru Urban, Bengaluru, Karnataka",https://www.google.com/maps/search/Pranathi%20Clinic%20Bengaluru%20Urban%20Bengaluru,OpenStreetMap Real Spatial Node
Sri Jagannatha Medicals & General Stores,Bengaluru Urban,N/A,N/A,N/A,N/A (Contact Clinic),General Healthcare & Rehab,N/A,N/A,N/A,"Sri Jagannatha Medicals & General Stores, Bengaluru Urban, Bengaluru, Karnataka",https://www.google.com/maps/search/Sri%20Jagannatha%20Medicals%20%26%20General%20Stores%20Bengaluru%20Urban%20Bengaluru,OpenStreetMap Real Spatial Node
Pred Labs,Bengaluru Urban,N/A,N/A,N/A,N/A (Contact Clinic),General Healthcare & Rehab,N/A,N/A,N/A,"Pred Labs, Bengaluru Urban, Bengaluru, Karnataka",https://www.google.com/maps/search/Pred%20Labs%20Bengaluru%20Urban%20Bengaluru,OpenStreetMap Real Spatial Node
Niyamh Health,Bengaluru Urban,N/A,N/A,N/A,N/A (Contact Clinic),General Healthcare & Rehab,N/A,N/A,N/A,"Niyamh Health, Bengaluru Urban, Bengaluru, Karnataka",https://www.google.com/maps/search/Niyamh%20Health%20Bengaluru%20Urban%20Bengaluru,OpenStreetMap Real Spatial Node
Smile Stories,Bengaluru Urban,N/A,N/A,N/A,N/A (Contact Clinic),General Healthcare & Rehab,N/A,N/A,N/A,"Smile Stories, Bengaluru Urban, Bengaluru, Karnataka",https://www.google.com/maps/search/Smile%20Stories%20Bengaluru%20Urban%20Bengaluru,OpenStreetMap Real Spatial Node
Siddanth Health Care,Bengaluru Urban,N/A,N/A,N/A,N/A (Contact Clinic),General Healthcare & Rehab,N/A,N/A,N/A,"Siddanth Health Care, Bengaluru Urban, Bengaluru, Karnataka",https://www.google.com/maps/search/Siddanth%20Health%20Care%20Bengaluru%20Urban%20Bengaluru,OpenStreetMap Real Spatial Node
Pranav Ayur Hospital,Bengaluru Urban,N/A,N/A,N/A,N/A (Contact Clinic),General Healthcare & Rehab,N/A,N/A,N/A,"Pranav Ayur Hospital, Bengaluru Urban, Bengaluru, Karnataka",https://www.google.com/maps/search/Pranav%20Ayur%20Hospital%20Bengaluru%20Urban%20Bengaluru,OpenStreetMap Real Spatial Node
Biswas Dental Surgery,Bengaluru Urban,N/A,N/A,N/A,N/A (Contact Clinic),General Healthcare & Rehab,N/A,N/A,N/A,"Biswas Dental Surgery, Ramachandrapura Main Road , Bengaluru",https://www.google.com/maps/search/Biswas%20Dental%20Surgery%20Bengaluru%20Urban%20Bengaluru,OpenStreetMap Real Spatial Node
Sri Sanjeev Pharma,Bengaluru Urban,N/A,N/A,N/A,N/A (Contact Clinic),General Healthcare & Rehab,N/A,N/A,N/A,"Sri Sanjeev Pharma, Bengaluru Urban, Bengaluru, Karnataka",https://www.google.com/maps/search/Sri%20Sanjeev%20Pharma%20Bengaluru%20Urban%20Bengaluru,OpenStreetMap Real Spatial Node
Inner Strength Clinic,Bengaluru Urban,N/A,N/A,N/A,N/A (Contact Clinic),General Healthcare & Rehab,N/A,N/A,N/A,"Inner Strength Clinic, Ramachandrapura Main Road , Bengaluru",https://www.google.com/maps/search/Inner%20Strength%20Clinic%20Bengaluru%20Urban%20Bengaluru,OpenStreetMap Real Spatial Node
Metier,Bengaluru Urban,N/A,N/A,N/A,N/A (Contact Clinic),General Healthcare & Rehab,N/A,N/A,N/A,"Metier, Bengaluru Urban, Bengaluru, Karnataka",https://www.google.com/maps/search/Metier%20Bengaluru%20Urban%20Bengaluru,OpenStreetMap Real Spatial Node
GoodLife Medicines,Bengaluru Urban,N/A,N/A,N/A,N/A (Contact Clinic),General Healthcare & Rehab,N/A,N/A,N/A,"GoodLife Medicines, Bengaluru Urban, Bengaluru, Karnataka",https://www.google.com/maps/search/GoodLife%20Medicines%20Bengaluru%20Urban%20Bengaluru,OpenStreetMap Real Spatial Node
Bangalore Gastro Centre,Bengaluru Urban,N/A,N/A,N/A,N/A (Contact Clinic),General Healthcare & Rehab,N/A,N/A,N/A,"Bangalore Gastro Centre, Bengaluru Urban, Bengaluru, Karnataka",https://www.google.com/maps/search/Bangalore%20Gastro%20Centre%20Bengaluru%20Urban%20Bengaluru,OpenStreetMap Real Spatial Node
Ayurveda Pharmacy,Bengaluru Urban,N/A,N/A,N/A,N/A (Contact Clinic),General Healthcare & Rehab,N/A,N/A,N/A,"Ayurveda Pharmacy, Bengaluru Urban, Bengaluru, Karnataka",https://www.google.com/maps/search/Ayurveda%20Pharmacy%20Bengaluru%20Urban%20Bengaluru,OpenStreetMap Real Spatial Node
Pradhan Mantri Bharatiya Janaushadhi Kendra,Bengaluru Urban,N/A,N/A,N/A,N/A (Contact Clinic),General Healthcare & Rehab,N/A,N/A,N/A,"Pradhan Mantri Bharatiya Janaushadhi Kendra, Bengaluru Urban, Bengaluru, Karnataka",https://www.google.com/maps/search/Pradhan%20Mantri%20Bharatiya%20Janaushadhi%20Kendra%20Bengaluru%20Urban%20Bengaluru,OpenStreetMap Real Spatial Node
Kruthika Eye Hospital,Bengaluru Urban,N/A,N/A,N/A,N/A (Contact Clinic),General Healthcare & Rehab,N/A,N/A,N/A,"Kruthika Eye Hospital, Bengaluru Urban, Bengaluru, Karnataka",https://www.google.com/maps/search/Kruthika%20Eye%20Hospital%20Bengaluru%20Urban%20Bengaluru,OpenStreetMap Real Spatial Node
Bangalore Endocrinology & Diabetes Research Center (BEDRC),Bengaluru Urban,N/A,N/A,N/A,N/A (Contact Clinic),General Healthcare & Rehab,N/A,N/A,N/A,"Bangalore Endocrinology & Diabetes Research Center (BEDRC), 5th Cross Road , Bengaluru 560003",https://www.google.com/maps/search/Bangalore%20Endocrinology%20%26%20Diabetes%20Research%20Center%20%28BEDRC%29%20Bengaluru%20Urban%20Bengaluru,OpenStreetMap Real Spatial Node
Dhanvantri Medicals,Bengaluru Urban,N/A,N/A,N/A,N/A (Contact Clinic),General Healthcare & Rehab,N/A,N/A,N/A,"Dhanvantri Medicals, Bengaluru Urban, Bengaluru, Karnataka",https://www.google.com/maps/search/Dhanvantri%20Medicals%20Bengaluru%20Urban%20Bengaluru,OpenStreetMap Real Spatial Node
Thyrocare,Bengaluru Urban,N/A,N/A,N/A,N/A (Contact Clinic),General Healthcare & Rehab,N/A,N/A,N/A,"Thyrocare, Bengaluru Urban, Bengaluru, Karnataka",https://www.google.com/maps/search/Thyrocare%20Bengaluru%20Urban%20Bengaluru,OpenStreetMap Real Spatial Node
Gamya Vision,Bengaluru Urban,N/A,N/A,N/A,N/A (Contact Clinic),General Healthcare & Rehab,N/A,N/A,N/A,"Gamya Vision, Bengaluru Urban, Bengaluru, Karnataka",https://www.google.com/maps/search/Gamya%20Vision%20Bengaluru%20Urban%20Bengaluru,OpenStreetMap Real Spatial Node
Radiant Dental Care,Bengaluru Urban,N/A,N/A,N/A,N/A (Contact Clinic),General Healthcare & Rehab,N/A,N/A,N/A,"Radiant Dental Care, Bengaluru Urban, Bengaluru, Karnataka",https://www.google.com/maps/search/Radiant%20Dental%20Care%20Bengaluru%20Urban%20Bengaluru,OpenStreetMap Real Spatial Node
Dr Shelly's Dental Care,Bengaluru Urban,N/A,N/A,N/A,N/A (Contact Clinic),General Healthcare & Rehab,N/A,N/A,N/A,"Dr Shelly's Dental Care, Bengaluru Urban, Bengaluru, Karnataka",https://www.google.com/maps/search/Dr%20Shelly%27s%20Dental%20Care%20Bengaluru%20Urban%20Bengaluru,OpenStreetMap Real Spatial Node
The Image,Bengaluru Urban,N/A,N/A,N/A,N/A (Contact Clinic),General Healthcare & Rehab,N/A,N/A,N/A,"The Image, Bengaluru Urban, Bengaluru, Karnataka",https://www.google.com/maps/search/The%20Image%20Bengaluru%20Urban%20Bengaluru,OpenStreetMap Real Spatial Node
Kerala Ayurveda,Bengaluru Urban,N/A,N/A,N/A,N/A (Contact Clinic),General Healthcare & Rehab,N/A,N/A,N/A,"Kerala Ayurveda, Bengaluru Urban, Bengaluru, Karnataka",https://www.google.com/maps/search/Kerala%20Ayurveda%20Bengaluru%20Urban%20Bengaluru,OpenStreetMap Real Spatial Node
D White Feather,Bengaluru Urban,N/A,N/A,N/A,N/A (Contact Clinic),General Healthcare & Rehab,N/A,N/A,N/A,"D White Feather, Bengaluru Urban, Bengaluru, Karnataka",https://www.google.com/maps/search/D%20White%20Feather%20Bengaluru%20Urban%20Bengaluru,OpenStreetMap Real Spatial Node
Smile Zone,Bengaluru Urban,N/A,N/A,N/A,N/A (Contact Clinic),General Healthcare & Rehab,N/A,N/A,N/A,"Smile Zone, Bengaluru Urban, Bengaluru, Karnataka",https://www.google.com/maps/search/Smile%20Zone%20Bengaluru%20Urban%20Bengaluru,OpenStreetMap Real Spatial Node
Mouth Marvels,Bengaluru Urban,N/A,N/A,N/A,N/A (Contact Clinic),General Healthcare & Rehab,N/A,N/A,N/A,"Mouth Marvels, Bengaluru Urban, Bengaluru, Karnataka",https://www.google.com/maps/search/Mouth%20Marvels%20Bengaluru%20Urban%20Bengaluru,OpenStreetMap Real Spatial Node
Mediline Clinical Lab,Bengaluru Urban,N/A,N/A,N/A,N/A (Contact Clinic),General Healthcare & Rehab,N/A,N/A,N/A,"Mediline Clinical Lab, Bengaluru Urban, Bengaluru, Karnataka",https://www.google.com/maps/search/Mediline%20Clinical%20Lab%20Bengaluru%20Urban%20Bengaluru,OpenStreetMap Real Spatial Node
Sree Venkateshwara Hospital,Bengaluru Urban,N/A,N/A,N/A,N/A (Contact Clinic),General Healthcare & Rehab,N/A,N/A,N/A,"Sree Venkateshwara Hospital, Bengaluru Urban, Bengaluru, Karnataka",https://www.google.com/maps/search/Sree%20Venkateshwara%20Hospital%20Bengaluru%20Urban%20Bengaluru,OpenStreetMap Real Spatial Node
Manjunath Clinic,Bengaluru Urban,N/A,N/A,N/A,N/A (Contact Clinic),General Healthcare & Rehab,N/A,N/A,N/A,"Manjunath Clinic, Halasahalli Road , Bengaluru",https://www.google.com/maps/search/Manjunath%20Clinic%20Bengaluru%20Urban%20Bengaluru,OpenStreetMap Real Spatial Node
Sri Sangama Diagnostic and Health Centre,Bengaluru Urban,N/A,N/A,N/A,N/A (Contact Clinic),General Healthcare & Rehab,N/A,N/A,N/A,"Sri Sangama Diagnostic and Health Centre, Bengaluru Urban, Bengaluru, Karnataka",https://www.google.com/maps/search/Sri%20Sangama%20Diagnostic%20and%20Health%20Centre%20Bengaluru%20Urban%20Bengaluru,OpenStreetMap Real Spatial Node
Aishwarya Medical,Bengaluru Urban,N/A,N/A,N/A,N/A (Contact Clinic),General Healthcare & Rehab,N/A,N/A,N/A,"Aishwarya Medical, Bengaluru Urban, Bengaluru, Karnataka",https://www.google.com/maps/search/Aishwarya%20Medical%20Bengaluru%20Urban%20Bengaluru,OpenStreetMap Real Spatial Node
Heart Clinic & Pharmacy,Bengaluru Urban,N/A,N/A,N/A,N/A (Contact Clinic),General Healthcare & Rehab,N/A,N/A,N/A,"Heart Clinic & Pharmacy, Bengaluru Urban, Bengaluru, Karnataka",https://www.google.com/maps/search/Heart%20Clinic%20%26%20Pharmacy%20Bengaluru%20Urban%20Bengaluru,OpenStreetMap Real Spatial Node
Apollo Diagnosis,Bengaluru Urban,N/A,N/A,N/A,N/A (Contact Clinic),General Healthcare & Rehab,N/A,N/A,N/A,"Apollo Diagnosis, Bengaluru Urban, Bengaluru, Karnataka",https://www.google.com/maps/search/Apollo%20Diagnosis%20Bengaluru%20Urban%20Bengaluru,OpenStreetMap Real Spatial Node
Ayampyad,Bengaluru Urban,N/A,N/A,N/A,N/A (Contact Clinic),General Healthcare & Rehab,N/A,N/A,N/A,"Ayampyad, 9th Cross Road , Bengaluru 560078",https://www.google.com/maps/search/Ayampyad%20Bengaluru%20Urban%20Bengaluru,OpenStreetMap Real Spatial Node
Genea,Bengaluru Urban,N/A,N/A,N/A,N/A (Contact Clinic),General Healthcare & Rehab,N/A,N/A,N/A,"Genea, Bengaluru Urban, Bengaluru, Karnataka",https://www.google.com/maps/search/Genea%20Bengaluru%20Urban%20Bengaluru,OpenStreetMap Real Spatial Node
Sri Sai Pharmacy,Bengaluru Urban,N/A,N/A,N/A,N/A (Contact Clinic),General Healthcare & Rehab,N/A,N/A,N/A,"Sri Sai Pharmacy, Bengaluru Urban, Bengaluru, Karnataka",https://www.google.com/maps/search/Sri%20Sai%20Pharmacy%20Bengaluru%20Urban%20Bengaluru,OpenStreetMap Real Spatial Node
SSV Medicals,Bengaluru Urban,N/A,N/A,N/A,N/A (Contact Clinic),General Healthcare & Rehab,N/A,N/A,N/A,"SSV Medicals, Bengaluru Urban, Bengaluru, Karnataka",https://www.google.com/maps/search/SSV%20Medicals%20Bengaluru%20Urban%20Bengaluru,OpenStreetMap Real Spatial Node
A1 Pharma,Bengaluru Urban,N/A,N/A,N/A,N/A (Contact Clinic),General Healthcare & Rehab,N/A,N/A,N/A,"A1 Pharma, Bengaluru Urban, Bengaluru, Karnataka",https://www.google.com/maps/search/A1%20Pharma%20Bengaluru%20Urban%20Bengaluru,OpenStreetMap Real Spatial Node
Kids Dentist,Bengaluru Urban,N/A,N/A,N/A,N/A (Contact Clinic),General Healthcare & Rehab,N/A,N/A,N/A,"Kids Dentist, Bengaluru Urban, Bengaluru, Karnataka",https://www.google.com/maps/search/Kids%20Dentist%20Bengaluru%20Urban%20Bengaluru,OpenStreetMap Real Spatial Node
Proteeth Dental,Bengaluru Urban,N/A,N/A,N/A,N/A (Contact Clinic),General Healthcare & Rehab,N/A,N/A,N/A,"Proteeth Dental, 5th cross, 4th block Bengaluru, Bengaluru 560034",https://www.google.com/maps/search/Proteeth%20Dental%20Bengaluru%20Urban%20Bengaluru,OpenStreetMap Real Spatial Node
Molar Bears,Bengaluru Urban,N/A,N/A,N/A,N/A (Contact Clinic),General Healthcare & Rehab,N/A,N/A,N/A,"Molar Bears, Bengaluru Urban, Bengaluru, Karnataka",https://www.google.com/maps/search/Molar%20Bears%20Bengaluru%20Urban%20Bengaluru,OpenStreetMap Real Spatial Node
Volv,Bengaluru Urban,N/A,N/A,N/A,N/A (Contact Clinic),General Healthcare & Rehab,N/A,N/A,N/A,"Volv, Bengaluru Urban, Bengaluru, Karnataka",https://www.google.com/maps/search/Volv%20Bengaluru%20Urban%20Bengaluru,OpenStreetMap Real Spatial Node
Trilife Hospital,Bengaluru Urban,N/A,N/A,N/A,N/A (Contact Clinic),General Healthcare & Rehab,N/A,N/A,N/A,"Trilife Hospital, Bengaluru Urban, Bengaluru, Karnataka",https://www.google.com/maps/search/Trilife%20Hospital%20Bengaluru%20Urban%20Bengaluru,OpenStreetMap Real Spatial Node
SLV Pharmacy,Bengaluru Urban,N/A,N/A,N/A,N/A (Contact Clinic),General Healthcare & Rehab,N/A,N/A,N/A,"SLV Pharmacy, Bengaluru Urban, Bengaluru, Karnataka",https://www.google.com/maps/search/SLV%20Pharmacy%20Bengaluru%20Urban%20Bengaluru,OpenStreetMap Real Spatial Node
Sri Ram Medical Store,Bengaluru Urban,N/A,N/A,N/A,N/A (Contact Clinic),General Healthcare & Rehab,N/A,N/A,N/A,"Sri Ram Medical Store, 4th Cross Road , Bengaluru 560096",https://www.google.com/maps/search/Sri%20Ram%20Medical%20Store%20Bengaluru%20Urban%20Bengaluru,OpenStreetMap Real Spatial Node
"MS Clinic, Diagnostic & Scan Center",Bengaluru Urban,N/A,N/A,N/A,N/A (Contact Clinic),General Healthcare & Rehab,N/A,N/A,N/A,"MS Clinic, Diagnostic & Scan Center, Bengaluru Urban, Bengaluru, Karnataka",https://www.google.com/maps/search/MS%20Clinic%2C%20Diagnostic%20%26%20Scan%20Center%20Bengaluru%20Urban%20Bengaluru,OpenStreetMap Real Spatial Node
Dr. Rakesh's Dental,Bengaluru Urban,N/A,N/A,N/A,N/A (Contact Clinic),General Healthcare & Rehab,N/A,N/A,N/A,"Dr. Rakesh's Dental, Bengaluru Urban, Bengaluru, Karnataka",https://www.google.com/maps/search/Dr.%20Rakesh%27s%20Dental%20Bengaluru%20Urban%20Bengaluru,OpenStreetMap Real Spatial Node
Homoeo Pharma,Bengaluru Urban,N/A,N/A,N/A,N/A (Contact Clinic),General Healthcare & Rehab,N/A,N/A,N/A,"Homoeo Pharma, Bengaluru Urban, Bengaluru, Karnataka",https://www.google.com/maps/search/Homoeo%20Pharma%20Bengaluru%20Urban%20Bengaluru,OpenStreetMap Real Spatial Node
Big Hospitals,Bengaluru Urban,N/A,N/A,N/A,N/A (Contact Clinic),General Healthcare & Rehab,N/A,N/A,N/A,"Big Hospitals, Bengaluru Urban, Bengaluru, Karnataka",https://www.google.com/maps/search/Big%20Hospitals%20Bengaluru%20Urban%20Bengaluru,OpenStreetMap Real Spatial Node
The Eye Foundation,Bengaluru Urban,N/A,N/A,N/A,N/A (Contact Clinic),General Healthcare & Rehab,N/A,N/A,N/A,"The Eye Foundation, Bengaluru Urban, Bengaluru, Karnataka",https://www.google.com/maps/search/The%20Eye%20Foundation%20Bengaluru%20Urban%20Bengaluru,OpenStreetMap Real Spatial Node
Pavan Diagnosis,Bengaluru Urban,N/A,N/A,N/A,N/A (Contact Clinic),General Healthcare & Rehab,N/A,N/A,N/A,"Pavan Diagnosis, Bengaluru Urban, Bengaluru, Karnataka",https://www.google.com/maps/search/Pavan%20Diagnosis%20Bengaluru%20Urban%20Bengaluru,OpenStreetMap Real Spatial Node
Peak Performance,Bengaluru Urban,N/A,N/A,N/A,N/A (Contact Clinic),General Healthcare & Rehab,N/A,N/A,N/A,"Peak Performance, Bengaluru Urban, Bengaluru, Karnataka",https://www.google.com/maps/search/Peak%20Performance%20Bengaluru%20Urban%20Bengaluru,OpenStreetMap Real Spatial Node
Ojas,Bengaluru Urban,N/A,N/A,N/A,N/A (Contact Clinic),General Healthcare & Rehab,N/A,N/A,N/A,"Ojas, Bengaluru Urban, Bengaluru, Karnataka",https://www.google.com/maps/search/Ojas%20Bengaluru%20Urban%20Bengaluru,OpenStreetMap Real Spatial Node
Health Point,Bengaluru Urban,N/A,N/A,N/A,N/A (Contact Clinic),General Healthcare & Rehab,N/A,N/A,N/A,"Health Point, Bengaluru Urban, Bengaluru, Karnataka",https://www.google.com/maps/search/Health%20Point%20Bengaluru%20Urban%20Bengaluru,OpenStreetMap Real Spatial Node
Teeth Care Dental Clinic,Bengaluru Urban,N/A,N/A,N/A,N/A (Contact Clinic),General Healthcare & Rehab,N/A,N/A,N/A,"Teeth Care Dental Clinic, Bengaluru Urban, Bengaluru, Karnataka",https://www.google.com/maps/search/Teeth%20Care%20Dental%20Clinic%20Bengaluru%20Urban%20Bengaluru,OpenStreetMap Real Spatial Node
Motherhood,Bengaluru Urban,N/A,N/A,N/A,N/A (Contact Clinic),General Healthcare & Rehab,N/A,N/A,N/A,"Motherhood, Bengaluru Urban, Bengaluru, Karnataka",https://www.google.com/maps/search/Motherhood%20Bengaluru%20Urban%20Bengaluru,OpenStreetMap Real Spatial Node
Lotus Advanced Dental Care,Bengaluru Urban,N/A,N/A,N/A,N/A (Contact Clinic),General Healthcare & Rehab,N/A,N/A,N/A,"Lotus Advanced Dental Care, Thanisandra Main Rd, Ashwath Nagar Bengaluru, Bengaluru 560077",https://www.google.com/maps/search/Lotus%20Advanced%20Dental%20Care%20Bengaluru%20Urban%20Bengaluru,OpenStreetMap Real Spatial Node
Cosmo,Bengaluru Urban,N/A,N/A,N/A,N/A (Contact Clinic),General Healthcare & Rehab,N/A,N/A,N/A,"Cosmo, Bengaluru Urban, Bengaluru, Karnataka",https://www.google.com/maps/search/Cosmo%20Bengaluru%20Urban%20Bengaluru,OpenStreetMap Real Spatial Node
NASA Hospitals,Bengaluru Urban,N/A,N/A,N/A,N/A (Contact Clinic),General Healthcare & Rehab,N/A,N/A,N/A,"NASA Hospitals, Bengaluru Urban, Bengaluru, Karnataka",https://www.google.com/maps/search/NASA%20Hospitals%20Bengaluru%20Urban%20Bengaluru,OpenStreetMap Real Spatial Node
DKA Pharmacy,Bengaluru Urban,N/A,N/A,N/A,N/A (Contact Clinic),General Healthcare & Rehab,N/A,N/A,N/A,"DKA Pharmacy, Bengaluru Urban, Bengaluru, Karnataka",https://www.google.com/maps/search/DKA%20Pharmacy%20Bengaluru%20Urban%20Bengaluru,OpenStreetMap Real Spatial Node
Narayana's Ayurveda Center,Bengaluru Urban,N/A,N/A,N/A,N/A (Contact Clinic),General Healthcare & Rehab,N/A,N/A,N/A,"Narayana's Ayurveda Center, Bengaluru Urban, Bengaluru, Karnataka",https://www.google.com/maps/search/Narayana%27s%20Ayurveda%20Center%20Bengaluru%20Urban%20Bengaluru,OpenStreetMap Real Spatial Node
Skinray,Bengaluru Urban,N/A,N/A,N/A,N/A (Contact Clinic),General Healthcare & Rehab,N/A,N/A,N/A,"Skinray, Bengaluru Urban, Bengaluru, Karnataka",https://www.google.com/maps/search/Skinray%20Bengaluru%20Urban%20Bengaluru,OpenStreetMap Real Spatial Node
Ramaiah Ayurveda Clinic,Bengaluru Urban,N/A,N/A,N/A,N/A (Contact Clinic),General Healthcare & Rehab,N/A,N/A,N/A,"Ramaiah Ayurveda Clinic, Bengaluru Urban, Bengaluru, Karnataka",https://www.google.com/maps/search/Ramaiah%20Ayurveda%20Clinic%20Bengaluru%20Urban%20Bengaluru,OpenStreetMap Real Spatial Node
Emerge Dental Studio,Bengaluru Urban,N/A,N/A,N/A,N/A (Contact Clinic),General Healthcare & Rehab,N/A,N/A,N/A,"Emerge Dental Studio, Sai Baba Mandira Road Bengaluru Urban, Bengaluru 560008",https://www.google.com/maps/search/Emerge%20Dental%20Studio%20Bengaluru%20Urban%20Bengaluru,OpenStreetMap Real Spatial Node
Pure Smiles Dental Clinic,Bengaluru Urban,N/A,N/A,N/A,N/A (Contact Clinic),General Healthcare & Rehab,N/A,N/A,N/A,"Pure Smiles Dental Clinic, Bengaluru Urban, Bengaluru, Karnataka",https://www.google.com/maps/search/Pure%20Smiles%20Dental%20Clinic%20Bengaluru%20Urban%20Bengaluru,OpenStreetMap Real Spatial Node
Corner Clinic,Bengaluru Urban,N/A,N/A,N/A,N/A (Contact Clinic),General Healthcare & Rehab,N/A,N/A,N/A,"Corner Clinic, Bengaluru Urban, Bengaluru, Karnataka",https://www.google.com/maps/search/Corner%20Clinic%20Bengaluru%20Urban%20Bengaluru,OpenStreetMap Real Spatial Node
Center For Child Development & Disabilities,Bengaluru Urban,N/A,N/A,N/A,N/A (Contact Clinic),General Healthcare & Rehab,N/A,N/A,N/A,"Center For Child Development & Disabilities, Bengaluru Urban, Bengaluru, Karnataka",https://www.google.com/maps/search/Center%20For%20Child%20Development%20%26%20Disabilities%20Bengaluru%20Urban%20Bengaluru,OpenStreetMap Real Spatial Node
Vignesh Homeo Clinic,Bengaluru Urban,N/A,N/A,N/A,N/A (Contact Clinic),General Healthcare & Rehab,N/A,N/A,N/A,"Vignesh Homeo Clinic, Bengaluru Urban, Bengaluru, Karnataka",https://www.google.com/maps/search/Vignesh%20Homeo%20Clinic%20Bengaluru%20Urban%20Bengaluru,OpenStreetMap Real Spatial Node
Puran Medical And Central Store,Bengaluru Urban,N/A,N/A,N/A,N/A (Contact Clinic),General Healthcare & Rehab,N/A,N/A,N/A,"Puran Medical And Central Store, Bengaluru Urban, Bengaluru, Karnataka",https://www.google.com/maps/search/Puran%20Medical%20And%20Central%20Store%20Bengaluru%20Urban%20Bengaluru,OpenStreetMap Real Spatial Node
Yash Chemist and Druggist,Bengaluru Urban,N/A,N/A,N/A,N/A (Contact Clinic),General Healthcare & Rehab,N/A,N/A,N/A,"Yash Chemist and Druggist, Bengaluru Urban, Bengaluru, Karnataka",https://www.google.com/maps/search/Yash%20Chemist%20and%20Druggist%20Bengaluru%20Urban%20Bengaluru,OpenStreetMap Real Spatial Node
Krishna Pharma,Bengaluru Urban,N/A,N/A,N/A,N/A (Contact Clinic),General Healthcare & Rehab,N/A,N/A,N/A,"Krishna Pharma, Bengaluru Urban, Bengaluru, Karnataka",https://www.google.com/maps/search/Krishna%20Pharma%20Bengaluru%20Urban%20Bengaluru,OpenStreetMap Real Spatial Node
AlignBy Orthodontic & Multi-Speciality Clinic,Bengaluru Urban,N/A,N/A,N/A,N/A (Contact Clinic),Orthopedic & Spine Care,N/A,N/A,N/A,"AlignBy Orthodontic & Multi-Speciality Clinic, 2nd Main Road Bangalore Urban, Bengaluru 560035",https://www.google.com/maps/search/AlignBy%20Orthodontic%20%26%20Multi-Speciality%20Clinic%20Bengaluru%20Urban%20Bengaluru,OpenStreetMap Real Spatial Node
Chiranjeevi Specialist Center,Bengaluru Urban,N/A,N/A,N/A,N/A (Contact Clinic),General Healthcare & Rehab,N/A,N/A,N/A,"Chiranjeevi Specialist Center, Bengaluru Urban, Bengaluru, Karnataka",https://www.google.com/maps/search/Chiranjeevi%20Specialist%20Center%20Bengaluru%20Urban%20Bengaluru,OpenStreetMap Real Spatial Node
Glamhue Aesthetics,Bengaluru Urban,N/A,N/A,N/A,N/A (Contact Clinic),General Healthcare & Rehab,N/A,N/A,N/A,"Glamhue Aesthetics, Bengaluru Urban, Bengaluru, Karnataka",https://www.google.com/maps/search/Glamhue%20Aesthetics%20Bengaluru%20Urban%20Bengaluru,OpenStreetMap Real Spatial Node
Kushal Skin Clinic,Bengaluru Urban,N/A,N/A,N/A,N/A (Contact Clinic),General Healthcare & Rehab,N/A,N/A,N/A,"Kushal Skin Clinic, Bengaluru Urban, Bengaluru, Karnataka",https://www.google.com/maps/search/Kushal%20Skin%20Clinic%20Bengaluru%20Urban%20Bengaluru,OpenStreetMap Real Spatial Node
Drishti Eye Care Centre,Bengaluru Urban,N/A,N/A,N/A,N/A (Contact Clinic),General Healthcare & Rehab,N/A,N/A,N/A,"Drishti Eye Care Centre, Bengaluru Urban, Bengaluru, Karnataka",https://www.google.com/maps/search/Drishti%20Eye%20Care%20Centre%20Bengaluru%20Urban%20Bengaluru,OpenStreetMap Real Spatial Node
Apollo Dental,Bengaluru Urban,N/A,N/A,N/A,N/A (Contact Clinic),General Healthcare & Rehab,N/A,N/A,N/A,"Apollo Dental, Kanakapura Road, Doddakallasandra, Bengaluru , Bengaluru",https://www.google.com/maps/search/Apollo%20Dental%20Bengaluru%20Urban%20Bengaluru,OpenStreetMap Real Spatial Node
Raghav Medicals,Bengaluru Urban,N/A,N/A,N/A,N/A (Contact Clinic),General Healthcare & Rehab,N/A,N/A,N/A,"Raghav Medicals, Bengaluru Urban, Bengaluru, Karnataka",https://www.google.com/maps/search/Raghav%20Medicals%20Bengaluru%20Urban%20Bengaluru,OpenStreetMap Real Spatial Node
Ayur Central,Bengaluru Urban,N/A,N/A,N/A,N/A (Contact Clinic),General Healthcare & Rehab,N/A,N/A,N/A,"Ayur Central, Bengaluru Urban, Bengaluru, Karnataka",https://www.google.com/maps/search/Ayur%20Central%20Bengaluru%20Urban%20Bengaluru,OpenStreetMap Real Spatial Node
Kasper Multi Speciality Clinic,Bengaluru Urban,N/A,N/A,N/A,N/A (Contact Clinic),General Healthcare & Rehab,N/A,N/A,N/A,"Kasper Multi Speciality Clinic, Bengaluru Urban, Bengaluru, Karnataka",https://www.google.com/maps/search/Kasper%20Multi%20Speciality%20Clinic%20Bengaluru%20Urban%20Bengaluru,OpenStreetMap Real Spatial Node
P N Medicals,Bengaluru Urban,N/A,N/A,N/A,N/A (Contact Clinic),General Healthcare & Rehab,N/A,N/A,N/A,"P N Medicals, Bengaluru Urban, Bengaluru, Karnataka",https://www.google.com/maps/search/P%20N%20Medicals%20Bengaluru%20Urban%20Bengaluru,OpenStreetMap Real Spatial Node
Kamath Dental Clinic,Bengaluru Urban,N/A,N/A,N/A,N/A (Contact Clinic),General Healthcare & Rehab,N/A,N/A,N/A,"Kamath Dental Clinic, Bengaluru Urban, Bengaluru, Karnataka",https://www.google.com/maps/search/Kamath%20Dental%20Clinic%20Bengaluru%20Urban%20Bengaluru,OpenStreetMap Real Spatial Node
Salecha Dental Clinic,Bengaluru Urban,N/A,N/A,N/A,N/A (Contact Clinic),General Healthcare & Rehab,N/A,N/A,N/A,"Salecha Dental Clinic, Bengaluru Urban, Bengaluru, Karnataka",https://www.google.com/maps/search/Salecha%20Dental%20Clinic%20Bengaluru%20Urban%20Bengaluru,OpenStreetMap Real Spatial Node
RR Orthopedic And Surgical Center,Bengaluru Urban,N/A,N/A,N/A,N/A (Contact Clinic),Orthopedic & Spine Care,N/A,N/A,N/A,"RR Orthopedic And Surgical Center, Bengaluru Urban, Bengaluru, Karnataka",https://www.google.com/maps/search/RR%20Orthopedic%20And%20Surgical%20Center%20Bengaluru%20Urban%20Bengaluru,OpenStreetMap Real Spatial Node
Sri Venkateshwara Medicals & general store,Bengaluru Urban,N/A,N/A,N/A,N/A (Contact Clinic),General Healthcare & Rehab,N/A,N/A,N/A,"Sri Venkateshwara Medicals & general store, Bengaluru Urban, Bengaluru, Karnataka",https://www.google.com/maps/search/Sri%20Venkateshwara%20Medicals%20%26%20general%20store%20Bengaluru%20Urban%20Bengaluru,OpenStreetMap Real Spatial Node
Trost,Bengaluru Urban,N/A,N/A,N/A,N/A (Contact Clinic),General Healthcare & Rehab,N/A,N/A,N/A,"Trost, Bengaluru Urban, Bengaluru, Karnataka",https://www.google.com/maps/search/Trost%20Bengaluru%20Urban%20Bengaluru,OpenStreetMap Real Spatial Node
Sri Ganesh Clinic - Family physician,Bengaluru Urban,N/A,N/A,N/A,N/A (Contact Clinic),General Healthcare & Rehab,N/A,N/A,N/A,"Sri Ganesh Clinic - Family physician, Bengaluru Urban, Bengaluru, Karnataka",https://www.google.com/maps/search/Sri%20Ganesh%20Clinic%20-%20Family%20physician%20Bengaluru%20Urban%20Bengaluru,OpenStreetMap Real Spatial Node
Health Diagnostic Centre and Day Care,Bengaluru Urban,N/A,N/A,N/A,N/A (Contact Clinic),General Healthcare & Rehab,N/A,N/A,N/A,"Health Diagnostic Centre and Day Care, Bengaluru Urban, Bengaluru, Karnataka",https://www.google.com/maps/search/Health%20Diagnostic%20Centre%20and%20Day%20Care%20Bengaluru%20Urban%20Bengaluru,OpenStreetMap Real Spatial Node
Shishu Care Clinic,Bengaluru Urban,N/A,N/A,N/A,N/A (Contact Clinic),General Healthcare & Rehab,N/A,N/A,N/A,"Shishu Care Clinic, JP Hive complex, Holiday Village Resort Road, Mallasandra, Bangalore , Bengaluru",https://www.google.com/maps/search/Shishu%20Care%20Clinic%20Bengaluru%20Urban%20Bengaluru,OpenStreetMap Real Spatial Node
Lal Path Labs,Bengaluru Urban,N/A,N/A,N/A,N/A (Contact Clinic),General Healthcare & Rehab,N/A,N/A,N/A,"Lal Path Labs, Bengaluru Urban, Bengaluru, Karnataka",https://www.google.com/maps/search/Lal%20Path%20Labs%20Bengaluru%20Urban%20Bengaluru,OpenStreetMap Real Spatial Node
Sartha Health Care,Bengaluru Urban,N/A,N/A,N/A,N/A (Contact Clinic),General Healthcare & Rehab,N/A,N/A,N/A,"Sartha Health Care, Bengaluru Urban, Bengaluru, Karnataka",https://www.google.com/maps/search/Sartha%20Health%20Care%20Bengaluru%20Urban%20Bengaluru,OpenStreetMap Real Spatial Node
Femlife,Bengaluru Urban,N/A,N/A,N/A,N/A (Contact Clinic),General Healthcare & Rehab,N/A,N/A,N/A,"Femlife, Bengaluru Urban, Bengaluru, Karnataka",https://www.google.com/maps/search/Femlife%20Bengaluru%20Urban%20Bengaluru,OpenStreetMap Real Spatial Node
Garbha Gudi,Bengaluru Urban,N/A,N/A,N/A,N/A (Contact Clinic),General Healthcare & Rehab,N/A,N/A,N/A,"Garbha Gudi, Bengaluru Urban, Bengaluru, Karnataka",https://www.google.com/maps/search/Garbha%20Gudi%20Bengaluru%20Urban%20Bengaluru,OpenStreetMap Real Spatial Node
Sri Thirumala Medicals,Bengaluru Urban,N/A,N/A,N/A,N/A (Contact Clinic),General Healthcare & Rehab,N/A,N/A,N/A,"Sri Thirumala Medicals, Bengaluru Urban, Bengaluru, Karnataka",https://www.google.com/maps/search/Sri%20Thirumala%20Medicals%20Bengaluru%20Urban%20Bengaluru,OpenStreetMap Real Spatial Node
Nexa White,Bengaluru Urban,N/A,N/A,N/A,N/A (Contact Clinic),General Healthcare & Rehab,N/A,N/A,N/A,"Nexa White, Bengaluru Urban, Bengaluru, Karnataka",https://www.google.com/maps/search/Nexa%20White%20Bengaluru%20Urban%20Bengaluru,OpenStreetMap Real Spatial Node
Amala Eye Care,Bengaluru Urban,N/A,N/A,N/A,N/A (Contact Clinic),General Healthcare & Rehab,N/A,N/A,N/A,"Amala Eye Care, Bengaluru Urban, Bengaluru, Karnataka",https://www.google.com/maps/search/Amala%20Eye%20Care%20Bengaluru%20Urban%20Bengaluru,OpenStreetMap Real Spatial Node
Uplift,Bengaluru Urban,N/A,N/A,N/A,N/A (Contact Clinic),General Healthcare & Rehab,N/A,N/A,N/A,"Uplift, 7th Main Road , Bengaluru",https://www.google.com/maps/search/Uplift%20Bengaluru%20Urban%20Bengaluru,OpenStreetMap Real Spatial Node
Sri Vinayaka Pharma,Bengaluru Urban,N/A,N/A,N/A,N/A (Contact Clinic),General Healthcare & Rehab,N/A,N/A,N/A,"Sri Vinayaka Pharma, Bengaluru Urban, Bengaluru, Karnataka",https://www.google.com/maps/search/Sri%20Vinayaka%20Pharma%20Bengaluru%20Urban%20Bengaluru,OpenStreetMap Real Spatial Node
S.S. Medicals,Bengaluru Urban,N/A,N/A,N/A,N/A (Contact Clinic),General Healthcare & Rehab,N/A,N/A,N/A,"S.S. Medicals, Bengaluru Urban, Bengaluru, Karnataka",https://www.google.com/maps/search/S.S.%20Medicals%20Bengaluru%20Urban%20Bengaluru,OpenStreetMap Real Spatial Node
The Dentists,Bengaluru Urban,N/A,N/A,N/A,N/A (Contact Clinic),General Healthcare & Rehab,N/A,N/A,N/A,"The Dentists, Bengaluru Urban, Bengaluru, Karnataka",https://www.google.com/maps/search/The%20Dentists%20Bengaluru%20Urban%20Bengaluru,OpenStreetMap Real Spatial Node
White Pearl Dentist,Bengaluru Urban,N/A,N/A,N/A,N/A (Contact Clinic),General Healthcare & Rehab,N/A,N/A,N/A,"White Pearl Dentist, Bengaluru Urban, Bengaluru, Karnataka",https://www.google.com/maps/search/White%20Pearl%20Dentist%20Bengaluru%20Urban%20Bengaluru,OpenStreetMap Real Spatial Node
Sri Lakshmi Venkateswara Medical & General Stores,Bengaluru Urban,N/A,N/A,N/A,N/A (Contact Clinic),General Healthcare & Rehab,N/A,N/A,N/A,"Sri Lakshmi Venkateswara Medical & General Stores, Bengaluru Urban, Bengaluru, Karnataka",https://www.google.com/maps/search/Sri%20Lakshmi%20Venkateswara%20Medical%20%26%20General%20Stores%20Bengaluru%20Urban%20Bengaluru,OpenStreetMap Real Spatial Node
"Healing Hands Clinic - J.P Nagar, Bengaluru",Bengaluru Urban,N/A,N/A,N/A,N/A (Contact Clinic),General Healthcare & Rehab,N/A,N/A,N/A,"Healing Hands Clinic - J.P Nagar, Bengaluru, 15th Cross, 5th Phase Bengaluru Urban, Bengaluru 560078",https://www.google.com/maps/search/Healing%20Hands%20Clinic%20-%20J.P%20Nagar%2C%20Bengaluru%20Bengaluru%20Urban%20Bengaluru,OpenStreetMap Real Spatial Node
"Healing Hands Clinic - Sahakar Nagar, Bengaluru",Bengaluru Urban,N/A,N/A,N/A,N/A (Contact Clinic),General Healthcare & Rehab,N/A,N/A,N/A,"Healing Hands Clinic - Sahakar Nagar, Bengaluru,  Bengaluru Urban, Bengaluru 560092",https://www.google.com/maps/search/Healing%20Hands%20Clinic%20-%20Sahakar%20Nagar%2C%20Bengaluru%20Bengaluru%20Urban%20Bengaluru,OpenStreetMap Real Spatial Node
Shiva Krupa,Bengaluru Urban,N/A,N/A,N/A,N/A (Contact Clinic),General Healthcare & Rehab,N/A,N/A,N/A,"Shiva Krupa, Bengaluru Urban, Bengaluru, Karnataka",https://www.google.com/maps/search/Shiva%20Krupa%20Bengaluru%20Urban%20Bengaluru,OpenStreetMap Real Spatial Node
Sri Aruna Pharma,Bengaluru Urban,N/A,N/A,N/A,N/A (Contact Clinic),General Healthcare & Rehab,N/A,N/A,N/A,"Sri Aruna Pharma, Bengaluru Urban, Bengaluru, Karnataka",https://www.google.com/maps/search/Sri%20Aruna%20Pharma%20Bengaluru%20Urban%20Bengaluru,OpenStreetMap Real Spatial Node
Patel Medicals,Bengaluru Urban,N/A,N/A,N/A,N/A (Contact Clinic),General Healthcare & Rehab,N/A,N/A,N/A,"Patel Medicals, Bengaluru Urban, Bengaluru, Karnataka",https://www.google.com/maps/search/Patel%20Medicals%20Bengaluru%20Urban%20Bengaluru,OpenStreetMap Real Spatial Node
Aditya Medicals,Bengaluru Urban,N/A,N/A,N/A,N/A (Contact Clinic),General Healthcare & Rehab,N/A,N/A,N/A,"Aditya Medicals, Bengaluru Urban, Bengaluru, Karnataka",https://www.google.com/maps/search/Aditya%20Medicals%20Bengaluru%20Urban%20Bengaluru,OpenStreetMap Real Spatial Node
Hahneman Homeo Consortium,Bengaluru Urban,N/A,N/A,N/A,N/A (Contact Clinic),General Healthcare & Rehab,N/A,N/A,N/A,"Hahneman Homeo Consortium, Bengaluru Urban, Bengaluru, Karnataka",https://www.google.com/maps/search/Hahneman%20Homeo%20Consortium%20Bengaluru%20Urban%20Bengaluru,OpenStreetMap Real Spatial Node
Dr Ali's DentaCare,Bengaluru Urban,N/A,N/A,N/A,N/A (Contact Clinic),General Healthcare & Rehab,N/A,N/A,N/A,"Dr Ali's DentaCare, 19, Chinnaswamy Mudaliar Rd, Swamy Shivanandapuram, Shivaji Nagar BENGALURU URBAN, Bengaluru 560051",https://www.google.com/maps/search/Dr%20Ali%27s%20DentaCare%20Bengaluru%20Urban%20Bengaluru,OpenStreetMap Real Spatial Node
Portea Heal At Home,Bengaluru Urban,N/A,N/A,N/A,N/A (Contact Clinic),General Healthcare & Rehab,N/A,N/A,N/A,"Portea Heal At Home, Bengaluru Urban, Bengaluru, Karnataka",https://www.google.com/maps/search/Portea%20Heal%20At%20Home%20Bengaluru%20Urban%20Bengaluru,OpenStreetMap Real Spatial Node
Laser Dental Health Center,Bengaluru Urban,N/A,N/A,N/A,N/A (Contact Clinic),General Healthcare & Rehab,N/A,N/A,N/A,"Laser Dental Health Center, Bengaluru Urban, Bengaluru, Karnataka",https://www.google.com/maps/search/Laser%20Dental%20Health%20Center%20Bengaluru%20Urban%20Bengaluru,OpenStreetMap Real Spatial Node
Pavis Lab,Bengaluru Urban,N/A,N/A,N/A,N/A (Contact Clinic),General Healthcare & Rehab,N/A,N/A,N/A,"Pavis Lab, Bengaluru Urban, Bengaluru, Karnataka",https://www.google.com/maps/search/Pavis%20Lab%20Bengaluru%20Urban%20Bengaluru,OpenStreetMap Real Spatial Node
Apollo Cradle & Children's Hospital,Bengaluru Urban,N/A,N/A,N/A,N/A (Contact Clinic),General Healthcare & Rehab,N/A,N/A,N/A,"Apollo Cradle & Children's Hospital, Bengaluru Urban, Bengaluru, Karnataka",https://www.google.com/maps/search/Apollo%20Cradle%20%26%20Children%27s%20Hospital%20Bengaluru%20Urban%20Bengaluru,OpenStreetMap Real Spatial Node
ENTRUST ENT Clinic,Bengaluru Urban,N/A,N/A,N/A,N/A (Contact Clinic),General Healthcare & Rehab,N/A,N/A,N/A,"ENTRUST ENT Clinic, 12th Main Road , Bengaluru",https://www.google.com/maps/search/ENTRUST%20ENT%20Clinic%20Bengaluru%20Urban%20Bengaluru,OpenStreetMap Real Spatial Node
Praveen Medicals,Bengaluru Urban,N/A,N/A,N/A,N/A (Contact Clinic),General Healthcare & Rehab,N/A,N/A,N/A,"Praveen Medicals, Bengaluru Urban, Bengaluru, Karnataka",https://www.google.com/maps/search/Praveen%20Medicals%20Bengaluru%20Urban%20Bengaluru,OpenStreetMap Real Spatial Node
Sumeru Homeopathic Clinic,Bengaluru Urban,N/A,N/A,N/A,N/A (Contact Clinic),General Healthcare & Rehab,N/A,N/A,N/A,"Sumeru Homeopathic Clinic, Bengaluru Urban, Bengaluru, Karnataka",https://www.google.com/maps/search/Sumeru%20Homeopathic%20Clinic%20Bengaluru%20Urban%20Bengaluru,OpenStreetMap Real Spatial Node
Aparna Diagnostic Centre,Bengaluru Urban,N/A,N/A,N/A,N/A (Contact Clinic),General Healthcare & Rehab,N/A,N/A,N/A,"Aparna Diagnostic Centre, Bengaluru Urban, Bengaluru, Karnataka",https://www.google.com/maps/search/Aparna%20Diagnostic%20Centre%20Bengaluru%20Urban%20Bengaluru,OpenStreetMap Real Spatial Node
The Insole Co,Bengaluru Urban,N/A,N/A,N/A,N/A (Contact Clinic),General Healthcare & Rehab,N/A,N/A,N/A,"The Insole Co, Padukone Dravid Centre for Sports Excellence Bengaluru Urban, Bengaluru 562157",https://www.google.com/maps/search/The%20Insole%20Co%20Bengaluru%20Urban%20Bengaluru,OpenStreetMap Real Spatial Node
SUGASRI EYE CLINIC,Bengaluru Urban,N/A,N/A,N/A,N/A (Contact Clinic),General Healthcare & Rehab,N/A,N/A,N/A,"SUGASRI EYE CLINIC, Sadhana, 7th Main Road, opposite Base PU College, Basaveshwar Nagar , Bengaluru 560079",https://www.google.com/maps/search/SUGASRI%20EYE%20CLINIC%20Bengaluru%20Urban%20Bengaluru,OpenStreetMap Real Spatial Node
Vtiara Hair & Skin Clinic,Bengaluru Urban,N/A,N/A,N/A,N/A (Contact Clinic),General Healthcare & Rehab,N/A,N/A,N/A,"Vtiara Hair & Skin Clinic, New BEL Road , Bengaluru 560094",https://www.google.com/maps/search/Vtiara%20Hair%20%26%20Skin%20Clinic%20Bengaluru%20Urban%20Bengaluru,OpenStreetMap Real Spatial Node
Dr. Amrika's Aesthetics,Bengaluru Urban,N/A,N/A,N/A,N/A (Contact Clinic),General Healthcare & Rehab,N/A,N/A,N/A,"Dr. Amrika's Aesthetics, Bengaluru Urban, Bengaluru, Karnataka",https://www.google.com/maps/search/Dr.%20Amrika%27s%20Aesthetics%20Bengaluru%20Urban%20Bengaluru,OpenStreetMap Real Spatial Node
Jyothi Eye Care Center,Bengaluru Urban,N/A,N/A,N/A,N/A (Contact Clinic),General Healthcare & Rehab,N/A,N/A,N/A,"Jyothi Eye Care Center, Bengaluru Urban, Bengaluru, Karnataka",https://www.google.com/maps/search/Jyothi%20Eye%20Care%20Center%20Bengaluru%20Urban%20Bengaluru,OpenStreetMap Real Spatial Node
Pragathi Medical Store,Bengaluru Urban,N/A,N/A,N/A,N/A (Contact Clinic),General Healthcare & Rehab,N/A,N/A,N/A,"Pragathi Medical Store, Bengaluru Urban, Bengaluru, Karnataka",https://www.google.com/maps/search/Pragathi%20Medical%20Store%20Bengaluru%20Urban%20Bengaluru,OpenStreetMap Real Spatial Node
Sri Lakshmi Clinic,Bengaluru Urban,N/A,N/A,N/A,N/A (Contact Clinic),General Healthcare & Rehab,N/A,N/A,N/A,"Sri Lakshmi Clinic, Bengaluru Urban, Bengaluru, Karnataka",https://www.google.com/maps/search/Sri%20Lakshmi%20Clinic%20Bengaluru%20Urban%20Bengaluru,OpenStreetMap Real Spatial Node
Aster RV Hospital,Bengaluru Urban,N/A,N/A,N/A,N/A (Contact Clinic),General Healthcare & Rehab,N/A,N/A,N/A,"Aster RV Hospital, 24th Main Road, 1st Phase, J P Nagar , Bengaluru 560078",https://www.google.com/maps/search/Aster%20RV%20Hospital%20Bengaluru%20Urban%20Bengaluru,OpenStreetMap Real Spatial Node
Chinmaya Mission Hospital,Bengaluru Urban,N/A,N/A,N/A,N/A (Contact Clinic),General Healthcare & Rehab,N/A,N/A,N/A,"Chinmaya Mission Hospital, Bengaluru Urban, Bengaluru, Karnataka",https://www.google.com/maps/search/Chinmaya%20Mission%20Hospital%20Bengaluru%20Urban%20Bengaluru,OpenStreetMap Real Spatial Node
Bangalore Medical College Hospitals,Bengaluru Urban,N/A,N/A,N/A,N/A (Contact Clinic),General Healthcare & Rehab,N/A,N/A,N/A,"Bangalore Medical College Hospitals, Bengaluru Urban, Bengaluru, Karnataka",https://www.google.com/maps/search/Bangalore%20Medical%20College%20Hospitals%20Bengaluru%20Urban%20Bengaluru,OpenStreetMap Real Spatial Node
K C General Hospital,Bengaluru Urban,N/A,N/A,N/A,N/A (Contact Clinic),General Healthcare & Rehab,N/A,N/A,N/A,"K C General Hospital,  Bengaluru Urban, Bengaluru 560003",https://www.google.com/maps/search/K%20C%20General%20Hospital%20Bengaluru%20Urban%20Bengaluru,OpenStreetMap Real Spatial Node
St Marthas Hospital,Bengaluru Urban,N/A,N/A,N/A,N/A (Contact Clinic),General Healthcare & Rehab,N/A,N/A,N/A,"St Marthas Hospital,  Bengaluru Urban, Bengaluru 560001",https://www.google.com/maps/search/St%20Marthas%20Hospital%20Bengaluru%20Urban%20Bengaluru,OpenStreetMap Real Spatial Node
Vydehi Superspeciality Hospital,Bengaluru Urban,N/A,N/A,N/A,N/A (Contact Clinic),General Healthcare & Rehab,N/A,N/A,N/A,"Vydehi Superspeciality Hospital, Vittal Mallya Road Bengaluru Urban, Bengaluru 560001",https://www.google.com/maps/search/Vydehi%20Superspeciality%20Hospital%20Bengaluru%20Urban%20Bengaluru,OpenStreetMap Real Spatial Node
Hospital Complex,Bengaluru Urban,N/A,N/A,N/A,N/A (Contact Clinic),General Healthcare & Rehab,N/A,N/A,N/A,"Hospital Complex, Bengaluru Urban, Bengaluru, Karnataka",https://www.google.com/maps/search/Hospital%20Complex%20Bengaluru%20Urban%20Bengaluru,OpenStreetMap Real Spatial Node
Sri Jayadeva Institute Of Cardiology,Bengaluru Urban,N/A,N/A,N/A,N/A (Contact Clinic),General Healthcare & Rehab,N/A,N/A,N/A,"Sri Jayadeva Institute Of Cardiology, Bannerghatta Road Bengaluru Urban, Bengaluru 560041",https://www.google.com/maps/search/Sri%20Jayadeva%20Institute%20Of%20Cardiology%20Bengaluru%20Urban%20Bengaluru,OpenStreetMap Real Spatial Node
"Fortis Hospitals, Bannerghatta Road",Bengaluru Urban,N/A,N/A,N/A,N/A (Contact Clinic),General Healthcare & Rehab,N/A,N/A,N/A,"Fortis Hospitals, Bannerghatta Road,  Bengaluru Urban, Bengaluru 560076",https://www.google.com/maps/search/Fortis%20Hospitals%2C%20Bannerghatta%20Road%20Bengaluru%20Urban%20Bengaluru,OpenStreetMap Real Spatial Node
Bhagwan Mahaveer Jain Hospital,Bengaluru Urban,N/A,N/A,N/A,N/A (Contact Clinic),General Healthcare & Rehab,N/A,N/A,N/A,"Bhagwan Mahaveer Jain Hospital, Bengaluru Urban, Bengaluru, Karnataka",https://www.google.com/maps/search/Bhagwan%20Mahaveer%20Jain%20Hospital%20Bengaluru%20Urban%20Bengaluru,OpenStreetMap Real Spatial Node
Bowring and Lady Curzon Hospitals,Bengaluru Urban,N/A,N/A,N/A,N/A (Contact Clinic),General Healthcare & Rehab,N/A,N/A,N/A,"Bowring and Lady Curzon Hospitals, Lady Curzon Road Bengaluru Urban, Bengaluru 560001",https://www.google.com/maps/search/Bowring%20and%20Lady%20Curzon%20Hospitals%20Bengaluru%20Urban%20Bengaluru,OpenStreetMap Real Spatial Node
Sir Haji Ismail Gosha Sait Hospital,Bengaluru Urban,N/A,N/A,N/A,N/A (Contact Clinic),General Healthcare & Rehab,N/A,N/A,N/A,"Sir Haji Ismail Gosha Sait Hospital, Venkataswamy Naidu Road , Bengaluru",https://www.google.com/maps/search/Sir%20Haji%20Ismail%20Gosha%20Sait%20Hospital%20Bengaluru%20Urban%20Bengaluru,OpenStreetMap Real Spatial Node
Government Veterinary Hospital,Bengaluru Urban,N/A,N/A,N/A,N/A (Contact Clinic),General Healthcare & Rehab,N/A,N/A,N/A,"Government Veterinary Hospital, Bengaluru Urban, Bengaluru, Karnataka",https://www.google.com/maps/search/Government%20Veterinary%20Hospital%20Bengaluru%20Urban%20Bengaluru,OpenStreetMap Real Spatial Node
Divisional Railway Hospital,Bengaluru Urban,N/A,N/A,N/A,N/A (Contact Clinic),General Healthcare & Rehab,N/A,N/A,N/A,"Divisional Railway Hospital, Bengaluru Urban, Bengaluru, Karnataka",https://www.google.com/maps/search/Divisional%20Railway%20Hospital%20Bengaluru%20Urban%20Bengaluru,OpenStreetMap Real Spatial Node
Baptist Hospital,Bengaluru Urban,N/A,N/A,N/A,N/A (Contact Clinic),General Healthcare & Rehab,N/A,N/A,N/A,"Baptist Hospital, Bellary Road Bengaluru Urban, Bengaluru 560024",https://www.google.com/maps/search/Baptist%20Hospital%20Bengaluru%20Urban%20Bengaluru,OpenStreetMap Real Spatial Node
Railways Hospital,Bengaluru Urban,N/A,N/A,N/A,N/A (Contact Clinic),General Healthcare & Rehab,N/A,N/A,N/A,"Railways Hospital,  Bengaluru Urban, Bengaluru 560064",https://www.google.com/maps/search/Railways%20Hospital%20Bengaluru%20Urban%20Bengaluru,OpenStreetMap Real Spatial Node
KK Hospital,Bengaluru Urban,N/A,N/A,N/A,N/A (Contact Clinic),General Healthcare & Rehab,N/A,N/A,N/A,"KK Hospital,  Bengaluru Urban, Bengaluru 560064",https://www.google.com/maps/search/KK%20Hospital%20Bengaluru%20Urban%20Bengaluru,OpenStreetMap Real Spatial Node
ESI Dispensary,Bengaluru Urban,N/A,N/A,N/A,N/A (Contact Clinic),General Healthcare & Rehab,N/A,N/A,N/A,"ESI Dispensary, Graphite India Road , Bengaluru",https://www.google.com/maps/search/ESI%20Dispensary%20Bengaluru%20Urban%20Bengaluru,OpenStreetMap Real Spatial Node
Karunashraya,Bengaluru Urban,N/A,N/A,N/A,N/A (Contact Clinic),General Healthcare & Rehab,N/A,N/A,N/A,"Karunashraya, Bengaluru Urban, Bengaluru, Karnataka",https://www.google.com/maps/search/Karunashraya%20Bengaluru%20Urban%20Bengaluru,OpenStreetMap Real Spatial Node
Sri Sathya Sai Institute of Higher Medical Sciences,Bengaluru Urban,N/A,N/A,N/A,N/A (Contact Clinic),General Healthcare & Rehab,N/A,N/A,N/A,"Sri Sathya Sai Institute of Higher Medical Sciences, Bengaluru Urban, Bengaluru, Karnataka",https://www.google.com/maps/search/Sri%20Sathya%20Sai%20Institute%20of%20Higher%20Medical%20Sciences%20Bengaluru%20Urban%20Bengaluru,OpenStreetMap Real Spatial Node
Nama Clinic,Bengaluru Urban,N/A,N/A,N/A,N/A (Contact Clinic),General Healthcare & Rehab,N/A,N/A,N/A,"Nama Clinic, Hombegowda Boys High School Skating Ground, Wilson Garden,Hombegowda Nagar Bengaluru Urban, Bengaluru 560027",https://www.google.com/maps/search/Nama%20Clinic%20Bengaluru%20Urban%20Bengaluru,OpenStreetMap Real Spatial Node
Manipal Speciality Hospital,Bengaluru Urban,N/A,N/A,N/A,N/A (Contact Clinic),General Healthcare & Rehab,N/A,N/A,N/A,"Manipal Speciality Hospital, Bengaluru Urban, Bengaluru, Karnataka",https://www.google.com/maps/search/Manipal%20Speciality%20Hospital%20Bengaluru%20Urban%20Bengaluru,OpenStreetMap Real Spatial Node
"Manipal Hospital, Bengaluru Urban",Bengaluru Urban,N/A,N/A,N/A,N/A (Contact Clinic),General Healthcare & Rehab,N/A,N/A,N/A,"Manipal Hospital, Bengaluru Urban,  Bengaluru Urban, Bengaluru 560017",https://www.google.com/maps/search/Manipal%20Hospital%2C%20Bengaluru%20Urban%20Bengaluru%20Urban%20Bengaluru,OpenStreetMap Real Spatial Node
Rajalakshmi Multispeciality Hospital,Bengaluru Urban,N/A,N/A,N/A,N/A (Contact Clinic),General Healthcare & Rehab,N/A,N/A,N/A,"Rajalakshmi Multispeciality Hospital,  Bengaluru Urban, Bengaluru 560078",https://www.google.com/maps/search/Rajalakshmi%20Multispeciality%20Hospital%20Bengaluru%20Urban%20Bengaluru,OpenStreetMap Real Spatial Node
Manipal Hospital,Bengaluru Urban,N/A,N/A,N/A,N/A (Contact Clinic),General Healthcare & Rehab,N/A,N/A,N/A,"Manipal Hospital, Bengaluru Urban, Bengaluru, Karnataka",https://www.google.com/maps/search/Manipal%20Hospital%20Bengaluru%20Urban%20Bengaluru,OpenStreetMap Real Spatial Node
Isolation Hospital,Bengaluru Urban,N/A,N/A,N/A,N/A (Contact Clinic),General Healthcare & Rehab,N/A,N/A,N/A,"Isolation Hospital, Bengaluru Urban, Bengaluru, Karnataka",https://www.google.com/maps/search/Isolation%20Hospital%20Bengaluru%20Urban%20Bengaluru,OpenStreetMap Real Spatial Node
Employees' State Insurance Corporation Model Hospital,Bengaluru Urban,N/A,N/A,N/A,N/A (Contact Clinic),General Healthcare & Rehab,N/A,N/A,N/A,"Employees' State Insurance Corporation Model Hospital, Bengaluru Urban, Bengaluru, Karnataka",https://www.google.com/maps/search/Employees%27%20State%20Insurance%20Corporation%20Model%20Hospital%20Bengaluru%20Urban%20Bengaluru,OpenStreetMap Real Spatial Node
Dr. O'grady Health And Welfare Center,Bengaluru Urban,N/A,N/A,N/A,N/A (Contact Clinic),General Healthcare & Rehab,N/A,N/A,N/A,"Dr. O'grady Health And Welfare Center, Bengaluru Urban, Bengaluru, Karnataka",https://www.google.com/maps/search/Dr.%20O%27grady%20Health%20And%20Welfare%20Center%20Bengaluru%20Urban%20Bengaluru,OpenStreetMap Real Spatial Node
Ramaiah Memorial Hospital,Bengaluru Urban,N/A,N/A,N/A,N/A (Contact Clinic),General Healthcare & Rehab,N/A,N/A,N/A,"Ramaiah Memorial Hospital,  Bengaluru Urban, Bengaluru 560054",https://www.google.com/maps/search/Ramaiah%20Memorial%20Hospital%20Bengaluru%20Urban%20Bengaluru,OpenStreetMap Real Spatial Node
Hosmat Hospital,Bengaluru Urban,N/A,N/A,N/A,N/A (Contact Clinic),General Healthcare & Rehab,N/A,N/A,N/A,"Hosmat Hospital,  Bengaluru Urban, Bengaluru 560025",https://www.google.com/maps/search/Hosmat%20Hospital%20Bengaluru%20Urban%20Bengaluru,OpenStreetMap Real Spatial Node
Victoria Hospital,Bengaluru Urban,N/A,N/A,N/A,N/A (Contact Clinic),General Healthcare & Rehab,N/A,N/A,N/A,"Victoria Hospital, Bengaluru Urban, Bengaluru, Karnataka",https://www.google.com/maps/search/Victoria%20Hospital%20Bengaluru%20Urban%20Bengaluru,OpenStreetMap Real Spatial Node
Dasappa Maternity Hospital,Bengaluru Urban,N/A,N/A,N/A,N/A (Contact Clinic),General Healthcare & Rehab,N/A,N/A,N/A,"Dasappa Maternity Hospital,  Bengaluru Urban, Bengaluru 560002",https://www.google.com/maps/search/Dasappa%20Maternity%20Hospital%20Bengaluru%20Urban%20Bengaluru,OpenStreetMap Real Spatial Node
Narayana Hrudayalaya,Bengaluru Urban,N/A,N/A,N/A,N/A (Contact Clinic),General Healthcare & Rehab,N/A,N/A,N/A,"Narayana Hrudayalaya,  Bengaluru Urban, Bengaluru 560099",https://www.google.com/maps/search/Narayana%20Hrudayalaya%20Bengaluru%20Urban%20Bengaluru,OpenStreetMap Real Spatial Node
Mvj Hospital,Bengaluru Urban,N/A,N/A,N/A,N/A (Contact Clinic),General Healthcare & Rehab,N/A,N/A,N/A,"Mvj Hospital,  Bengaluru Rural, Bengaluru 562114",https://www.google.com/maps/search/Mvj%20Hospital%20Bengaluru%20Urban%20Bengaluru,OpenStreetMap Real Spatial Node
Kidwai Memorial Institute of Oncology,Bengaluru Urban,N/A,N/A,N/A,N/A (Contact Clinic),General Healthcare & Rehab,N/A,N/A,N/A,"Kidwai Memorial Institute of Oncology,  Bengaluru Urban, Bengaluru 560 029",https://www.google.com/maps/search/Kidwai%20Memorial%20Institute%20of%20Oncology%20Bengaluru%20Urban%20Bengaluru,OpenStreetMap Real Spatial Node
Bendiganahalli Primary Health Centre,Bengaluru Urban,N/A,N/A,N/A,N/A (Contact Clinic),General Healthcare & Rehab,N/A,N/A,N/A,"Bendiganahalli Primary Health Centre,  Bangalore Rural, Bengaluru 562135",https://www.google.com/maps/search/Bendiganahalli%20Primary%20Health%20Centre%20Bengaluru%20Urban%20Bengaluru,OpenStreetMap Real Spatial Node
Shri Krishna Sevashrama Hospital,Bengaluru Urban,N/A,N/A,N/A,N/A (Contact Clinic),General Healthcare & Rehab,N/A,N/A,N/A,"Shri Krishna Sevashrama Hospital,  Bengaluru Urban, Bengaluru 560041",https://www.google.com/maps/search/Shri%20Krishna%20Sevashrama%20Hospital%20Bengaluru%20Urban%20Bengaluru,OpenStreetMap Real Spatial Node
Lions Seva Hospital,Bengaluru Urban,N/A,N/A,N/A,N/A (Contact Clinic),General Healthcare & Rehab,N/A,N/A,N/A,"Lions Seva Hospital, Bengaluru Urban, Bengaluru, Karnataka",https://www.google.com/maps/search/Lions%20Seva%20Hospital%20Bengaluru%20Urban%20Bengaluru,OpenStreetMap Real Spatial Node
Sacred Oak,Bengaluru Urban,N/A,N/A,N/A,N/A (Contact Clinic),General Healthcare & Rehab,N/A,N/A,N/A,"Sacred Oak, ELECTRONI CITY MAIN ROAD , Bengaluru 560100",https://www.google.com/maps/search/Sacred%20Oak%20Bengaluru%20Urban%20Bengaluru,OpenStreetMap Real Spatial Node
Sreerampura Referal Hospital,Bengaluru Urban,N/A,N/A,N/A,N/A (Contact Clinic),General Healthcare & Rehab,N/A,N/A,N/A,"Sreerampura Referal Hospital,  Bengaluru Urban, Bengaluru 560010",https://www.google.com/maps/search/Sreerampura%20Referal%20Hospital%20Bengaluru%20Urban%20Bengaluru,OpenStreetMap Real Spatial Node
Apollo Speciality Hospital,Bengaluru Urban,N/A,N/A,N/A,N/A (Contact Clinic),General Healthcare & Rehab,N/A,N/A,N/A,"Apollo Speciality Hospital,  Bengaluru Urban, Bengaluru 560011",https://www.google.com/maps/search/Apollo%20Speciality%20Hospital%20Bengaluru%20Urban%20Bengaluru,OpenStreetMap Real Spatial Node
"Sevakshetra Hospital, Bengaluru Urban",Bengaluru Urban,N/A,N/A,N/A,N/A (Contact Clinic),General Healthcare & Rehab,N/A,N/A,N/A,"Sevakshetra Hospital, Bengaluru Urban, 27th Cross Bengaluru Urban, Bengaluru 560070",https://www.google.com/maps/search/Sevakshetra%20Hospital%2C%20Bengaluru%20Urban%20Bengaluru%20Urban%20Bengaluru,OpenStreetMap Real Spatial Node
"Fortis Hospitals Limited, Bengaluru Urban",Bengaluru Urban,N/A,N/A,N/A,N/A (Contact Clinic),General Healthcare & Rehab,N/A,N/A,N/A,"Fortis Hospitals Limited, Bengaluru Urban, Cunningham Road Bengaluru Urban, Bengaluru 560052",https://www.google.com/maps/search/Fortis%20Hospitals%20Limited%2C%20Bengaluru%20Urban%20Bengaluru%20Urban%20Bengaluru,OpenStreetMap Real Spatial Node
Institute of Ayurveda and Integrative Medicine (I-AIM),Bengaluru Urban,N/A,N/A,N/A,N/A (Contact Clinic),General Healthcare & Rehab,N/A,N/A,N/A,"Institute of Ayurveda and Integrative Medicine (I-AIM), Bengaluru Urban, Bengaluru, Karnataka",https://www.google.com/maps/search/Institute%20of%20Ayurveda%20and%20Integrative%20Medicine%20%28I-AIM%29%20Bengaluru%20Urban%20Bengaluru,OpenStreetMap Real Spatial Node
Sanjeevani Hospital,Bengaluru Urban,N/A,N/A,N/A,N/A (Contact Clinic),General Healthcare & Rehab,N/A,N/A,N/A,"Sanjeevani Hospital,  Bengaluru Urban, Bengaluru 560086",https://www.google.com/maps/search/Sanjeevani%20Hospital%20Bengaluru%20Urban%20Bengaluru,OpenStreetMap Real Spatial Node
Sanjay Gandhi Accident and Trauma Hospital,Bengaluru Urban,N/A,N/A,N/A,N/A (Contact Clinic),General Healthcare & Rehab,N/A,N/A,N/A,"Sanjay Gandhi Accident and Trauma Hospital, Bengaluru Urban, Bengaluru, Karnataka",https://www.google.com/maps/search/Sanjay%20Gandhi%20Accident%20and%20Trauma%20Hospital%20Bengaluru%20Urban%20Bengaluru,OpenStreetMap Real Spatial Node
NIMHANS De-Addiction Centre,Bengaluru Urban,N/A,N/A,N/A,N/A (Contact Clinic),General Healthcare & Rehab,N/A,N/A,N/A,"NIMHANS De-Addiction Centre, Bengaluru Urban, Bengaluru, Karnataka",https://www.google.com/maps/search/NIMHANS%20De-Addiction%20Centre%20Bengaluru%20Urban%20Bengaluru,OpenStreetMap Real Spatial Node
Psychiatric Project Wing,Bengaluru Urban,N/A,N/A,N/A,N/A (Contact Clinic),General Healthcare & Rehab,N/A,N/A,N/A,"Psychiatric Project Wing, Bengaluru Urban, Bengaluru, Karnataka",https://www.google.com/maps/search/Psychiatric%20Project%20Wing%20Bengaluru%20Urban%20Bengaluru,OpenStreetMap Real Spatial Node
Greenview Hospital,Bengaluru Urban,N/A,N/A,N/A,N/A (Contact Clinic),General Healthcare & Rehab,N/A,N/A,N/A,"Greenview Hospital, Bengaluru Urban, Bengaluru, Karnataka",https://www.google.com/maps/search/Greenview%20Hospital%20Bengaluru%20Urban%20Bengaluru,OpenStreetMap Real Spatial Node
Leprosy Hospital,Bengaluru Urban,N/A,N/A,N/A,N/A (Contact Clinic),General Healthcare & Rehab,N/A,N/A,N/A,"Leprosy Hospital, Bengaluru Urban, Bengaluru, Karnataka",https://www.google.com/maps/search/Leprosy%20Hospital%20Bengaluru%20Urban%20Bengaluru,OpenStreetMap Real Spatial Node
Nandi Clinic,Bengaluru Urban,N/A,N/A,N/A,N/A (Contact Clinic),General Healthcare & Rehab,N/A,N/A,N/A,"Nandi Clinic, Bengaluru Urban, Bengaluru, Karnataka",https://www.google.com/maps/search/Nandi%20Clinic%20Bengaluru%20Urban%20Bengaluru,OpenStreetMap Real Spatial Node
Ravi Kirloskar Memorial Hospital,Bengaluru Urban,N/A,N/A,N/A,N/A (Contact Clinic),General Healthcare & Rehab,N/A,N/A,N/A,"Ravi Kirloskar Memorial Hospital,  Bengaluru Urban, Bengaluru 560058",https://www.google.com/maps/search/Ravi%20Kirloskar%20Memorial%20Hospital%20Bengaluru%20Urban%20Bengaluru,OpenStreetMap Real Spatial Node
Endo Expert,Bengaluru Urban,N/A,N/A,N/A,N/A (Contact Clinic),General Healthcare & Rehab,N/A,N/A,N/A,"Endo Expert, 15th A Cross Road , Bengaluru",https://www.google.com/maps/search/Endo%20Expert%20Bengaluru%20Urban%20Bengaluru,OpenStreetMap Real Spatial Node
Amrutha Diagnostic Centre,Bengaluru Urban,N/A,N/A,N/A,N/A (Contact Clinic),General Healthcare & Rehab,N/A,N/A,N/A,"Amrutha Diagnostic Centre, 15th A Cross Road , Bengaluru",https://www.google.com/maps/search/Amrutha%20Diagnostic%20Centre%20Bengaluru%20Urban%20Bengaluru,OpenStreetMap Real Spatial Node
Arth Ayurveda World,Bengaluru Urban,N/A,N/A,N/A,N/A (Contact Clinic),General Healthcare & Rehab,N/A,N/A,N/A,"Arth Ayurveda World, 13th Main Road Bengaluru Urban, Bengaluru 560008",https://www.google.com/maps/search/Arth%20Ayurveda%20World%20Bengaluru%20Urban%20Bengaluru,OpenStreetMap Real Spatial Node
Sri Lakshmi Venkateshwara Hospital,Bengaluru Urban,N/A,N/A,N/A,N/A (Contact Clinic),General Healthcare & Rehab,N/A,N/A,N/A,"Sri Lakshmi Venkateshwara Hospital, Bengaluru Urban, Bengaluru, Karnataka",https://www.google.com/maps/search/Sri%20Lakshmi%20Venkateshwara%20Hospital%20Bengaluru%20Urban%20Bengaluru,OpenStreetMap Real Spatial Node
Prolife Hospital,Bengaluru Urban,N/A,N/A,N/A,N/A (Contact Clinic),General Healthcare & Rehab,N/A,N/A,N/A,"Prolife Hospital,  Bengaluru Urban, Bengaluru 560092",https://www.google.com/maps/search/Prolife%20Hospital%20Bengaluru%20Urban%20Bengaluru,OpenStreetMap Real Spatial Node
Cutis,Bengaluru Urban,N/A,N/A,N/A,N/A (Contact Clinic),General Healthcare & Rehab,N/A,N/A,N/A,"Cutis, Bengaluru Urban, Bengaluru, Karnataka",https://www.google.com/maps/search/Cutis%20Bengaluru%20Urban%20Bengaluru,OpenStreetMap Real Spatial Node
Metphi Clinic,Bengaluru Urban,N/A,N/A,N/A,N/A (Contact Clinic),General Healthcare & Rehab,N/A,N/A,N/A,"Metphi Clinic, 12th Main Road Bengaluru Urban, Bengaluru 560038",https://www.google.com/maps/search/Metphi%20Clinic%20Bengaluru%20Urban%20Bengaluru,OpenStreetMap Real Spatial Node
Amrik Hospital,Bengaluru Urban,N/A,N/A,N/A,N/A (Contact Clinic),General Healthcare & Rehab,N/A,N/A,N/A,"Amrik Hospital, Bengaluru Urban, Bengaluru, Karnataka",https://www.google.com/maps/search/Amrik%20Hospital%20Bengaluru%20Urban%20Bengaluru,OpenStreetMap Real Spatial Node
Apollo Pharmaceuticals,Bengaluru Urban,N/A,N/A,N/A,N/A (Contact Clinic),General Healthcare & Rehab,N/A,N/A,N/A,"Apollo Pharmaceuticals, Bengaluru Urban, Bengaluru, Karnataka",https://www.google.com/maps/search/Apollo%20Pharmaceuticals%20Bengaluru%20Urban%20Bengaluru,OpenStreetMap Real Spatial Node
Indicus,Bengaluru Urban,N/A,N/A,N/A,N/A (Contact Clinic),General Healthcare & Rehab,N/A,N/A,N/A,"Indicus, 2nd Cross Road , Bengaluru 560043",https://www.google.com/maps/search/Indicus%20Bengaluru%20Urban%20Bengaluru,OpenStreetMap Real Spatial Node
Shyamala Hospital,Bengaluru Urban,N/A,N/A,N/A,N/A (Contact Clinic),General Healthcare & Rehab,N/A,N/A,N/A,"Shyamala Hospital, Cambridge Road Bengaluru Urban, Bengaluru 560008",https://www.google.com/maps/search/Shyamala%20Hospital%20Bengaluru%20Urban%20Bengaluru,OpenStreetMap Real Spatial Node
Ways2Guide Speech Therapy Center,Bengaluru Urban,N/A,N/A,N/A,N/A (Contact Clinic),General Healthcare & Rehab,N/A,N/A,N/A,"Ways2Guide Speech Therapy Center, 3rd Cross Road, Vaikuntam Layout Bengaluru Urban, Bengaluru 560037",https://www.google.com/maps/search/Ways2Guide%20Speech%20Therapy%20Center%20Bengaluru%20Urban%20Bengaluru,OpenStreetMap Real Spatial Node
Kinder Women's Hospital & Fertility Center,Bengaluru Urban,N/A,N/A,N/A,N/A (Contact Clinic),General Healthcare & Rehab,N/A,N/A,N/A,"Kinder Women's Hospital & Fertility Center, Bengaluru Urban, Bengaluru, Karnataka",https://www.google.com/maps/search/Kinder%20Women%27s%20Hospital%20%26%20Fertility%20Center%20Bengaluru%20Urban%20Bengaluru,OpenStreetMap Real Spatial Node
Medicare Diagnostics,Bengaluru Urban,N/A,N/A,N/A,N/A (Contact Clinic),General Healthcare & Rehab,N/A,N/A,N/A,"Medicare Diagnostics, Bengaluru Urban, Bengaluru, Karnataka",https://www.google.com/maps/search/Medicare%20Diagnostics%20Bengaluru%20Urban%20Bengaluru,OpenStreetMap Real Spatial Node
Abhaya Hospital,Bengaluru Urban,N/A,N/A,N/A,N/A (Contact Clinic),General Healthcare & Rehab,N/A,N/A,N/A,"Abhaya Hospital,  Bengaluru Urban, Bengaluru 560027",https://www.google.com/maps/search/Abhaya%20Hospital%20Bengaluru%20Urban%20Bengaluru,OpenStreetMap Real Spatial Node
Tirumalai Eye Clinic,Bengaluru Urban,N/A,N/A,N/A,N/A (Contact Clinic),General Healthcare & Rehab,N/A,N/A,N/A,"Tirumalai Eye Clinic, Bengaluru Urban, Bengaluru, Karnataka",https://www.google.com/maps/search/Tirumalai%20Eye%20Clinic%20Bengaluru%20Urban%20Bengaluru,OpenStreetMap Real Spatial Node
Kairali Ayurvedic and Treatment Center,Bengaluru Urban,N/A,N/A,N/A,N/A (Contact Clinic),General Healthcare & Rehab,N/A,N/A,N/A,"Kairali Ayurvedic and Treatment Center, Hutting colony , Bengaluru",https://www.google.com/maps/search/Kairali%20Ayurvedic%20and%20Treatment%20Center%20Bengaluru%20Urban%20Bengaluru,OpenStreetMap Real Spatial Node
MS Diabetes Speciality Center,Bengaluru Urban,N/A,N/A,N/A,N/A (Contact Clinic),General Healthcare & Rehab,N/A,N/A,N/A,"MS Diabetes Speciality Center, Bengaluru Urban, Bengaluru, Karnataka",https://www.google.com/maps/search/MS%20Diabetes%20Speciality%20Center%20Bengaluru%20Urban%20Bengaluru,OpenStreetMap Real Spatial Node
Shashank Clinic,Bengaluru Urban,N/A,N/A,N/A,N/A (Contact Clinic),General Healthcare & Rehab,N/A,N/A,N/A,"Shashank Clinic, 5th Main Road Bengaluru Urban, Bengaluru 560011",https://www.google.com/maps/search/Shashank%20Clinic%20Bengaluru%20Urban%20Bengaluru,OpenStreetMap Real Spatial Node
BBMP Maternity Hospital,Bengaluru Urban,N/A,N/A,N/A,N/A (Contact Clinic),General Healthcare & Rehab,N/A,N/A,N/A,"BBMP Maternity Hospital, Bengaluru Urban, Bengaluru, Karnataka",https://www.google.com/maps/search/BBMP%20Maternity%20Hospital%20Bengaluru%20Urban%20Bengaluru,OpenStreetMap Real Spatial Node
Ramakrishna Clinic,Bengaluru Urban,N/A,N/A,N/A,N/A (Contact Clinic),General Healthcare & Rehab,N/A,N/A,N/A,"Ramakrishna Clinic, 4th Cross , Bengaluru",https://www.google.com/maps/search/Ramakrishna%20Clinic%20Bengaluru%20Urban%20Bengaluru,OpenStreetMap Real Spatial Node
SPARRC Institute,Bengaluru Urban,N/A,N/A,N/A,N/A (Contact Clinic),General Healthcare & Rehab,N/A,N/A,N/A,"SPARRC Institute, Bengaluru Urban, Bengaluru, Karnataka",https://www.google.com/maps/search/SPARRC%20Institute%20Bengaluru%20Urban%20Bengaluru,OpenStreetMap Real Spatial Node
Delta Diagnostic Lab,Bengaluru Urban,N/A,N/A,N/A,N/A (Contact Clinic),General Healthcare & Rehab,N/A,N/A,N/A,"Delta Diagnostic Lab, Bengaluru Urban, Bengaluru, Karnataka",https://www.google.com/maps/search/Delta%20Diagnostic%20Lab%20Bengaluru%20Urban%20Bengaluru,OpenStreetMap Real Spatial Node
Shubha Ayurvedic Center,Bengaluru Urban,N/A,N/A,N/A,N/A (Contact Clinic),General Healthcare & Rehab,N/A,N/A,N/A,"Shubha Ayurvedic Center, Bengaluru Urban, Bengaluru, Karnataka",https://www.google.com/maps/search/Shubha%20Ayurvedic%20Center%20Bengaluru%20Urban%20Bengaluru,OpenStreetMap Real Spatial Node
Supra Hospital,Bengaluru Urban,N/A,N/A,N/A,N/A (Contact Clinic),General Healthcare & Rehab,N/A,N/A,N/A,"Supra Hospital,  Bengaluru Urban, Bengaluru 560079",https://www.google.com/maps/search/Supra%20Hospital%20Bengaluru%20Urban%20Bengaluru,OpenStreetMap Real Spatial Node
GM Hospital,Bengaluru Urban,N/A,N/A,N/A,N/A (Contact Clinic),General Healthcare & Rehab,N/A,N/A,N/A,"GM Hospital, 8th Main, 3rd Stage , Bengaluru 560079",https://www.google.com/maps/search/GM%20Hospital%20Bengaluru%20Urban%20Bengaluru,OpenStreetMap Real Spatial Node
Amruth Ayurvedic Center,Bengaluru Urban,N/A,N/A,N/A,N/A (Contact Clinic),General Healthcare & Rehab,N/A,N/A,N/A,"Amruth Ayurvedic Center, Bengaluru Urban, Bengaluru, Karnataka",https://www.google.com/maps/search/Amruth%20Ayurvedic%20Center%20Bengaluru%20Urban%20Bengaluru,OpenStreetMap Real Spatial Node
Sakhi Hospital (A Unit Of Prasad Healthcare Services),Bengaluru Urban,N/A,N/A,N/A,N/A (Contact Clinic),General Healthcare & Rehab,N/A,N/A,N/A,"Sakhi Hospital (A Unit Of Prasad Healthcare Services),  Bengaluru Urban, Bengaluru 560076",https://www.google.com/maps/search/Sakhi%20Hospital%20%28A%20Unit%20Of%20Prasad%20Healthcare%20Services%29%20Bengaluru%20Urban%20Bengaluru,OpenStreetMap Real Spatial Node
Vagus Super Speciality Hospital,Bengaluru Urban,N/A,N/A,N/A,N/A (Contact Clinic),General Healthcare & Rehab,N/A,N/A,N/A,"Vagus Super Speciality Hospital, 18th Cross Road Bengaluru Urban, Bengaluru 560003",https://www.google.com/maps/search/Vagus%20Super%20Speciality%20Hospital%20Bengaluru%20Urban%20Bengaluru,OpenStreetMap Real Spatial Node
Manipal Hospitals,Bengaluru Urban,N/A,N/A,N/A,N/A (Contact Clinic),General Healthcare & Rehab,N/A,N/A,N/A,"Manipal Hospitals, Bengaluru Urban, Bengaluru, Karnataka",https://www.google.com/maps/search/Manipal%20Hospitals%20Bengaluru%20Urban%20Bengaluru,OpenStreetMap Real Spatial Node
Sharada Medicals,Bengaluru Urban,N/A,N/A,N/A,N/A (Contact Clinic),General Healthcare & Rehab,N/A,N/A,N/A,"Sharada Medicals, 8th E Main Road , Bengaluru 560043",https://www.google.com/maps/search/Sharada%20Medicals%20Bengaluru%20Urban%20Bengaluru,OpenStreetMap Real Spatial Node
Halasuru Referal Hospital,Bengaluru Urban,N/A,N/A,N/A,N/A (Contact Clinic),General Healthcare & Rehab,N/A,N/A,N/A,"Halasuru Referal Hospital,  Bengaluru Urban, Bengaluru 560008",https://www.google.com/maps/search/Halasuru%20Referal%20Hospital%20Bengaluru%20Urban%20Bengaluru,OpenStreetMap Real Spatial Node
CSI Hospital,Bengaluru Urban,N/A,N/A,N/A,N/A (Contact Clinic),General Healthcare & Rehab,N/A,N/A,N/A,"CSI Hospital,  Bengaluru Urban, Bengaluru 560051",https://www.google.com/maps/search/CSI%20Hospital%20Bengaluru%20Urban%20Bengaluru,OpenStreetMap Real Spatial Node
Sagar Hospitals,Bengaluru Urban,N/A,N/A,N/A,N/A (Contact Clinic),General Healthcare & Rehab,N/A,N/A,N/A,"Sagar Hospitals,  Bengaluru Urban, Bengaluru 560041",https://www.google.com/maps/search/Sagar%20Hospitals%20Bengaluru%20Urban%20Bengaluru,OpenStreetMap Real Spatial Node
Command Hospital (Air Force),Bengaluru Urban,N/A,N/A,N/A,N/A (Contact Clinic),General Healthcare & Rehab,N/A,N/A,N/A,"Command Hospital (Air Force),  Bengaluru Urban, Bengaluru 560007",https://www.google.com/maps/search/Command%20Hospital%20%28Air%20Force%29%20Bengaluru%20Urban%20Bengaluru,OpenStreetMap Real Spatial Node
Government Maternity Hospital,Bengaluru Urban,N/A,N/A,N/A,N/A (Contact Clinic),General Healthcare & Rehab,N/A,N/A,N/A,"Government Maternity Hospital, Bengaluru Urban, Bengaluru, Karnataka",https://www.google.com/maps/search/Government%20Maternity%20Hospital%20Bengaluru%20Urban%20Bengaluru,OpenStreetMap Real Spatial Node
Indira Gandhi Institute Of Child Health,Bengaluru Urban,N/A,N/A,N/A,N/A (Contact Clinic),General Healthcare & Rehab,N/A,N/A,N/A,"Indira Gandhi Institute Of Child Health,  Bengaluru Urban, Bengaluru 560029",https://www.google.com/maps/search/Indira%20Gandhi%20Institute%20Of%20Child%20Health%20Bengaluru%20Urban%20Bengaluru,OpenStreetMap Real Spatial Node
St. Theresa's Hospital,Bengaluru Urban,N/A,N/A,N/A,N/A (Contact Clinic),General Healthcare & Rehab,N/A,N/A,N/A,"St. Theresa's Hospital, Dr Rajkumar Road Bengaluru Urban, Bengaluru 560010",https://www.google.com/maps/search/St.%20Theresa%27s%20Hospital%20Bengaluru%20Urban%20Bengaluru,OpenStreetMap Real Spatial Node
Life Hospital,Bengaluru Urban,N/A,N/A,N/A,N/A (Contact Clinic),General Healthcare & Rehab,N/A,N/A,N/A,"Life Hospital, Bengaluru Urban, Bengaluru, Karnataka",https://www.google.com/maps/search/Life%20Hospital%20Bengaluru%20Urban%20Bengaluru,OpenStreetMap Real Spatial Node
South City Hospital,Bengaluru Urban,N/A,N/A,N/A,N/A (Contact Clinic),General Healthcare & Rehab,N/A,N/A,N/A,"South City Hospital, Bengaluru Urban, Bengaluru, Karnataka",https://www.google.com/maps/search/South%20City%20Hospital%20Bengaluru%20Urban%20Bengaluru,OpenStreetMap Real Spatial Node
touchwood,Bengaluru Urban,N/A,N/A,N/A,N/A (Contact Clinic),General Healthcare & Rehab,N/A,N/A,N/A,"touchwood, Bengaluru Urban, Bengaluru, Karnataka",https://www.google.com/maps/search/touchwood%20Bengaluru%20Urban%20Bengaluru,OpenStreetMap Real Spatial Node
Jayashree Pharmacy,Bengaluru Urban,N/A,N/A,N/A,N/A (Contact Clinic),General Healthcare & Rehab,N/A,N/A,N/A,"Jayashree Pharmacy, Bengaluru Urban, Bengaluru, Karnataka",https://www.google.com/maps/search/Jayashree%20Pharmacy%20Bengaluru%20Urban%20Bengaluru,OpenStreetMap Real Spatial Node
Sakra World,Bengaluru Urban,N/A,N/A,N/A,N/A (Contact Clinic),General Healthcare & Rehab,N/A,N/A,N/A,"Sakra World, Kariammana Agrahara Road , Bengaluru",https://www.google.com/maps/search/Sakra%20World%20Bengaluru%20Urban%20Bengaluru,OpenStreetMap Real Spatial Node
Rainbow Children's Hospital,Bengaluru Urban,N/A,N/A,N/A,N/A (Contact Clinic),General Healthcare & Rehab,N/A,N/A,N/A,"Rainbow Children's Hospital, Bengaluru Urban, Bengaluru, Karnataka",https://www.google.com/maps/search/Rainbow%20Children%27s%20Hospital%20Bengaluru%20Urban%20Bengaluru,OpenStreetMap Real Spatial Node
Agadi Hospital,Bengaluru Urban,N/A,N/A,N/A,N/A (Contact Clinic),General Healthcare & Rehab,N/A,N/A,N/A,"Agadi Hospital,  Bengaluru Urban, Bengaluru 560027",https://www.google.com/maps/search/Agadi%20Hospital%20Bengaluru%20Urban%20Bengaluru,OpenStreetMap Real Spatial Node
Punarjani Ayurvedic Multispeciality Hospital,Bengaluru Urban,N/A,N/A,N/A,N/A (Contact Clinic),General Healthcare & Rehab,N/A,N/A,N/A,"Punarjani Ayurvedic Multispeciality Hospital,  Bengaluru Urban, Bengaluru 560035",https://www.google.com/maps/search/Punarjani%20Ayurvedic%20Multispeciality%20Hospital%20Bengaluru%20Urban%20Bengaluru,OpenStreetMap Real Spatial Node
Sri Sri Ayurveda hospital,Bengaluru Urban,N/A,N/A,N/A,N/A (Contact Clinic),General Healthcare & Rehab,N/A,N/A,N/A,"Sri Sri Ayurveda hospital,  Bengaluru Rural, Bengaluru 560082",https://www.google.com/maps/search/Sri%20Sri%20Ayurveda%20hospital%20Bengaluru%20Urban%20Bengaluru,OpenStreetMap Real Spatial Node
Narayana Multispeciality Clinic,Bengaluru Urban,N/A,N/A,N/A,N/A (Contact Clinic),General Healthcare & Rehab,N/A,N/A,N/A,"Narayana Multispeciality Clinic, Bengaluru Urban, Bengaluru, Karnataka",https://www.google.com/maps/search/Narayana%20Multispeciality%20Clinic%20Bengaluru%20Urban%20Bengaluru,OpenStreetMap Real Spatial Node
Halasuru BBMP Primary Health Centre,Bengaluru Urban,N/A,N/A,N/A,N/A (Contact Clinic),General Healthcare & Rehab,N/A,N/A,N/A,"Halasuru BBMP Primary Health Centre, Bengaluru Urban, Bengaluru, Karnataka",https://www.google.com/maps/search/Halasuru%20BBMP%20Primary%20Health%20Centre%20Bengaluru%20Urban%20Bengaluru,OpenStreetMap Real Spatial Node
Medical Centre,Bengaluru Urban,N/A,N/A,N/A,N/A (Contact Clinic),General Healthcare & Rehab,N/A,N/A,N/A,"Medical Centre, Bengaluru Urban, Bengaluru, Karnataka",https://www.google.com/maps/search/Medical%20Centre%20Bengaluru%20Urban%20Bengaluru,OpenStreetMap Real Spatial Node
M C Modi Eye Hospital,Bengaluru Urban,N/A,N/A,N/A,N/A (Contact Clinic),General Healthcare & Rehab,N/A,N/A,N/A,"M C Modi Eye Hospital,  Bengaluru Urban, Bengaluru 560086",https://www.google.com/maps/search/M%20C%20Modi%20Eye%20Hospital%20Bengaluru%20Urban%20Bengaluru,OpenStreetMap Real Spatial Node
Nrr Hospital,Bengaluru Urban,N/A,N/A,N/A,N/A (Contact Clinic),General Healthcare & Rehab,N/A,N/A,N/A,"Nrr Hospital,  Bengaluru Rural, Bengaluru 560090",https://www.google.com/maps/search/Nrr%20Hospital%20Bengaluru%20Urban%20Bengaluru,OpenStreetMap Real Spatial Node
Shushrusha Hospital,Bengaluru Urban,N/A,N/A,N/A,N/A (Contact Clinic),General Healthcare & Rehab,N/A,N/A,N/A,"Shushrusha Hospital, Bengaluru Urban, Bengaluru, Karnataka",https://www.google.com/maps/search/Shushrusha%20Hospital%20Bengaluru%20Urban%20Bengaluru,OpenStreetMap Real Spatial Node
Deeksha Hospital,Bengaluru Urban,N/A,N/A,N/A,N/A (Contact Clinic),General Healthcare & Rehab,N/A,N/A,N/A,"Deeksha Hospital,  Bengaluru Urban, Bengaluru 560064",https://www.google.com/maps/search/Deeksha%20Hospital%20Bengaluru%20Urban%20Bengaluru,OpenStreetMap Real Spatial Node
Ashwini Hospital,Bengaluru Urban,N/A,N/A,N/A,N/A (Contact Clinic),General Healthcare & Rehab,N/A,N/A,N/A,"Ashwini Hospital,  Bengaluru Urban, Bengaluru 560084",https://www.google.com/maps/search/Ashwini%20Hospital%20Bengaluru%20Urban%20Bengaluru,OpenStreetMap Real Spatial Node
Town Hospital,Bengaluru Urban,N/A,N/A,N/A,N/A (Contact Clinic),General Healthcare & Rehab,N/A,N/A,N/A,"Town Hospital,  Bengaluru Urban, Bengaluru 562125",https://www.google.com/maps/search/Town%20Hospital%20Bengaluru%20Urban%20Bengaluru,OpenStreetMap Real Spatial Node
"PHC, Halanayakana Halli",Bengaluru Urban,N/A,N/A,N/A,N/A (Contact Clinic),General Healthcare & Rehab,N/A,N/A,N/A,"PHC, Halanayakana Halli,  Bangalore, Bengaluru 560035",https://www.google.com/maps/search/PHC%2C%20Halanayakana%20Halli%20Bengaluru%20Urban%20Bengaluru,OpenStreetMap Real Spatial Node
Kodathi Primary Health Centre,Bengaluru Urban,N/A,N/A,N/A,N/A (Contact Clinic),General Healthcare & Rehab,N/A,N/A,N/A,"Kodathi Primary Health Centre,  Bangalore, Bengaluru 560035",https://www.google.com/maps/search/Kodathi%20Primary%20Health%20Centre%20Bengaluru%20Urban%20Bengaluru,OpenStreetMap Real Spatial Node
Dental Health Clinic,Bengaluru Urban,N/A,N/A,N/A,N/A (Contact Clinic),General Healthcare & Rehab,N/A,N/A,N/A,"Dental Health Clinic, Hutchins Main Road , Bengaluru 560005",https://www.google.com/maps/search/Dental%20Health%20Clinic%20Bengaluru%20Urban%20Bengaluru,OpenStreetMap Real Spatial Node
Medico Pastoral Association Center for Mental Health,Bengaluru Urban,N/A,N/A,N/A,N/A (Contact Clinic),General Healthcare & Rehab,N/A,N/A,N/A,"Medico Pastoral Association Center for Mental Health, Pottery Road , Bengaluru 560005",https://www.google.com/maps/search/Medico%20Pastoral%20Association%20Center%20for%20Mental%20Health%20Bengaluru%20Urban%20Bengaluru,OpenStreetMap Real Spatial Node
Government Homeopathic Hospital,Bengaluru Urban,N/A,N/A,N/A,N/A (Contact Clinic),General Healthcare & Rehab,N/A,N/A,N/A,"Government Homeopathic Hospital, Bengaluru Urban, Bengaluru, Karnataka",https://www.google.com/maps/search/Government%20Homeopathic%20Hospital%20Bengaluru%20Urban%20Bengaluru,OpenStreetMap Real Spatial Node
Kanva Diagnostics,Bengaluru Urban,N/A,N/A,N/A,N/A (Contact Clinic),General Healthcare & Rehab,N/A,N/A,N/A,"Kanva Diagnostics, Bengaluru Urban, Bengaluru, Karnataka",https://www.google.com/maps/search/Kanva%20Diagnostics%20Bengaluru%20Urban%20Bengaluru,OpenStreetMap Real Spatial Node
Austin Town Maternity Home,Bengaluru Urban,N/A,N/A,N/A,N/A (Contact Clinic),General Healthcare & Rehab,N/A,N/A,N/A,"Austin Town Maternity Home, Bengaluru Urban, Bengaluru, Karnataka",https://www.google.com/maps/search/Austin%20Town%20Maternity%20Home%20Bengaluru%20Urban%20Bengaluru,OpenStreetMap Real Spatial Node
Sumanahalli,Bengaluru Urban,N/A,N/A,N/A,N/A (Contact Clinic),General Healthcare & Rehab,N/A,N/A,N/A,"Sumanahalli, Bengaluru Urban, Bengaluru, Karnataka",https://www.google.com/maps/search/Sumanahalli%20Bengaluru%20Urban%20Bengaluru,OpenStreetMap Real Spatial Node
Anand Diagnostic Lab,Bengaluru Urban,N/A,N/A,N/A,N/A (Contact Clinic),General Healthcare & Rehab,N/A,N/A,N/A,"Anand Diagnostic Lab, Bengaluru Urban, Bengaluru, Karnataka",https://www.google.com/maps/search/Anand%20Diagnostic%20Lab%20Bengaluru%20Urban%20Bengaluru,OpenStreetMap Real Spatial Node
Cloudnine,Bengaluru Urban,N/A,N/A,N/A,N/A (Contact Clinic),General Healthcare & Rehab,N/A,N/A,N/A,"Cloudnine, Bengaluru Urban, Bengaluru, Karnataka",https://www.google.com/maps/search/Cloudnine%20Bengaluru%20Urban%20Bengaluru,OpenStreetMap Real Spatial Node
Spandana,Bengaluru Urban,N/A,N/A,N/A,N/A (Contact Clinic),General Healthcare & Rehab,N/A,N/A,N/A,"Spandana, Bengaluru Urban, Bengaluru, Karnataka",https://www.google.com/maps/search/Spandana%20Bengaluru%20Urban%20Bengaluru,OpenStreetMap Real Spatial Node
BN Specialty Hospital,Bengaluru Urban,N/A,N/A,N/A,N/A (Contact Clinic),General Healthcare & Rehab,N/A,N/A,N/A,"BN Specialty Hospital, Bengaluru Urban, Bengaluru, Karnataka",https://www.google.com/maps/search/BN%20Specialty%20Hospital%20Bengaluru%20Urban%20Bengaluru,OpenStreetMap Real Spatial Node
Prakriya Hospital,Bengaluru Urban,N/A,N/A,N/A,N/A (Contact Clinic),General Healthcare & Rehab,N/A,N/A,N/A,"Prakriya Hospital, Bengaluru Urban, Bengaluru, Karnataka",https://www.google.com/maps/search/Prakriya%20Hospital%20Bengaluru%20Urban%20Bengaluru,OpenStreetMap Real Spatial Node
Apollo Cradle,Bengaluru Urban,N/A,N/A,N/A,N/A (Contact Clinic),General Healthcare & Rehab,N/A,N/A,N/A,"Apollo Cradle, Bengaluru Urban, Bengaluru, Karnataka",https://www.google.com/maps/search/Apollo%20Cradle%20Bengaluru%20Urban%20Bengaluru,OpenStreetMap Real Spatial Node
Charaka Super Speciality Hospital,Bengaluru Urban,N/A,N/A,N/A,N/A (Contact Clinic),General Healthcare & Rehab,N/A,N/A,N/A,"Charaka Super Speciality Hospital, Bengaluru Urban, Bengaluru, Karnataka",https://www.google.com/maps/search/Charaka%20Super%20Speciality%20Hospital%20Bengaluru%20Urban%20Bengaluru,OpenStreetMap Real Spatial Node
Jyothis Health Centre,Bengaluru Urban,N/A,N/A,N/A,N/A (Contact Clinic),General Healthcare & Rehab,N/A,N/A,N/A,"Jyothis Health Centre, Bengaluru Urban, Bengaluru, Karnataka",https://www.google.com/maps/search/Jyothis%20Health%20Centre%20Bengaluru%20Urban%20Bengaluru,OpenStreetMap Real Spatial Node
Phoenix Hospital,Bengaluru Urban,N/A,N/A,N/A,N/A (Contact Clinic),General Healthcare & Rehab,N/A,N/A,N/A,"Phoenix Hospital, Bengaluru Urban, Bengaluru, Karnataka",https://www.google.com/maps/search/Phoenix%20Hospital%20Bengaluru%20Urban%20Bengaluru,OpenStreetMap Real Spatial Node
Bhoomi Diagnostics,Bengaluru Urban,N/A,N/A,N/A,N/A (Contact Clinic),General Healthcare & Rehab,N/A,N/A,N/A,"Bhoomi Diagnostics, Bengaluru Urban, Bengaluru, Karnataka",https://www.google.com/maps/search/Bhoomi%20Diagnostics%20Bengaluru%20Urban%20Bengaluru,OpenStreetMap Real Spatial Node
Narayana Multispeciality Hospital,Bengaluru Urban,N/A,N/A,N/A,N/A (Contact Clinic),General Healthcare & Rehab,N/A,N/A,N/A,"Narayana Multispeciality Hospital,  Bengaluru Urban, Bengaluru 560102",https://www.google.com/maps/search/Narayana%20Multispeciality%20Hospital%20Bengaluru%20Urban%20Bengaluru,OpenStreetMap Real Spatial Node
Government Primary Health Center,Bengaluru Urban,N/A,N/A,N/A,N/A (Contact Clinic),General Healthcare & Rehab,N/A,N/A,N/A,"Government Primary Health Center, Bengaluru Urban, Bengaluru, Karnataka",https://www.google.com/maps/search/Government%20Primary%20Health%20Center%20Bengaluru%20Urban%20Bengaluru,OpenStreetMap Real Spatial Node
Oxford Medical College Hospital,Bengaluru Urban,N/A,N/A,N/A,N/A (Contact Clinic),General Healthcare & Rehab,N/A,N/A,N/A,"Oxford Medical College Hospital, Bengaluru Urban, Bengaluru, Karnataka",https://www.google.com/maps/search/Oxford%20Medical%20College%20Hospital%20Bengaluru%20Urban%20Bengaluru,OpenStreetMap Real Spatial Node
Miracle Hospital,Bengaluru Urban,N/A,N/A,N/A,N/A (Contact Clinic),General Healthcare & Rehab,N/A,N/A,N/A,"Miracle Hospital, Bengaluru Urban, Bengaluru, Karnataka",https://www.google.com/maps/search/Miracle%20Hospital%20Bengaluru%20Urban%20Bengaluru,OpenStreetMap Real Spatial Node
"UPHC, Viveknagar",Bengaluru Urban,N/A,N/A,N/A,N/A (Contact Clinic),General Healthcare & Rehab,N/A,N/A,N/A,"UPHC, Viveknagar, Bengaluru Urban, Bengaluru, Karnataka",https://www.google.com/maps/search/UPHC%2C%20Viveknagar%20Bengaluru%20Urban%20Bengaluru,OpenStreetMap Real Spatial Node
UPHC,Bengaluru Urban,N/A,N/A,N/A,N/A (Contact Clinic),General Healthcare & Rehab,N/A,N/A,N/A,"UPHC, Bengaluru Urban, Bengaluru, Karnataka",https://www.google.com/maps/search/UPHC%20Bengaluru%20Urban%20Bengaluru,OpenStreetMap Real Spatial Node
BBMP Maternity Home,Bengaluru Urban,N/A,N/A,N/A,N/A (Contact Clinic),General Healthcare & Rehab,N/A,N/A,N/A,"BBMP Maternity Home, Bengaluru Urban, Bengaluru, Karnataka",https://www.google.com/maps/search/BBMP%20Maternity%20Home%20Bengaluru%20Urban%20Bengaluru,OpenStreetMap Real Spatial Node
Sakalavara Community Mental Health Center,Bengaluru Urban,N/A,N/A,N/A,N/A (Contact Clinic),General Healthcare & Rehab,N/A,N/A,N/A,"Sakalavara Community Mental Health Center, Bengaluru Urban, Bengaluru, Karnataka",https://www.google.com/maps/search/Sakalavara%20Community%20Mental%20Health%20Center%20Bengaluru%20Urban%20Bengaluru,OpenStreetMap Real Spatial Node
Camillian Pastoral Health Centre,Bengaluru Urban,N/A,N/A,N/A,N/A (Contact Clinic),General Healthcare & Rehab,N/A,N/A,N/A,"Camillian Pastoral Health Centre, Bengaluru Urban, Bengaluru, Karnataka",https://www.google.com/maps/search/Camillian%20Pastoral%20Health%20Centre%20Bengaluru%20Urban%20Bengaluru,OpenStreetMap Real Spatial Node
Snehadaan Hospital,Bengaluru Urban,N/A,N/A,N/A,N/A (Contact Clinic),General Healthcare & Rehab,N/A,N/A,N/A,"Snehadaan Hospital, Bengaluru Urban, Bengaluru, Karnataka",https://www.google.com/maps/search/Snehadaan%20Hospital%20Bengaluru%20Urban%20Bengaluru,OpenStreetMap Real Spatial Node
Brahma Kumaris,Bengaluru Urban,N/A,N/A,N/A,N/A (Contact Clinic),General Healthcare & Rehab,N/A,N/A,N/A,"Brahma Kumaris, Bengaluru Urban, Bengaluru, Karnataka",https://www.google.com/maps/search/Brahma%20Kumaris%20Bengaluru%20Urban%20Bengaluru,OpenStreetMap Real Spatial Node
"UPHC, Devarajeevanahalli",Bengaluru Urban,N/A,N/A,N/A,N/A (Contact Clinic),General Healthcare & Rehab,N/A,N/A,N/A,"UPHC, Devarajeevanahalli, Bengaluru Urban, Bengaluru, Karnataka",https://www.google.com/maps/search/UPHC%2C%20Devarajeevanahalli%20Bengaluru%20Urban%20Bengaluru,OpenStreetMap Real Spatial Node
Center for Addiction Medicine,Bengaluru Urban,N/A,N/A,N/A,N/A (Contact Clinic),General Healthcare & Rehab,N/A,N/A,N/A,"Center for Addiction Medicine, Bengaluru Urban, Bengaluru, Karnataka",https://www.google.com/maps/search/Center%20for%20Addiction%20Medicine%20Bengaluru%20Urban%20Bengaluru,OpenStreetMap Real Spatial Node
SLN Medicals,Bengaluru Urban,N/A,N/A,N/A,N/A (Contact Clinic),General Healthcare & Rehab,N/A,N/A,N/A,"SLN Medicals, Bengaluru Urban, Bengaluru, Karnataka",https://www.google.com/maps/search/SLN%20Medicals%20Bengaluru%20Urban%20Bengaluru,OpenStreetMap Real Spatial Node
Metro Dental Care,Bengaluru Urban,N/A,N/A,N/A,N/A (Contact Clinic),General Healthcare & Rehab,N/A,N/A,N/A,"Metro Dental Care, Bengaluru Urban, Bengaluru, Karnataka",https://www.google.com/maps/search/Metro%20Dental%20Care%20Bengaluru%20Urban%20Bengaluru,OpenStreetMap Real Spatial Node
Jnana Sanjeevini,Bengaluru Urban,N/A,N/A,N/A,N/A (Contact Clinic),General Healthcare & Rehab,N/A,N/A,N/A,"Jnana Sanjeevini,  Bengaluru Urban, Bengaluru 560078",https://www.google.com/maps/search/Jnana%20Sanjeevini%20Bengaluru%20Urban%20Bengaluru,OpenStreetMap Real Spatial Node
Upadhya Ayurveda Health Care,Bengaluru Urban,N/A,N/A,N/A,N/A (Contact Clinic),General Healthcare & Rehab,N/A,N/A,N/A,"Upadhya Ayurveda Health Care, Bengaluru Urban, Bengaluru, Karnataka",https://www.google.com/maps/search/Upadhya%20Ayurveda%20Health%20Care%20Bengaluru%20Urban%20Bengaluru,OpenStreetMap Real Spatial Node
Anupamaa Hospital,Bengaluru Urban,N/A,N/A,N/A,N/A (Contact Clinic),General Healthcare & Rehab,N/A,N/A,N/A,"Anupamaa Hospital, Bengaluru Urban, Bengaluru, Karnataka",https://www.google.com/maps/search/Anupamaa%20Hospital%20Bengaluru%20Urban%20Bengaluru,OpenStreetMap Real Spatial Node
Central Ayurveda Research Institute,Bengaluru Urban,N/A,N/A,N/A,N/A (Contact Clinic),General Healthcare & Rehab,N/A,N/A,N/A,"Central Ayurveda Research Institute, Bengaluru Urban, Bengaluru, Karnataka",https://www.google.com/maps/search/Central%20Ayurveda%20Research%20Institute%20Bengaluru%20Urban%20Bengaluru,OpenStreetMap Real Spatial Node
Sankalp Blood Centre,Bengaluru Urban,N/A,N/A,N/A,N/A (Contact Clinic),General Healthcare & Rehab,N/A,N/A,N/A,"Sankalp Blood Centre, Bengaluru Urban, Bengaluru, Karnataka",https://www.google.com/maps/search/Sankalp%20Blood%20Centre%20Bengaluru%20Urban%20Bengaluru,OpenStreetMap Real Spatial Node
PESU HOSPITAL,Bengaluru Urban,N/A,N/A,N/A,N/A (Contact Clinic),General Healthcare & Rehab,N/A,N/A,N/A,"PESU HOSPITAL, Bengaluru Urban, Bengaluru, Karnataka",https://www.google.com/maps/search/PESU%20HOSPITAL%20Bengaluru%20Urban%20Bengaluru,OpenStreetMap Real Spatial Node
Vasavi Hospital,Bengaluru Urban,N/A,N/A,N/A,N/A (Contact Clinic),General Healthcare & Rehab,N/A,N/A,N/A,"Vasavi Hospital, Bengaluru Urban, Bengaluru, Karnataka",https://www.google.com/maps/search/Vasavi%20Hospital%20Bengaluru%20Urban%20Bengaluru,OpenStreetMap Real Spatial Node
Kumaraswamy Layout UPHC,Bengaluru Urban,N/A,N/A,N/A,N/A (Contact Clinic),General Healthcare & Rehab,N/A,N/A,N/A,"Kumaraswamy Layout UPHC, Bengaluru Urban, Bengaluru, Karnataka",https://www.google.com/maps/search/Kumaraswamy%20Layout%20UPHC%20Bengaluru%20Urban%20Bengaluru,OpenStreetMap Real Spatial Node
ESI Hospital Peenya,Bengaluru Urban,N/A,N/A,N/A,N/A (Contact Clinic),General Healthcare & Rehab,N/A,N/A,N/A,"ESI Hospital Peenya, Bengaluru Urban, Bengaluru, Karnataka",https://www.google.com/maps/search/ESI%20Hospital%20Peenya%20Bengaluru%20Urban%20Bengaluru,OpenStreetMap Real Spatial Node
Lakshmi Eye Clinic,Bengaluru Urban,N/A,N/A,N/A,N/A (Contact Clinic),General Healthcare & Rehab,N/A,N/A,N/A,"Lakshmi Eye Clinic, 15th A Cross Road , Bengaluru",https://www.google.com/maps/search/Lakshmi%20Eye%20Clinic%20Bengaluru%20Urban%20Bengaluru,OpenStreetMap Real Spatial Node
Tindlu Primary Health Centre,Bengaluru Urban,N/A,N/A,N/A,N/A (Contact Clinic),General Healthcare & Rehab,N/A,N/A,N/A,"Tindlu Primary Health Centre,  Bangalore, Bengaluru 560097",https://www.google.com/maps/search/Tindlu%20Primary%20Health%20Centre%20Bengaluru%20Urban%20Bengaluru,OpenStreetMap Real Spatial Node
Abhishek Nethradhama,Bengaluru Urban,N/A,N/A,N/A,N/A (Contact Clinic),General Healthcare & Rehab,N/A,N/A,N/A,"Abhishek Nethradhama, 15th A Cross Road , Bengaluru",https://www.google.com/maps/search/Abhishek%20Nethradhama%20Bengaluru%20Urban%20Bengaluru,OpenStreetMap Real Spatial Node
Rangadore Memorial Hospital,Bengaluru Urban,N/A,N/A,N/A,N/A (Contact Clinic),General Healthcare & Rehab,N/A,N/A,N/A,"Rangadore Memorial Hospital, DV Gundappa Road Bengaluru Urban, Bengaluru 560004",https://www.google.com/maps/search/Rangadore%20Memorial%20Hospital%20Bengaluru%20Urban%20Bengaluru,OpenStreetMap Real Spatial Node
Trustwell Hospitals,Bengaluru Urban,N/A,N/A,N/A,N/A (Contact Clinic),General Healthcare & Rehab,N/A,N/A,N/A,"Trustwell Hospitals, Jayachamaraja Wodeyar Road Bengaluru Urban, Bengaluru 560002",https://www.google.com/maps/search/Trustwell%20Hospitals%20Bengaluru%20Urban%20Bengaluru,OpenStreetMap Real Spatial Node
St. John's Health Centre,Bengaluru Urban,N/A,N/A,N/A,N/A (Contact Clinic),General Healthcare & Rehab,N/A,N/A,N/A,"St. John's Health Centre, Kanakapura Road Kaggalipura, Bengaluru 560082",https://www.google.com/maps/search/St.%20John%27s%20Health%20Centre%20Bengaluru%20Urban%20Bengaluru,OpenStreetMap Real Spatial Node
SS Laboratory,Bengaluru Urban,N/A,N/A,N/A,N/A (Contact Clinic),General Healthcare & Rehab,N/A,N/A,N/A,"SS Laboratory, Bengaluru Urban, Bengaluru, Karnataka",https://www.google.com/maps/search/SS%20Laboratory%20Bengaluru%20Urban%20Bengaluru,OpenStreetMap Real Spatial Node
Sri Vishveshathirtha Memorial Hospital,Bengaluru Urban,N/A,N/A,N/A,N/A (Contact Clinic),General Healthcare & Rehab,N/A,N/A,N/A,"Sri Vishveshathirtha Memorial Hospital, Bengaluru Urban, Bengaluru, Karnataka",https://www.google.com/maps/search/Sri%20Vishveshathirtha%20Memorial%20Hospital%20Bengaluru%20Urban%20Bengaluru,OpenStreetMap Real Spatial Node
BBMP Health Centre,Bengaluru Urban,N/A,N/A,N/A,N/A (Contact Clinic),General Healthcare & Rehab,N/A,N/A,N/A,"BBMP Health Centre, Bengaluru Urban, Bengaluru, Karnataka",https://www.google.com/maps/search/BBMP%20Health%20Centre%20Bengaluru%20Urban%20Bengaluru,OpenStreetMap Real Spatial Node
Klinik Guhen - Dental Clinic,Bengaluru Urban,N/A,N/A,N/A,N/A (Contact Clinic),General Healthcare & Rehab,N/A,N/A,N/A,"Klinik Guhen - Dental Clinic, Haralur Main Road Karnataka, Bengaluru 560102",https://www.google.com/maps/search/Klinik%20Guhen%20-%20Dental%20Clinic%20Bengaluru%20Urban%20Bengaluru,OpenStreetMap Real Spatial Node
Medical Mission Secular Institute,Bengaluru Urban,N/A,N/A,N/A,N/A (Contact Clinic),General Healthcare & Rehab,N/A,N/A,N/A,"Medical Mission Secular Institute, Bengaluru Urban, Bengaluru, Karnataka",https://www.google.com/maps/search/Medical%20Mission%20Secular%20Institute%20Bengaluru%20Urban%20Bengaluru,OpenStreetMap Real Spatial Node
Sumanahalli Support Community Care Center,Bengaluru Urban,N/A,N/A,N/A,N/A (Contact Clinic),General Healthcare & Rehab,N/A,N/A,N/A,"Sumanahalli Support Community Care Center, Bengaluru Urban, Bengaluru, Karnataka",https://www.google.com/maps/search/Sumanahalli%20Support%20Community%20Care%20Center%20Bengaluru%20Urban%20Bengaluru,OpenStreetMap Real Spatial Node
Vimalaya Hospital,Bengaluru Urban,N/A,N/A,N/A,N/A (Contact Clinic),General Healthcare & Rehab,N/A,N/A,N/A,"Vimalaya Hospital, Hosur Road , Bengaluru 560100",https://www.google.com/maps/search/Vimalaya%20Hospital%20Bengaluru%20Urban%20Bengaluru,OpenStreetMap Real Spatial Node
Vignan Hospital,Bengaluru Urban,N/A,N/A,N/A,N/A (Contact Clinic),General Healthcare & Rehab,N/A,N/A,N/A,"Vignan Hospital, Bengaluru Urban, Bengaluru, Karnataka",https://www.google.com/maps/search/Vignan%20Hospital%20Bengaluru%20Urban%20Bengaluru,OpenStreetMap Real Spatial Node
Aarogya Hastha Hospital,Bengaluru Urban,N/A,N/A,N/A,N/A (Contact Clinic),General Healthcare & Rehab,N/A,N/A,N/A,"Aarogya Hastha Hospital, Bengaluru Urban, Bengaluru, Karnataka",https://www.google.com/maps/search/Aarogya%20Hastha%20Hospital%20Bengaluru%20Urban%20Bengaluru,OpenStreetMap Real Spatial Node
Sukino,Bengaluru Urban,N/A,N/A,N/A,N/A (Contact Clinic),General Healthcare & Rehab,N/A,N/A,N/A,"Sukino, Rayasandra Main Road Bengaluru, Bengaluru 560099",https://www.google.com/maps/search/Sukino%20Bengaluru%20Urban%20Bengaluru,OpenStreetMap Real Spatial Node
Kaggalipura Government Hospital,Bengaluru Urban,N/A,N/A,N/A,N/A (Contact Clinic),General Healthcare & Rehab,N/A,N/A,N/A,"Kaggalipura Government Hospital,  Bangalore, Bengaluru",https://www.google.com/maps/search/Kaggalipura%20Government%20Hospital%20Bengaluru%20Urban%20Bengaluru,OpenStreetMap Real Spatial Node
SPS Surgicals,Bengaluru Urban,N/A,N/A,N/A,N/A (Contact Clinic),General Healthcare & Rehab,N/A,N/A,N/A,"SPS Surgicals, Bengaluru Urban, Bengaluru, Karnataka",https://www.google.com/maps/search/SPS%20Surgicals%20Bengaluru%20Urban%20Bengaluru,OpenStreetMap Real Spatial Node
Urban Primary Health Centre,Bengaluru Urban,N/A,N/A,N/A,N/A (Contact Clinic),General Healthcare & Rehab,N/A,N/A,N/A,"Urban Primary Health Centre,  Bengaluru Urban, Bengaluru 560070",https://www.google.com/maps/search/Urban%20Primary%20Health%20Centre%20Bengaluru%20Urban%20Bengaluru,OpenStreetMap Real Spatial Node
